000000000000001f00002000
000000040000001e00002000
000000080000001e00002200
0000000c000000013ceb4000
00000010000000013ceb3ffd
000000140000000297b75000
000000180000000297b75092
0000001c000000038b52a000
00000020000000038b529b4a
000000240000000421636000
000000280000000421636369
0000002c000000055eb56000
00000030000000055eb561a4
0000003400000006ea7b6000
0000003800000006ea7b5bf5
0000003c000000079a9a8000
00000040000000079a9a80fd
0000004400000008795b9000
0000004800000008795b929e
0000004c00000009a02f3000
0000005000000009a02f34a6
000000540000000a94b2c000
000000580000000a94b2b8fd
0000005c0000000b10c68000
000000600000000b10c67fd9
000000640000000c9b089000
000000680000000c9b08923d
0000006c0000000d035f0000
000000700000000d035efa25
000000740000000ee8a85000
000000780000000ee8a8529f
0000007c0000000fd6646000
000000800000000fd6645fa9
0000008400000010781fa000
0000008800000010781f9c58
0000008c0000001142650000
000000900000001142650644
00000094000000128d004000
00000098000000128d0038ec
0000009c000000133bfd2000
000000a0000000133bfd1d33
000000a40000001431162000
000000a80000001431162427
000000ac00000015fee29000
000000b000000015fee29476
000000b400000016b7970000
000000b800000016b7970386
000000bc0000001778633000
000000c00000001778633074
000000c40000001800000002
000000c80000001200000000
000000cc0000001100000800
000000d00000001d00000004
000000d40000000200000000
000000d80000001300000000
000000dc0000001600000001
000000e00000000000000000
000000e40000000000000000
000000e80000001d00000003
000000ec0000000000000000
000000d40000000200000000
000000d80000001300000000
000000dc0000001600000001
000000e00000000000000000
000000e40000000000000000
000000e80000001d00000002
000000ec0000000000000000
000000d40000000200000000
000000d80000001300000000
000000dc0000001600000001
000000e00000000000000000
000000e40000000000000000
000000e80000001d00000001
000000ec0000000000000000
000000d40000000200000000
000000d80000001300000000
000000dc0000001600000001
000000e00000000000000000
000000e40000000000000000
000000e80000001d00000000
000000ec0000000000000000
000000f00000001000022000
000000f400000005ffffffff
000000f800000002ffffff8e
000000fc0000000000000000
000001000000000000000000
000001100000000000000000
000001140000000c00002800
0000011800000001879cc874
0000011c0000000cd805f000
000001200000000a06e44120
000001240000000000000000
000001280000000000000000
0000012c00000009f7767faf
0000013000000015ffffa9ed
000001340000001c00000003
000001380000001a00000001
0000013c0000001a00000008
000001400000001b00000140
000001440000001b00000148
000001480000000000000000
000001540000001900000003
000001580000000000000000
0000015c0000001c00000002
000001600000000000000000
000001380000001a00000000
0000013c0000001a00000000
000001400000001b00000140
000001440000001b00000140
000001480000000000000000
0000014c0000001900000004
000001500000000000000000
0000015c0000001c00000001
000001600000000000000000
000001380000001a00000001
0000013c0000001a00000008
000001400000001b00000140
000001440000001b00000148
000001480000000000000000
000001540000001900000007
000001580000000000000000
0000015c0000001c00000000
000001600000000000000000
0000016400000015035efa25
000001680000000700000000
0000016c0000001100000800
000001700000000000000000
0000017400000017d631e000
000001780000001d00000006
0000017c0000001100000000
000001800000000200000000
000001840000000600000001
0000018800000004015a9204
0000018c0000000280000000
000001900000000000000000
000001940000001d00000005
000001980000000000000000
0000017c0000001100000000
000001800000000200000000
000001840000000600000001
0000018800000004015a9204
0000018c0000000280000000
000001900000000000000000
000001940000001d00000004
000001980000000000000000
0000017c0000001100000000
000001800000000200000000
000001840000000600000001
0000018800000004015a9204
0000018c0000000280000000
000001900000000000000000
000001940000001d00000003
000001980000000000000000
0000017c0000001100000000
000001800000000200000000
000001840000000600000001
0000018800000004015a9204
0000018c0000000280000000
000001900000000000000000
000001940000001d00000002
000001980000000000000000
0000017c0000001100000000
000001800000000200000000
000001840000000600000001
0000018800000004015a9204
0000018c0000000280000000
000001900000000000000000
000001940000001d00000001
000001980000000000000000
0000017c0000001100000000
000001800000000200000000
000001840000000600000001
0000018800000004015a9204
0000018c0000000280000000
000001900000000000000000
000001940000001d00000000
000001980000000000000000
0000019c00000001000001a0
000001a400000006d6645fa9
000001a80000000000000000
000001a00000000000000000
000001ac0000000111f708ac
000001b00000000000000000
000001b40000001c00000003
000001b80000001a00000001
000001bc0000001a00000008
000001c00000001b000001c0
000001c40000001b000001c8
000001c800000001000001cc
000001d4000000190000000a
000001d80000000000000000
000001dc0000001c00000002
000001e00000000000000000
000001b80000001a00000000
000001bc0000001a00000000
000001c00000001b000001c0
000001c40000001b000001c0
000001c800000001000001cc
000001cc000000190000000b
000001d00000000000000000
000001dc0000001c00000001
000001e00000000000000000
000001b80000001a00000001
000001bc0000001a00000008
000001c00000001b000001c0
000001c40000001b000001c8
000001c800000001000001cc
000001d4000000190000000e
000001d80000000000000000
000001dc0000001c00000000
000001e00000000000000000
000001e40000000b015a9205
000001e80000000000000000
000001ec0000001d00000005
000001f00000000680000001
000001f40000000e00000022
000001f80000000e000001c9
000001fc0000001700000000
000002000000000000000000
000002040000001d00000004
000002080000000000000000
000001f00000000680000001
000001f40000000e00000022
000001f80000000e000001c8
000001fc0000001700000000
000002000000000000000000
000002040000001d00000003
000002080000000000000000
000001f00000000680000001
000001f40000000e00000022
000001f80000000e000001cf
000001fc0000001700000000
000002000000000000000000
000002040000001d00000002
000002080000000000000000
000001f00000000680000001
000001f40000000e00000022
000001f80000000e000001ce
000001fc0000001700000000
000002000000000000000000
000002040000001d00000001
000002080000000000000000
000001f00000000680000001
000001f40000000e00000022
000001f80000000e000001cd
000001fc0000001700000000
000002000000000000000000
000002040000001d00000000
000002080000000000000000
0000020c0000000000000000
000002100000001200000000
0000021400000011ffffffff
000002180000000b00000000
0000021c00000002b322fd48
000002200000001300000001
000002240000000000000000
000002380000000bfffff9cd
0000023c0000000900000880
000002400000000500000000
000002440000001c00000005
000002480000001a00000001
0000024c0000001a00000008
000002500000001b00000250
000002540000001b00000258
000002580000000000000000
000002640000001900000011
000002680000000000000000
0000026c0000001c00000004
000002700000000000000000
000002480000001a00000000
0000024c0000001a00000000
000002500000001b00000250
000002540000001b00000250
000002580000000000000000
0000025c0000001900000012
000002600000000000000000
0000026c0000001c00000003
000002700000000000000000
000002480000001a00000001
0000024c0000001a00000008
000002500000001b00000250
000002540000001b00000258
000002580000000000000000
000002640000001900000015
000002680000000000000000
0000026c0000001c00000002
000002700000000000000000
000002480000001a00000000
0000024c0000001a00000000
000002500000001b00000250
000002540000001b00000250
000002580000000000000000
0000025c0000001900000016
000002600000000000000000
0000026c0000001c00000001
000002700000000000000000
000002480000001a00000001
0000024c0000001a00000008
000002500000001b00000250
000002540000001b00000258
000002580000000000000000
000002640000001900000019
000002680000000000000000
0000026c0000001c00000000
000002700000000000000000
000002740000000300000001
000002780000000000000000
00000280000000028b121380
000002840000000a8b121380
000002880000000d00000000
0000028c0000001200000000
00000290000000174ba81000
000002940000000000000000
000002a40000000000000000
000002b80000001300000800
000002bc0000000000000000
000002d00000001d00000002
000002d40000000800002000
000002d80000001100000000
000002dc0000000500000001
000002e000000014000001cc
000002e40000000b00002001
000002e80000000b00000000
000002ec0000001d00000001
000002f00000000000000000
000002d40000000800002000
000002d80000001100000000
000002dc0000000500000000
000002e000000014000001cc
000002e40000000b00002001
000002e80000000b00000000
000002ec0000001d00000000
000002f00000000000000000
000002f40000001d00000004
000002f80000000388001000
000002fc0000001700000200
000003000000000afffff9cc
000003040000000f8b121380
000003080000001d00000003
0000030c0000000000000000
000002f800000003d805f000
000002fc0000001700000200
000003000000000afffff9cc
000003040000000f8b121380
000003080000001d00000002
0000030c0000000000000000
000002f800000003d805f000
000002fc0000001700000200
000003000000000afffff9cc
000003040000000f8b121380
000003080000001d00000001
0000030c0000000000000000
000002f800000003d805f000
000002fc0000001700000200
000003000000000afffff9cc
000003040000000f8b121380
000003080000001d00000000
0000030c0000000000000000
000003100000000800000000
0000031400000007fffff9cc
000003180000001500000000
0000031c00000006fffffff6
000003200000000000000000
0000032c0000000400000000
000003300000001d00000002
00000334000000108b121380
000003380000000c000001cc
0000033c0000000300000000
000003400000001d00000001
000003440000000000000000
00000334000000108b121380
000003380000000c000001cc
0000033c0000000300000000
000003400000001d00000000
000003440000000000000000
000003480000000200002200
0000034c0000000000000000
000003500000001000002201
000003540000000a00000008
000003580000001200000000
0000035c0000001c00000004
000003600000001a00000000
000003640000001a00000000
000003680000001b00000368
0000036c0000001b00000368
000003700000000000000000
00000374000000190000001a
000003780000000000000000
000003840000001c00000003
000003880000000000000000
000003600000001a00000001
000003640000001a00000008
000003680000001b00000368
0000036c0000001b00000370
000003700000000000000000
0000037c000000190000001d
000003800000000000000000
000003840000001c00000002
000003880000000000000000
000003600000001a00000000
000003640000001a00000000
000003680000001b00000368
0000036c0000001b00000368
000003700000000000000000
00000374000000190000001e
000003780000000000000000
000003840000001c00000001
000003880000000000000000
000003600000001a00000001
000003640000001a00000008
000003680000001b00000368
0000036c0000001b00000370
000003700000000000000000
0000037c0000001900000021
000003800000000000000000
000003840000001c00000000
000003880000000000000000
0000038c0000001700000000
000003900000001400000001
000003940000000000000000
0000039c00000001000003a0
000003a40000000a000003a0
000003a800000001000003ac
000003b80000000b000003ac
000003bc00000001000003c0
000003cc0000000c000003c0
000003d000000001000003d4
000003e00000000d000003d4
000003e400000001000003e8
000003f40000000e000003e8
000003f800000001000003fc
000004080000000f000003fc
0000040c0000000100000410
0000041c0000001000000410
000004200000000100000424
0000043000000005df27b000
000004340000000000000000
000004240000000000000000
000004280000000100000410
0000042c0000000000000000
000004100000000500000001
0000041400000001000003fc
000004180000000000000000
000003fc00000005890423fc
0000040000000001000003e8
000004040000000000000000
000003e80000000200000000
000003ec00000001000003d4
000003f00000000000000000
000003d40000000300000000
000003d800000001000003c0
000003dc0000000000000000
000003c00000000860000000
000003c400000001000003ac
000003c80000000000000000
000003ac0000000900000000
000003b000000001000003a0
000003b40000000000000000
000003a00000000000000000
000004380000000000000000
0000043c00000014fffffffe
000004400000001500000000
000004440000000311273444
0000044800000014ffffffd8
0000044c0000000300000000
000004500000001d00000005
000004540000001400000001
000004580000001400000000
0000045c000000064b571000
000004600000001100000001
000004640000000900000000
000004680000000700000000
0000046c0000001d00000004
000004700000000000000000
000004540000001400000001
000004580000001400000000
0000045c000000064b571000
000004600000001100000001
000004640000000900000000
000004680000000700000000
0000046c0000001d00000003
000004700000000000000000
000004540000001400000001
000004580000001400000000
0000045c000000064b571000
000004600000001100000001
000004640000000900000000
000004680000000700000000
0000046c0000001d00000002
000004700000000000000000
000004540000001400000001
000004580000001400000000
0000045c000000064b571000
000004600000001100000001
000004640000000900000000
000004680000000700000000
0000046c0000001d00000001
000004700000000000000000
000004540000001400000001
000004580000001400000000
0000045c000000064b571000
000004600000001100000001
000004640000000900000000
000004680000000700000000
0000046c0000001d00000000
000004700000000000000000
0000047400000007b34ef000
000004780000000d00000000
0000047c0000000000000000
000004800000000a00000000
000004840000000100000000
0000048800000011000001ff
0000048c0000000100000000
000004900000000cffffe000
000004940000000100000498
0000049c0000001500000000
000004a00000000000000000
000004980000000000000000
000004a40000000000000000
000004b80000000000000000
000004bc0000000000000000
000004c00000000f00000000
000004c40000001100000001
000004c80000001401000000
000004cc0000000900800000
000004d00000001000000000
000004d40000000d01000000
000004d80000000d00000000
000004dc0000000000000000
000004e00000000000000000
000004e80000000000000000
000004ec0000000000000000
000004f80000000100000001
000004fc0000000000000000
000005000000000c00000000
000005040000000ffffff808
000005080000000000000000
0000050c0000000760000001
000005100000000100000514
000005180000000a00000514
0000051c0000000100000520
0000052c0000000900000001
000005300000000000000000
000005200000001500000000
000005240000000100000514
000005280000000000000000
000005140000000000000000
000005340000001100000000
000005380000000000000000
0000053c000000043fa5a000
000005400000000900000001
000005440000000e00000370
000005480000000300000000
0000054c0000000100000550
000005540000000a00000550
00000558000000010000055c
000005680000000b0000055c
0000056c0000000100000570
0000057c0000000c00000570
000005800000000100000584
000005900000000d00000584
000005940000000100000598
000005a40000000e00000598
000005a800000001000005ac
000005b80000000f000005ac
000005bc00000001000005c0
000005cc0000001400000003
000005d00000000000000000
000005c00000001700000584
000005c400000001000005ac
000005c80000000000000000
000005ac00000014d412c000
000005b00000000100000598
000005b40000000000000000
000005980000000300000001
0000059c0000000100000584
000005a00000000000000000
000005840000000700000598
000005880000000100000570
0000058c0000000000000000
000005700000000000000000
00000574000000010000055c
000005780000000000000000
0000055c0000001700000000
000005600000000100000550
000005640000000000000000
000005500000000000000000
000005d400000006ffff8904
000005d80000000600000000
000005dc0000000e08000000
000005e00000000b3fa5a000
000005e40000000000000000
000005ec0000000000000000
000005f40000000000000000
000006000000001c00000005
000006040000001a00000001
000006080000001a00000008
0000060c0000001b0000060c
000006100000001b00000614
000006140000000000000000
000006200000001900000024
000006240000000000000000
000006280000001c00000004
0000062c0000000000000000
000006040000001a00000000
000006080000001a00000000
0000060c0000001b0000060c
000006100000001b0000060c
000006140000000000000000
000006180000001900000025
0000061c0000000000000000
000006280000001c00000003
0000062c0000000000000000
000006040000001a00000001
000006080000001a00000008
0000060c0000001b0000060c
000006100000001b00000614
000006140000000000000000
000006200000001900000028
000006240000000000000000
000006280000001c00000002
0000062c0000000000000000
000006040000001a00000000
000006080000001a00000000
0000060c0000001b0000060c
000006100000001b0000060c
000006140000000000000000
000006180000001900000029
0000061c0000000000000000
000006280000001c00000001
0000062c0000000000000000
000006040000001a00000001
000006080000001a00000008
0000060c0000001b0000060c
000006100000001b00000614
000006140000000000000000
00000620000000190000002c
000006240000000000000000
000006280000001c00000000
0000062c0000000000000000
000006300000000000000000
0000063400000002d412a000
00000638000000083fa5a000
0000063c0000000b00000580
000006400000000600000000
0000064400000016ffffffd3
000006480000001200000001
0000064c0000000e00000000
000006500000001400002780
000006540000000500000000
000006580000001c00000004
0000065c0000001a00000000
000006600000001a00000000
000006640000001b00000664
000006680000001b00000664
0000066c0000000000000000
00000670000000190000002d
000006740000000000000000
000006800000001c00000003
000006840000000000000000
0000065c0000001a00000001
000006600000001a00000008
000006640000001b00000664
000006680000001b0000066c
0000066c0000000000000000
000006780000001900000030
0000067c0000000000000000
000006800000001c00000002
000006840000000000000000
0000065c0000001a00000000
000006600000001a00000000
000006640000001b00000664
000006680000001b00000664
0000066c0000000000000000
000006700000001900000031
000006740000000000000000
000006800000001c00000001
000006840000000000000000
0000065c0000001a00000001
000006600000001a00000008
000006640000001b00000664
000006680000001b0000066c
0000066c0000000000000000
000006780000001900000034
0000067c0000000000000000
000006800000001c00000000
000006840000000000000000
00000688000000010000068c
000006900000000a0000068c
000006940000000100000698
000006a40000000b00000698
000006a800000001000006ac
000006b80000000c000006ac
000006bc00000001000006c0
000006cc0000000d000006c0
000006d000000001000006d4
000006e00000000e000006d4
000006e400000001000006e8
000006f40000000f000006e8
000006f800000001000006fc
0000070800000010000006fc
0000070c0000000100000710
0000071c0000001400000000
000007200000000000000000
000007100000000900000000
0000071400000001000006fc
000007180000000000000000
000006fc000000149b443000
0000070000000001000006e8
000007040000000000000000
000006e80000001700000000
000006ec00000001000006d4
000006f00000000000000000
000006d40000001700000001
000006d800000001000006c0
000006dc0000000000000000
000006c00000000800000001
000006c400000001000006ac
000006c80000000000000000
000006ac0000001400000952
000006b00000000100000698
000006b40000000000000000
000006980000000700000000
0000069c000000010000068c
000006a00000000000000000
0000068c0000000000000000
000007240000000b40000000
000007280000000e00000001
0000072c00000011000006ad
000007300000001d00000003
000007340000000b00000000
000007380000000400000000
0000073c0000000900000000
000007400000000a000006ab
000007440000001521911744
000007480000001100000360
0000074c0000001d00000002
000007500000000000000000
000007340000000b00000000
000007380000000400000000
0000073c0000000900000000
000007400000000a0000035e
000007440000001521911744
000007480000001100000360
0000074c0000001d00000001
000007500000000000000000
000007340000000b00000000
000007380000000400000000
0000073c0000000900000000
000007400000000a0000035e
000007440000001521911744
000007480000001100000360
0000074c0000001d00000000
000007500000000000000000
000007540000000326412000
000007580000000be0000000
0000075c0000000100000760
000007640000000a00000760
00000768000000010000076c
000007780000000b0000076c
0000077c0000000100000780
0000078c0000001600000008
000007900000000000000000
0000078000000016fffff904
00000784000000010000076c
000007880000000000000000
0000076c0000000300000001
000007700000000100000760
000007740000000000000000
000007600000000000000000
000007940000000c00000000
000007980000000800000000
0000079c0000000000000000
000007a00000000d00000740
000007a400000009000001de
000007a80000000000000000
000007ac0000000a00000761
000007b00000001000000000
000007b40000001400000000
000007b80000000afffff7ff
000007bc0000000000000000
000007c000000016000006e8
000007c400000011fffff7ff
000007c80000001100000000
000007cc00000001000007d0
000007d40000000a000007d0
000007d800000001000007dc
000007e80000000b000007dc
000007ec00000001000007f0
000007fc0000000c000007f0
000008000000000100000804
000008100000000d00000804
000008140000000100000818
000008240000000e00000818
00000828000000010000082c
000008380000000f0000082c
0000083c0000000100000840
0000084c00000008c0474000
000008500000000000000000
000008400000000400000000
00000844000000010000082c
000008480000000000000000
0000082c0000000200000000
000008300000000100000818
000008340000000000000000
000008180000000800002201
0000081c0000000100000804
000008200000000000000000
0000080400000007f4f27000
0000080800000001000007f0
0000080c0000000000000000
000007f00000000934a0f000
000007f400000001000007dc
000007f80000000000000000
000007dc0000001610c88ba2
000007e000000001000007d0
000007e40000000000000000
000007d00000000000000000
000008540000000d00000001
000008580000001d00000005
0000085c0000001500000008
000008600000001d00000004
000008640000000000000000
0000085c0000001500000008
000008600000001d00000003
000008640000000000000000
0000085c0000001500000008
000008600000001d00000002
000008640000000000000000
0000085c0000001500000008
000008600000001d00000001
000008640000000000000000
0000085c0000001500000008
000008600000001d00000000
000008640000000000000000
000008680000001200000396
0000086c0000001600000000
000008700000001400000000
000008740000000000000000
000008780000001700000000
0000087c0000000100000000
0000088000000004000007f6
000008840000000817885000
000008880000000a00000001
0000088c0000000000000000
000008900000000300000000
000008940000000000000000
000008980000001200000001
0000089c00000016000007ff
000008a00000001d00000002
000008a400000009f4f27000
000008a80000000600000818
000008ac0000001d00000001
000008b00000000000000000
000008a400000009f4f27000
000008a80000000600000818
000008ac0000001d00000000
000008b00000000000000000
000008b40000000b00000000
000008b80000000600000001
000008bc0000001c00000004
000008c00000001a00000000
000008c40000001a00000000
000008c80000001b000008c8
000008cc0000001b000008c8
000008d000000001000008d4
000008d40000001900000035
000008d80000000000000000
000008e40000001c00000003
000008e80000000000000000
000008c00000001a00000001
000008c40000001a00000008
000008c80000001b000008c8
000008cc0000001b000008d0
000008d000000001000008d4
000008dc0000001900000038
000008e00000000000000000
000008e40000001c00000002
000008e80000000000000000
000008c00000001a00000000
000008c40000001a00000000
000008c80000001b000008c8
000008cc0000001b000008c8
000008d000000001000008d4
000008d40000001900000039
000008d80000000000000000
000008e40000001c00000001
000008e80000000000000000
000008c00000001a00000001
000008c40000001a00000008
000008c80000001b000008c8
000008cc0000001b000008d0
000008d000000001000008d4
000008dc000000190000003c
000008e00000000000000000
000008e40000001c00000000
000008e80000000000000000
000008ec0000000c00000000
000008f00000001700000800
000008f40000000000000000
000008f80000000300000000
000008fc00000004cbb4a000
000009000000000f000008d0
000009040000000000000000
00000908000000160ca5e908
0000090c0000001700000000
000009100000000f00000fff
000009140000000100000000
000009180000001600002301
0000091c0000000600000000
000009200000000600000001
000009240000001d00000004
000009280000000f00000000
0000092c0000000200000004
000009300000000700000000
000009340000000000000000
000009380000001500000000
0000093c0000001d00000003
000009400000000000000000
000009280000000f00000000
0000092c0000000200000003
000009300000000700000000
000009340000000000000000
000009380000001500000000
0000093c0000001d00000002
000009400000000000000000
000009280000000f00000000
0000092c0000000200000002
000009300000000700000000
000009340000000000000000
000009380000001500000000
0000093c0000001d00000001
000009400000000000000000
000009280000000f00000000
0000092c0000000200000001
000009300000000700000000
000009340000000000000000
000009380000001500000000
0000093c0000001d00000000
000009400000000000000000
000009440000000000000000
0000094c0000000000000000
000009600000000500000000
000009640000000100000968
0000096c0000001600000000
000009700000000000000000
000009680000000000000000
000009740000000e00000000
00000978000000010000097c
000009800000000a0000097c
000009840000000100000988
000009940000000b00000988
00000998000000010000099c
000009a80000000c0000099c
000009ac00000001000009b0
000009bc0000000800000000
000009c00000000000000000
000009b000000017d09d7000
000009b4000000010000099c
000009b80000000000000000
0000099c0000000000000000
000009a00000000100000988
000009a40000000000000000
0000098800000016cbb4a8d0
0000098c000000010000097c
000009900000000000000000
0000097c0000000000000000
000009c40000000100000001
000009c800000001000009cc
000009d00000000a000009cc
000009d400000001000009d8
000009e40000000b000009d8
000009e800000001000009ec
000009f80000000c000009ec
000009fc0000000100000a00
00000a0c0000000d00000a00
00000a100000000100000a14
00000a200000000e00000a14
00000a240000000100000a28
00000a340000000f00000a28
00000a380000000100000a3c
00000a480000001000000a3c
00000a4c0000000100000a50
00000a5c0000001100000a50
00000a600000000100000a64
00000a700000001400000000
00000a740000000000000000
00000a640000001700000001
00000a680000000100000a50
00000a6c0000000000000000
00000a500000001500000a3c
00000a540000000100000a3c
00000a580000000000000000
00000a3c0000001700000001
00000a400000000100000a28
00000a440000000000000000
00000a280000000631772000
00000a2c0000000100000a14
00000a300000000000000000
00000a140000001700000000
00000a180000000100000a00
00000a1c0000000000000000
00000a000000001600000000
00000a0400000001000009ec
00000a080000000000000000
000009ec000000060000003e
000009f000000001000009d8
000009f40000000000000000
000009d800000015679c7000
000009dc00000001000009cc
000009e00000000000000000
000009cc0000000000000000
00000a780000000100000a7c
00000a800000000a00000a7c
00000a840000000100000a88
00000a940000000b00000a88
00000a980000000100000a9c
00000aa8000000080000003c
00000aac0000000000000000
00000a9c0000000000000000
00000aa00000000100000a88
00000aa40000000000000000
00000a880000000900000001
00000a8c0000000100000a7c
00000a900000000000000000
00000a7c0000000000000000
00000ab00000001300000001
00000ab40000000400000000
00000ab80000000100000abc
00000ac00000000300000001
00000ac40000000000000000
00000abc0000000000000000
00000ac80000000000000000
00000ad00000000400000a00
00000ad40000001d00000005
00000ad800000002fffff800
00000adc0000001d00000004
00000ae00000000000000000
00000ad800000002fffff800
00000adc0000001d00000003
00000ae00000000000000000
00000ad800000002fffff800
00000adc0000001d00000002
00000ae00000000000000000
00000ad800000002fffff800
00000adc0000001d00000001
00000ae00000000000000000
00000ad800000002fffff800
00000adc0000001d00000000
00000ae00000000000000000
00000ae40000001700000000
00000ae80000000000000000
00000af800000013fffff27c
00000afc0000000e00000000
00000b000000000000000000
00000b040000000000000000
00000b080000000200000abc
00000b0c0000000400000000
00000b100000000000000000
00000b240000001d00000005
00000b280000000f00000000
00000b2c000000116a115000
00000b30000000130000003d
00000b340000000d00000000
00000b380000001d00000004
00000b3c0000000000000000
00000b280000000f00000000
00000b2c000000116a115000
00000b30000000130000003d
00000b340000000d00000000
00000b380000001d00000003
00000b3c0000000000000000
00000b280000000f00000000
00000b2c000000116a115000
00000b30000000130000003d
00000b340000000d00000000
00000b380000001d00000002
00000b3c0000000000000000
00000b280000000f00000000
00000b2c000000116a115000
00000b30000000130000003d
00000b340000000d00000000
00000b380000001d00000001
00000b3c0000000000000000
00000b280000000f00000000
00000b2c000000116a115000
00000b30000000130000003d
00000b340000000d00000000
00000b380000001d00000000
00000b3c0000000000000000
00000b400000000900000001
00000b440000001300000001
00000b480000001300000000
00000b4c0000001d00000003
00000b5000000010000005cd
00000b540000001d00000002
00000b580000000000000000
00000b5000000010000005cd
00000b540000001d00000001
00000b580000000000000000
00000b5000000010000005cd
00000b540000001d00000000
00000b580000000000000000
00000b5c0000001d00000002
00000b600000000e00000001
00000b640000001500000000
00000b680000000affffffff
00000b6c0000000100000011
00000b700000001d00000001
00000b740000000000000000
00000b600000000e00000001
00000b640000001500000000
00000b680000000affffffff
00000b6c0000000100000011
00000b700000001d00000000
00000b740000000000000000
00000b780000000b00002200
00000b7c0000001c00000004
00000b800000001a00000000
00000b840000001a00000000
00000b880000001b00000b88
00000b8c0000001b00000b88
00000b900000000100000b94
00000b94000000190000003d
00000b980000000000000000
00000ba40000001c00000003
00000ba80000000000000000
00000b800000001a00000001
00000b840000001a00000008
00000b880000001b00000b88
00000b8c0000001b00000b90
00000b900000000100000b94
00000b9c0000001900000040
00000ba00000000000000000
00000ba40000001c00000002
00000ba80000000000000000
00000b800000001a00000000
00000b840000001a00000000
00000b880000001b00000b88
00000b8c0000001b00000b88
00000b900000000100000b94
00000b940000001900000041
00000b980000000000000000
00000ba40000001c00000001
00000ba80000000000000000
00000b800000001a00000001
00000b840000001a00000008
00000b880000001b00000b88
00000b8c0000001b00000b90
00000b900000000100000b94
00000b9c0000001900000044
00000ba00000000000000000
00000ba40000001c00000000
00000ba80000000000000000
00000bac0000000100000bb0
00000bb40000000a00000bb0
00000bb80000000100000bbc
00000bc80000000b00000bbc
00000bcc0000000100000bd0
00000bdc0000000c00000bd0
00000be00000000100000be4
00000bf00000000d00000be4
00000bf40000000100000bf8
00000c040000000e00000bf8
00000c080000000100000c0c
00000c180000000f00000c0c
00000c1c0000000100000c20
00000c2c0000001000000c20
00000c300000000100000c34
00000c400000001100000c34
00000c440000000100000c48
00000c540000000300000001
00000c580000000000000000
00000c4800000006000003e0
00000c4c0000000100000c34
00000c500000000000000000
00000c340000000500000001
00000c380000000100000c20
00000c3c0000000000000000
00000c200000000700000000
00000c240000000100000c0c
00000c280000000000000000
00000c0c0000001600000303
00000c100000000100000bf8
00000c140000000000000000
00000bf80000000800000000
00000bfc0000000100000be4
00000c000000000000000000
00000be4000000070be5bbe4
00000be80000000100000bd0
00000bec0000000000000000
00000bd000000003f41a441c
00000bd40000000100000bbc
00000bd80000000000000000
00000bbc0000000400044000
00000bc00000000100000bb0
00000bc40000000000000000
00000bb00000000000000000
00000c5c0000001505f2ddf2
00000c600000001d00000002
00000c640000001600000001
00000c680000001d00000001
00000c6c0000000000000000
00000c640000001600000001
00000c680000001d00000000
00000c6c0000000000000000
00000c700000000c00000000
00000c7400000004fa0d25f2
00000c780000000a00000000
00000c7c0000000000000000
00000c840000000f00000000
00000c880000001700000000
00000c8c00000013e5bbe400
00000c900000001000000000
00000c940000000e2923b000
00000c980000001c00000004
00000c9c0000001a00000000
00000ca00000001a00000000
00000ca40000001b00000ca4
00000ca80000001b00000ca4
00000cac0000000000000000
00000cb00000001900000045
00000cb40000000000000000
00000cc00000001c00000003
00000cc40000000000000000
00000c9c0000001a00000001
00000ca00000001a00000008
00000ca40000001b00000ca4
00000ca80000001b00000cac
00000cac0000000000000000
00000cb80000001900000048
00000cbc0000000000000000
00000cc00000001c00000002
00000cc40000000000000000
00000c9c0000001a00000000
00000ca00000001a00000000
00000ca40000001b00000ca4
00000ca80000001b00000ca4
00000cac0000000000000000
00000cb00000001900000049
00000cb40000000000000000
00000cc00000001c00000001
00000cc40000000000000000
00000c9c0000001a00000001
00000ca00000001a00000008
00000ca40000001b00000ca4
00000ca80000001b00000cac
00000cac0000000000000000
00000cb8000000190000004c
00000cbc0000000000000000
00000cc00000001c00000000
00000cc40000000000000000
00000cc8000000140be5c890
00000ccc0000000900000001
00000cd00000001d00000006
00000cd400000005000003e4
00000cd80000001100002200
00000cdc0000001d00000005
00000ce00000000000000000
00000cd400000005000003e4
00000cd80000001100002200
00000cdc0000001d00000004
00000ce00000000000000000
00000cd400000005000003e4
00000cd80000001100002200
00000cdc0000001d00000003
00000ce00000000000000000
00000cd400000005000003e4
00000cd80000001100002200
00000cdc0000001d00000002
00000ce00000000000000000
00000cd400000005000003e4
00000cd80000001100002200
00000cdc0000001d00000001
00000ce00000000000000000
00000cd400000005000003e4
00000cd80000001100002200
00000cdc0000001d00000000
00000ce00000000000000000
00000ce40000000700000000
00000ce80000000000000000
00000cec0000000100000000
00000cf000000001874e5000
00000cf40000000f0000017b
00000cf80000000900000000
00000cfc0000001200000001
00000d000000001600000000
00000d040000000000000000
00000d0c0000000b00000be4
00000d100000000a00000cac
00000d140000000000000000
00000d180000000000000000
00000d2c0000000900000cac
00000d30000000110be5c890
00000d340000000000000000
00000d380000001c00000003
00000d3c0000001a00000001
00000d400000001a00000008
00000d440000001b00000d44
00000d480000001b00000d4c
00000d4c0000000100000d50
00000d58000000190000004f
00000d5c0000000000000000
00000d600000001c00000002
00000d640000000000000000
00000d3c0000001a00000000
00000d400000001a00000000
00000d440000001b00000d44
00000d480000001b00000d44
00000d4c0000000100000d50
00000d500000001900000050
00000d540000000000000000
00000d600000001c00000001
00000d640000000000000000
00000d3c0000001a00000001
00000d400000001a00000008
00000d440000001b00000d44
00000d480000001b00000d4c
00000d4c0000000100000d50
00000d580000001900000053
00000d5c0000000000000000
00000d600000001c00000000
00000d640000000000000000
00000d680000000700000001
00000d6c000000030000052c
00000d700000000f00000be5
00000d740000001000000000
00000d780000000000000000
00000d7c0000000d0000052c
00000d800000000a00000000
00000d840000000000000000
00000d940000001300000000
00000d980000001200000be5
00000d9c000000140000052c
00000da00000000c00000bf7
00000da400000007ffffde02
00000da80000000200000001
00000dac0000000f00000000
00000db00000000000000000
00000db40000000000000000
00000db800000012fffff8ce
00000dbc0000000f000003e0
00000dc00000000900000000
00000dc40000001300002000
00000dc80000000100000dcc
00000dd00000000a00000dcc
00000dd40000000100000dd8
00000de40000000b00000dd8
00000de80000000100000dec
00000df80000000c00000dec
00000dfc0000000100000e00
00000e0c0000000500000000
00000e100000000000000000
00000e00000000035338c000
00000e040000000100000dec
00000e080000000000000000
00000dec0000000000000000
00000df00000000100000dd8
00000df40000000000000000
00000dd80000000000000000
00000ddc0000000100000dcc
00000de00000000000000000
00000dcc0000000000000000
00000e140000000000000000
00000e180000000a80000000
00000e1c0000000300000ded
00000e2000000015fffff614
00000e240000001500000000
00000e280000000100000e2c
00000e300000000a00000e2c
00000e340000000100000e38
00000e440000000b00000e38
00000e480000000100000e4c
00000e580000000c00000e4c
00000e5c0000000100000e60
00000e6c0000000d00000e60
00000e700000000100000e74
00000e800000000e00000e74
00000e840000000100000e88
00000e9400000009fc836e94
00000e980000000000000000
00000e880000000202200000
00000e8c0000000100000e74
00000e900000000000000000
00000e740000000400000000
00000e780000000100000e60
00000e7c0000000000000000
00000e600000000500000000
00000e640000000100000e4c
00000e680000000000000000
00000e4c0000000400000000
00000e500000000100000e38
00000e540000000000000000
00000e380000000829800000
00000e3c0000000100000e2c
00000e400000000000000000
00000e2c0000000000000000
00000e9c0000001100000000
00000ea00000000000000000
00000ea40000000100000ea8
00000eac0000000a00000ea8
00000eb00000000100000eb4
00000ec00000000b00000eb4
00000ec40000000100000ec8
00000ed40000000c00000ec8
00000ed80000000100000edc
00000ee80000000d00000edc
00000eec0000000100000ef0
00000efc0000000e00000ef0
00000f000000000100000f04
00000f100000000f00000f04
00000f140000000100000f18
00000f240000001000000f18
00000f280000000100000f2c
00000f380000001100000f2c
00000f3c0000000100000f40
00000f4c0000001200000f40
00000f500000000100000f54
00000f600000001400000000
00000f640000000000000000
00000f540000000476400000
00000f580000000100000f40
00000f5c0000000000000000
00000f400000000500000000
00000f440000000100000f2c
00000f480000000000000000
00000f2c0000000600000937
00000f300000000100000f18
00000f340000000000000000
00000f1800000003fffffb77
00000f1c0000000100000f04
00000f200000000000000000
00000f040000000300000000
00000f080000000100000ef0
00000f0c0000000000000000
00000ef000000008021ff110
00000ef40000000100000edc
00000ef80000000000000000
00000edc0000001700000000
00000ee00000000100000ec8
00000ee40000000000000000
00000ec80000000600001800
00000ecc0000000100000eb4
00000ed00000000000000000
00000eb40000001700000000
00000eb80000000100000ea8
00000ebc0000000000000000
00000ea80000000000000000
00000f680000000200000bfd
00000f6c00000009000005a9
00000f700000000a00000058
00000f740000000000000000
00000f780000001666326000
00000f7c00000015a8008000
00000f800000000560000000
00000f840000001d00000004
00000f8800000004ffffffff
00000f8c0000000700000001
00000f9000000001000005ab
00000f940000000bf279a000
00000f980000001d00000003
00000f9c0000000000000000
00000f880000000400000000
00000f8c0000000700000001
00000f9000000001000005ab
00000f940000000bf279a000
00000f980000001d00000002
00000f9c0000000000000000
00000f880000000400000000
00000f8c0000000700000001
00000f9000000001000005ab
00000f940000000bf279a000
00000f980000001d00000001
00000f9c0000000000000000
00000f880000000400000000
00000f8c0000000700000001
00000f9000000001000005ab
00000f940000000bf279a000
00000f980000001d00000000
00000f9c0000000000000000
00000fa00000001600000000
00000fa40000001700000ffd
00000fa80000001d00000004
00000fac0000001500000001
00000fb00000000200000003
00000fb40000001600000000
00000fb80000000600000000
00000fbc0000001d00000003
00000fc00000000000000000
00000fac0000001500000001
00000fb00000000200000003
00000fb40000001600000000
00000fb80000000600000000
00000fbc0000001d00000002
00000fc00000000000000000
00000fac0000001500000001
00000fb00000000200000003
00000fb40000001600000000
00000fb80000000600000000
00000fbc0000001d00000001
00000fc00000000000000000
00000fac0000001500000001
00000fb00000000200000003
00000fb40000001600000000
00000fb80000000600000000
00000fbc0000001d00000000
00000fc00000000000000000
00000fc40000000100000fc8
00000fcc0000000a00000fc8
00000fd00000000100000fd4
00000fe00000000b00000fd4
00000fe40000000100000fe8
00000ff40000000c00000fe8
00000ff80000000100000ffc
000010080000000d00000ffc
0000100c0000000100001010
0000101c0000000e00001010
000010200000000100001024
000010300000000f00001024
000010340000000100001038
000010440000001000001038
00001048000000010000104c
00001058000000110000104c
0000105c0000000100001060
0000106c0000001200001060
000010700000000100001074
0000108000000002021ff110
000010840000000000000000
000010740000001500000000
000010780000000100001060
0000107c0000000000000000
000010600000000900000000
00001064000000010000104c
000010680000000000000000
0000104c0000000000000000
000010500000000100001038
000010540000000000000000
00001038000000164141a000
0000103c0000000100001024
000010400000000000000000
000010240000000300000000
000010280000000100001010
0000102c0000000000000000
000010100000000000000000
000010140000000100000ffc
000010180000000000000000
00000ffc000000081b7cf000
000010000000000100000fe8
000010040000000000000000
00000fe800000008785a5fe8
00000fec0000000100000fd4
00000ff00000000000000000
00000fd40000000600000001
00000fd80000000100000fc8
00000fdc0000000000000000
00000fc80000000000000000
000010880000001600000000
0000108c0000000400000001
000010900000000100000fc8
000010940000000800000000
000010980000000000000000
0000109c00000008890f1000
000010a00000001c00000004
000010a40000001a00000000
000010a80000001a00000000
000010ac0000001b000010ac
000010b00000001b000010ac
000010b400000001000010b8
000010b80000001900000054
000010bc0000000000000000
000010c80000001c00000003
000010cc0000000000000000
000010a40000001a00000001
000010a80000001a00000008
000010ac0000001b000010ac
000010b00000001b000010b4
000010b400000001000010b8
000010c00000001900000057
000010c40000000000000000
000010c80000001c00000002
000010cc0000000000000000
000010a40000001a00000000
000010a80000001a00000000
000010ac0000001b000010ac
000010b00000001b000010ac
000010b400000001000010b8
000010b80000001900000058
000010bc0000000000000000
000010c80000001c00000001
000010cc0000000000000000
000010a40000001a00000001
000010a80000001a00000008
000010ac0000001b000010ac
000010b00000001b000010b4
000010b400000001000010b8
000010c0000000190000005b
000010c40000000000000000
000010c80000001c00000000
000010cc0000000000000000
000010d00000001300000000
000010d40000000000000000
000010d80000000000000000
000010dc0000001144334000
000010e00000000800001060
000010e40000000000000000
000010e80000001300000000
000010ec0000000600000000
000010f00000000100000fe9
000010f40000001200102400
000010f80000000a0000005b
000010fc0000000100001100
000011040000000a00001100
00001108000000010000110c
000011180000000b0000110c
0000111c0000000100001120
0000112c0000000c00001120
000011300000000100001134
000011400000000d00001134
000011440000000100001148
000011540000000e00001148
00001158000000010000115c
000011680000000f0000115c
0000116c0000000100001170
0000117c0000001000001170
000011800000000100001184
000011900000001100001184
000011940000000100001198
000011a40000000300000000
000011a80000000000000000
00001198000000042c219000
0000119c0000000100001184
000011a00000000000000000
000011840000001700000000
000011880000000100001170
0000118c0000000000000000
000011700000001600000001
00001174000000010000115c
000011780000000000000000
0000115c0000000200000001
000011600000000100001148
000011640000000000000000
000011480000000000000000
0000114c0000000100001134
000011500000000000000000
000011340000001400000000
000011380000000100001120
0000113c0000000000000000
000011200000000260000001
00001124000000010000110c
000011280000000000000000
0000110c000000050000115c
000011100000000100001100
000011140000000000000000
000011000000000000000000
000011ac0000000c00000000
000011b000000004e2240000
000011b40000000000000000
000011b80000000000000000
000011bc000000096930a000
000011c000000001000011c4
000011c80000000a000011c4
000011cc00000001000011d0
000011dc0000000b000011d0
000011e000000001000011e4
000011f00000000c000011e4
000011f400000001000011f8
000012040000000d000011f8
00001208000000010000120c
000012180000000e0000120c
0000121c0000000100001220
0000122c000000090000115c
000012300000000000000000
000012200000000200000000
00001224000000010000120c
000012280000000000000000
0000120c0000001700000000
0000121000000001000011f8
000012140000000000000000
000011f80000000700000000
000011fc00000001000011e4
000012000000000000000000
000011e40000000600000000
000011e800000001000011d0
000011ec0000000000000000
000011d00000000900000000
000011d400000001000011c4
000011d80000000000000000
000011c40000000000000000
000012340000000a00000000
000012380000000000000000
0000123c0000000ff593e23c
000012400000001d00000005
000012440000000000000000
000012480000000c000011e0
0000124c00000001ffffee31
000012500000000200000000
000012540000000e00000000
000012580000001d00000004
0000125c0000000000000000
000012440000000000000000
000012480000000c000011e0
0000124c00000001ffffee31
000012500000000200000000
000012540000000e00000000
000012580000001d00000003
0000125c0000000000000000
000012440000000000000000
000012480000000c000011e0
0000124c00000001ffffee31
000012500000000200000000
000012540000000e00000000
000012580000001d00000002
0000125c0000000000000000
000012440000000000000000
000012480000000c000011e0
0000124c00000001ffffee31
000012500000000200000000
000012540000000e00000000
000012580000001d00000001
0000125c0000000000000000
000012440000000000000000
000012480000000c000011e0
0000124c00000001ffffee31
000012500000000200000000
000012540000000e00000000
000012580000001d00000000
0000125c0000000000000000
000012600000000100000ffd
000012640000001300000dfd
000012680000000000000000
0000126c0000001000000000
000012700000000000000000
000012740000000900000000
000012780000000df593e23d
0000127c0000000e0000001b
000012800000001c00000004
000012840000001a00000000
000012880000001a00000000
0000128c0000001b0000128c
000012900000001b0000128c
000012940000000000000000
00001298000000190000005c
0000129c0000000000000000
000012a80000001c00000003
000012ac0000000000000000
000012840000001a00000001
000012880000001a00000008
0000128c0000001b0000128c
000012900000001b00001294
000012940000000000000000
000012a0000000190000005f
000012a40000000000000000
000012a80000001c00000002
000012ac0000000000000000
000012840000001a00000000
000012880000001a00000000
0000128c0000001b0000128c
000012900000001b0000128c
000012940000000000000000
000012980000001900000060
0000129c0000000000000000
000012a80000001c00000001
000012ac0000000000000000
000012840000001a00000001
000012880000001a00000008
0000128c0000001b0000128c
000012900000001b00001294
000012940000000000000000
000012a00000001900000063
000012a40000000000000000
000012a80000001c00000000
000012ac0000000000000000
000012b00000000800000000
000012b400000011000011fb
000012b800000001000012bc
000012c00000000a000012bc
000012c400000001000012c8
000012d40000000b000012c8
000012d800000001000012dc
000012e80000000c000012dc
000012ec00000001000012f0
000012fc0000001600000001
000013000000000000000000
000012f0000000035222e000
000012f400000001000012dc
000012f80000000000000000
000012dc0000000800000000
000012e000000001000012c8
000012e40000000000000000
000012c80000000200000001
000012cc00000001000012bc
000012d00000000000000000
000012bc0000000000000000
0000130400000017529d1304
0000130800000014f593e23c
0000130c0000000000000000
000013180000000000000000
0000131c0000001d00000006
000013200000000e00000000
0000132400000010136fe23d
000013280000001d00000005
0000132c0000000000000000
000013200000000e00000000
0000132400000010136fe23d
000013280000001d00000004
0000132c0000000000000000
000013200000000e00000000
0000132400000010136fe23d
000013280000001d00000003
0000132c0000000000000000
000013200000000e00000000
0000132400000010136fe23d
000013280000001d00000002
0000132c0000000000000000
000013200000000e00000000
0000132400000010136fe23d
000013280000001d00000001
0000132c0000000000000000
000013200000000e00000000
0000132400000010136fe23d
000013280000001d00000000
0000132c0000000000000000
000013300000000000000000
0000133400000013e2240000
0000133800000012965c2338
0000133c0000000a4af00000
000013400000001c00000003
000013440000001a00000001
000013480000001a00000008
0000134c0000001b0000134c
000013500000001b00001354
000013540000000000000000
000013600000001900000066
000013640000000000000000
000013680000001c00000002
0000136c0000000000000000
000013440000001a00000000
000013480000001a00000000
0000134c0000001b0000134c
000013500000001b0000134c
000013540000000000000000
000013580000001900000067
0000135c0000000000000000
000013680000001c00000001
0000136c0000000000000000
000013440000001a00000001
000013480000001a00000008
0000134c0000001b0000134c
000013500000001b00001354
000013540000000000000000
00001360000000190000006a
000013640000000000000000
000013680000001c00000000
0000136c0000000000000000
000013700000001300000000
000013740000001500000000
000013780000001c00000003
0000137c0000001a00000001
000013800000001a00000008
000013840000001b00001384
000013880000001b0000138c
0000138c0000000100001390
00001398000000190000006d
0000139c0000000000000000
000013a00000001c00000002
000013a40000000000000000
0000137c0000001a00000000
000013800000001a00000000
000013840000001b00001384
000013880000001b00001384
0000138c0000000100001390
00001390000000190000006e
000013940000000000000000
000013a00000001c00000001
000013a40000000000000000
0000137c0000001a00000001
000013800000001a00000008
000013840000001b00001384
000013880000001b0000138c
0000138c0000000100001390
000013980000001900000071
0000139c0000000000000000
000013a00000001c00000000
000013a40000000000000000
000013a80000000f00000000
000013ac0000000400000000
000013b00000000200000001
000013b40000000000000000
000013b80000000500000000
000013bc00000006000009b7
000013c00000000cf593e23f
000013c40000001000000763
000013c800000017fffffffd
000013cc000000055222e200
000013d000000001000013d4
000013d80000000a000013d4
000013dc00000001000013e0
000013ec0000000b000013e0
000013f000000001000013f4
000014000000000c000013f4
000014040000000100001408
000014140000000d00001408
00001418000000010000141c
000014280000000700000003
0000142c0000000000000000
0000141c0000001500000000
000014200000000100001408
000014240000000000000000
000014080000000584d98408
0000140c00000001000013f4
000014100000000000000000
000013f40000000600000000
000013f800000001000013e0
000013fc0000000000000000
000013e00000000740000000
000013e400000001000013d4
000013e80000000000000000
000013d40000000000000000
000014300000000e00000000
000014340000000f00000000
000014380000000300002000
0000143c0000000000000000
0000145000000007546d7450
000014540000000100001458
0000145c0000000a00001458
000014600000000100001464
000014700000000b00001464
000014740000000100001478
000014840000000c00001478
00001488000000010000148c
000014980000000d0000148c
0000149c00000001000014a0
000014ac0000000e000014a0
000014b000000001000014b4
000014c00000000f000014b4
000014c400000001000014c8
000014d400000010000014c8
000014d800000001000014dc
000014e800000011000014dc
000014ec00000001000014f0
000014fc00000012000014f0
000015000000000100001504
000015100000001300001504
000015140000000100001518
000015240000001700000001
000015280000000000000000
000015180000000500000000
0000151c0000000100001504
000015200000000000000000
000015040000000700000000
0000150800000001000014f0
0000150c0000000000000000
000014f00000000000000000
000014f400000001000014dc
000014f80000000000000000
000014dc0000000000000000
000014e000000001000014c8
000014e40000000000000000
000014c80000001400000000
000014cc00000001000014b4
000014d00000000000000000
000014b40000000000000000
000014b800000001000014a0
000014bc0000000000000000
000014a00000001400000000
000014a4000000010000148c
000014a80000000000000000
0000148c0000000800000000
000014900000000100001478
000014940000000000000000
000014780000000600000000
0000147c0000000100001464
000014800000000000000000
000014640000000200000028
000014680000000100001458
0000146c0000000000000000
000014580000000000000000
0000152c0000001100000001
000015300000000100001534
000015380000000800000000
0000153c0000000000000000
000015340000000000000000
000015400000001c00000003
000015440000001a00000001
000015480000001a00000008
0000154c0000001b0000154c
000015500000001b00001554
000015540000000000000000
000015600000001900000074
000015640000000000000000
000015680000001c00000002
0000156c0000000000000000
000015440000001a00000000
000015480000001a00000000
0000154c0000001b0000154c
000015500000001b0000154c
000015540000000000000000
000015580000001900000075
0000155c0000000000000000
000015680000001c00000001
0000156c0000000000000000
000015440000001a00000001
000015480000001a00000008
0000154c0000001b0000154c
000015500000001b00001554
000015540000000000000000
000015600000001900000078
000015640000000000000000
000015680000001c00000000
0000156c0000000000000000
000015700000000900000000
000015740000000700000000
000015780000000000000000
0000158c0000000400001554
000015900000001d00000006
000015940000000300001505
000015980000000600000000
0000159c0000001600000000
000015a00000000200000000
000015a40000001d00000005
000015a80000000000000000
000015940000000300001505
000015980000000600000000
0000159c0000001600000000
000015a00000000200000000
000015a40000001d00000004
000015a80000000000000000
000015940000000300001505
000015980000000600000000
0000159c0000001600000000
000015a00000000200000000
000015a40000001d00000003
000015a80000000000000000
000015940000000300001505
000015980000000600000000
0000159c0000001600000000
000015a00000000200000000
000015a40000001d00000002
000015a80000000000000000
000015940000000300001505
000015980000000600000000
0000159c0000001600000000
000015a00000000200000000
000015a40000001d00000001
000015a80000000000000000
000015940000000300001505
000015980000000600000000
0000159c0000001600000000
000015a00000000200000000
000015a40000001d00000000
000015a80000000000000000
000015ac0000001d00000004
000015b00000001100000001
000015b40000000700000000
000015b80000000400000001
000015bc0000000b00000000
000015c00000000c00000000
000015c40000000000000000
000015c80000001d00000003
000015cc0000000000000000
000015b00000001100000001
000015b40000000700000000
000015b80000000400000000
000015bc0000000b00000000
000015c00000000c00000000
000015c40000000000000000
000015c80000001d00000002
000015cc0000000000000000
000015b00000001100000001
000015b40000000700000000
000015b80000000400000000
000015bc0000000b00000000
000015c00000000c00000000
000015c40000000000000000
000015c80000001d00000001
000015cc0000000000000000
000015b00000001100000001
000015b40000000700000000
000015b80000000400000000
000015bc0000000b00000000
000015c00000000c00000000
000015c40000000000000000
000015c80000001d00000000
000015cc0000000000000000
000015d00000001d00000003
000015d40000000000000000
000015d80000000d00000000
000015dc0000000100014b40
000015e00000000100000001
000015e40000000900000001
000015e80000000900002940
000015ec0000001d00000002
000015f00000000000000000
000015d40000000000000000
000015d80000000d00000000
000015dc0000000100014b40
000015e00000000100000001
000015e40000000900000001
000015e80000000900002940
000015ec0000001d00000001
000015f00000000000000000
000015d40000000000000000
000015d80000000d00000000
000015dc0000000100014b40
000015e00000000100000001
000015e40000000900000001
000015e80000000900002940
000015ec0000001d00000000
000015f00000000000000000
000015f400000008000014a0
000015f80000000b00000029
000015fc0000000000000000
000016000000001700000000
000016040000001500000000
000016080000000e00001554
0000160c0000000100001610
000016140000000a00001610
00001618000000010000161c
000016280000000b0000161c
0000162c0000000100001630
0000163c0000000c00001630
000016400000000100001644
000016500000000d00001644
000016540000000100001658
000016640000000e00001658
00001668000000010000166c
000016780000000f0000166c
0000167c0000000100001680
0000168c000000156f24b68c
000016900000000000000000
000016800000000700001659
00001684000000010000166c
000016880000000000000000
0000166c000000034b0c7000
000016700000000100001658
000016740000000000000000
000016580000001500000000
0000165c0000000100001644
000016600000000000000000
0000164400000017dfff6644
000016480000000100001630
0000164c0000000000000000
000016300000000600000000
00001634000000010000161c
000016380000000000000000
0000161c0000000600000000
000016200000000100001610
000016240000000000000000
000016100000000000000000
000016940000000000000000
000016980000000400000000
0000169c00000017fffffc72
000016a000000001000016a4
000016a80000000a000016a4
000016ac00000001000016b0
000016bc0000000b000016b0
000016c000000001000016c4
000016d00000000c000016c4
000016d400000001000016d8
000016e40000000d000016d8
000016e800000001000016ec
000016f80000000e000016ec
000016fc0000000100001700
0000170c0000000f00001700
000017100000000100001714
000017200000000800000000
000017240000000000000000
000017140000000600000000
000017180000000100001700
0000171c0000000000000000
0000170000000004ffffffff
0000170400000001000016ec
000017080000000000000000
000016ec0000000600000000
000016f000000001000016d8
000016f40000000000000000
000016d80000000000000000
000016dc00000001000016c4
000016e00000000000000000
000016c40000000400000000
000016c800000001000016b0
000016cc0000000000000000
000016b00000001600000000
000016b400000001000016a4
000016b80000000000000000
000016a40000000000000000
000017280000000300000000
0000172c0000001000000000
000017300000000000000000
0000174400000011fffff800
000017480000001300000000
0000174c0000000100000000
000017500000001700000000
000017540000000000000000
000017580000000200000000
0000175c0000000500000078
000017600000001200000078
000017640000001c00000004
000017680000001a00000000
0000176c0000001a00000000
000017700000001b00001770
000017740000001b00001770
00001778000000010000177c
0000177c0000001900000079
000017800000000000000000
0000178c0000001c00000003
000017900000000000000000
000017680000001a00000001
0000176c0000001a00000008
000017700000001b00001770
000017740000001b00001778
00001778000000010000177c
00001784000000190000007c
000017880000000000000000
0000178c0000001c00000002
000017900000000000000000
000017680000001a00000000
0000176c0000001a00000000
000017700000001b00001770
000017740000001b00001770
00001778000000010000177c
0000177c000000190000007d
000017800000000000000000
0000178c0000001c00000001
000017900000000000000000
000017680000001a00000001
0000176c0000001a00000008
000017700000001b00001770
000017740000001b00001778
00001778000000010000177c
000017840000001900000080
000017880000000000000000
0000178c0000001c00000000
000017900000000000000000
000017940000001800000001
000017980000000000000000
0000179c0000000000000000
000000c80000001200000000
000000cc0000001100000400
000000d00000001d00000004
000000d40000000200000000
000000d80000001300000000
000000dc0000001600001779
000000e00000000000000000
000000e40000000000000000
000000e80000001d00000003
000000ec0000000000000000
000000d40000000200000000
000000d80000001300000000
000000dc0000001600001779
000000e00000000000000000
000000e40000000000000000
000000e80000001d00000002
000000ec0000000000000000
000000d40000000200000000
000000d80000001300000000
000000dc0000001600001779
000000e00000000000000000
000000e40000000000000000
000000e80000001d00000001
000000ec0000000000000000
000000d40000000200000000
000000d80000001300000000
000000dc0000001600001779
000000e00000000000000000
000000e40000000000000000
000000e80000001d00000000
000000ec0000000000000000
000000f00000001000000000
000000f400000005fffffffe
000000f800000002ffffff8d
000000fc0000000000000000
000001000000000000000000
000001040000000d00000000
000001080000001500001701
0000010c0000000000000000
000001100000000000000000
000001140000000c00002400
0000011800000001fffff800
0000011c0000000cd805f000
000001200000000a06e44120
000001240000000000000000
000001280000000000000000
0000012c0000000900001700
000001300000001500000000
000001340000001c00000003
000001380000001a00000001
0000013c0000001a00000008
000001400000001b00000140
000001440000001b00000148
000001480000000000000000
000001540000001900000083
000001580000000000000000
0000015c0000001c00000002
000001600000000000000000
000001380000001a00000000
0000013c0000001a00000000
000001400000001b00000140
000001440000001b00000140
000001480000000000000000
0000014c0000001900000084
000001500000000000000000
0000015c0000001c00000001
000001600000000000000000
000001380000001a00000001
0000013c0000001a00000008
000001400000001b00000140
000001440000001b00000148
000001480000000000000000
000001540000001900000087
000001580000000000000000
0000015c0000001c00000000
000001600000000000000000
000001640000001500000000
000001680000000700000000
0000016c0000001100000400
000001700000000000000000
0000017400000017d631e000
000001780000001d00000006
0000017c0000001100000000
000001800000000200000000
000001840000000600000001
000001880000000400000000
0000018c0000000201779000
000001900000000000000000
000001940000001d00000005
000001980000000000000000
0000017c0000001100000000
000001800000000200000000
000001840000000600000001
000001880000000400000000
0000018c0000000201779000
000001900000000000000000
000001940000001d00000004
000001980000000000000000
0000017c0000001100000000
000001800000000200000000
000001840000000600000001
000001880000000400000000
0000018c0000000201779000
000001900000000000000000
000001940000001d00000003
000001980000000000000000
0000017c0000001100000000
000001800000000200000000
000001840000000600000001
000001880000000400000000
0000018c0000000201779000
000001900000000000000000
000001940000001d00000002
000001980000000000000000
0000017c0000001100000000
000001800000000200000000
000001840000000600000001
000001880000000400000000
0000018c0000000201779000
000001900000000000000000
000001940000001d00000001
000001980000000000000000
0000017c0000001100000000
000001800000000200000000
000001840000000600000001
000001880000000400000000
0000018c0000000201779000
000001900000000000000000
000001940000001d00000000
000001980000000000000000
0000019c00000001000001a0
000001a40000000600001700
000001a80000000000000000
000001a00000000000000000
000001ac0000000100000000
000001b00000000000000000
000001b40000001c00000003
000001b80000001a00000001
000001bc0000001a00000008
000001c00000001b000001c0
000001c40000001b000001c8
000001c800000001000001cc
000001d4000000190000008a
000001d80000000000000000
000001dc0000001c00000002
000001e00000000000000000
000001b80000001a00000000
000001bc0000001a00000000
000001c00000001b000001c0
000001c40000001b000001c0
000001c800000001000001cc
000001cc000000190000008b
000001d00000000000000000
000001dc0000001c00000001
000001e00000000000000000
000001b80000001a00000001
000001bc0000001a00000008
000001c00000001b000001c0
000001c40000001b000001c8
000001c800000001000001cc
000001d4000000190000008e
000001d80000000000000000
000001dc0000001c00000000
000001e00000000000000000
000001e40000000b00001779
000001e80000000000000000
000001ec0000001d00000005
000001f00000000601779001
000001f40000000e00000000
000001f80000000e000001c9
000001fc0000001700000001
000002000000000000000000
000002040000001d00000004
000002080000000000000000
000001f00000000601779001
000001f40000000e00000000
000001f80000000e000001c8
000001fc0000001700000001
000002000000000000000000
000002040000001d00000003
000002080000000000000000
000001f00000000601779001
000001f40000000e00000000
000001f80000000e000001cf
000001fc0000001700000001
000002000000000000000000
000002040000001d00000002
000002080000000000000000
000001f00000000601779001
000001f40000000e00000000
000001f80000000e000001ce
000001fc0000001700000001
000002000000000000000000
000002040000001d00000001
000002080000000000000000
000001f00000000601779001
000001f40000000e00000000
000001f80000000e000001cd
000001fc0000001700000001
000002000000000000000000
000002040000001d00000000
000002080000000000000000
0000020c0000000000000000
000002100000001200000000
0000021400000011ffffffff
000002180000000b00000000
0000021c000000020000b800
000002200000001300000000
000002240000000000000000
00000228000000148e000000
0000022c0000001100000000
000002300000000500000000
00000234000000062584a000
000002380000000bfffff9cd
0000023c0000000900001100
000002400000000500000000
000002440000001c00000005
000002480000001a00000001
0000024c0000001a00000008
000002500000001b00000250
000002540000001b00000258
000002580000000000000000
000002640000001900000091
000002680000000000000000
0000026c0000001c00000004
000002700000000000000000
000002480000001a00000000
0000024c0000001a00000000
000002500000001b00000250
000002540000001b00000250
000002580000000000000000
0000025c0000001900000092
000002600000000000000000
0000026c0000001c00000003
000002700000000000000000
000002480000001a00000001
0000024c0000001a00000008
000002500000001b00000250
000002540000001b00000258
000002580000000000000000
000002640000001900000095
000002680000000000000000
0000026c0000001c00000002
000002700000000000000000
000002480000001a00000000
0000024c0000001a00000000
000002500000001b00000250
000002540000001b00000250
000002580000000000000000
0000025c0000001900000096
000002600000000000000000
0000026c0000001c00000001
000002700000000000000000
000002480000001a00000001
0000024c0000001a00000008
000002500000001b00000250
000002540000001b00000258
000002580000000000000000
000002640000001900000099
000002680000000000000000
0000026c0000001c00000000
000002700000000000000000
000002740000000300000001
000002780000000000000000
0000027c0000000700000000
000002800000000200000000
000002840000000a00000000
000002880000000d00000000
0000028c0000001200000000
00000290000000174ba81000
000002940000000000000000
000002a40000000000000000
000002b80000001325000000
000002bc0000000000000000
000002c0000000148b72c2c0
000002c400000011fffff9cd
000002c80000000c00000000
000002cc0000001500000000
000002d00000001d00000002
000002d40000000800002000
000002d80000001100000000
000002dc0000000500000001
000002e000000014000001cc
000002e40000000b00003779
000002e80000000b00000000
000002ec0000001d00000001
000002f00000000000000000
000002d40000000800002000
000002d80000001100000000
000002dc0000000500000000
000002e000000014000001cc
000002e40000000b00003779
000002e80000000b00000000
000002ec0000001d00000000
000002f00000000000000000
000002f40000001d00000004
000002f80000000300000000
000002fc0000001700000000
000003000000000afffff9cc
000003040000000f00000000
000003080000001d00000003
0000030c0000000000000000
000002f80000000300000000
000002fc0000001700000000
000003000000000afffff9cc
000003040000000f00000000
000003080000001d00000002
0000030c0000000000000000
000002f80000000300000000
000002fc0000001700000000
000003000000000afffff9cc
000003040000000f00000000
000003080000001d00000001
0000030c0000000000000000
000002f80000000300000000
000002fc0000001700000000
000003000000000afffff9cc
000003040000000f00000000
000003080000001d00000000
0000030c0000000000000000
000003100000000800000000
0000031400000007fffff9cc
000003180000001500000000
0000031c0000000600000000
000003200000000000000000
0000032c0000000400000000
000003300000001d00000002
000003340000001000000000
000003380000000c000001cc
0000033c0000000300000000
000003400000001d00000001
000003440000000000000000
000003340000001000000000
000003380000000c000001cc
0000033c0000000300000000
000003400000001d00000000
000003440000000000000000
000003480000000200002200
0000034c0000000000000000
000003500000001000003779
000003540000000a00000008
000003580000001200000000
0000035c0000001c00000004
000003600000001a00000000
000003640000001a00000000
000003680000001b00000368
0000036c0000001b00000368
000003700000000000000000
00000374000000190000009a
000003780000000000000000
000003840000001c00000003
000003880000000000000000
000003600000001a00000001
000003640000001a00000008
000003680000001b00000368
0000036c0000001b00000370
000003700000000000000000
0000037c000000190000009d
000003800000000000000000
000003840000001c00000002
000003880000000000000000
000003600000001a00000000
000003640000001a00000000
000003680000001b00000368
0000036c0000001b00000368
000003700000000000000000
00000374000000190000009e
000003780000000000000000
000003840000001c00000001
000003880000000000000000
000003600000001a00000001
000003640000001a00000008
000003680000001b00000368
0000036c0000001b00000370
000003700000000000000000
0000037c00000019000000a1
000003800000000000000000
000003840000001c00000000
000003880000000000000000
0000038c0000001700000000
000003900000001400000001
000003940000000000000000
0000039c00000001000003a0
000003a40000000a000003a0
000003a800000001000003ac
000003b80000000b000003ac
000003bc00000001000003c0
000003cc0000000c000003c0
000003d000000001000003d4
000003e00000000d000003d4
000003e400000001000003e8
000003f40000000e000003e8
000003f800000001000003fc
000004080000000f000003fc
0000040c0000000100000410
0000041c0000001000000410
000004200000000100000424
0000043000000005df27b000
000004340000000000000000
000004240000000000000000
000004280000000100000410
0000042c0000000000000000
000004100000000500000001
0000041400000001000003fc
000004180000000000000000
000003fc00000005890423fc
0000040000000001000003e8
000004040000000000000000
000003e80000000200000000
000003ec00000001000003d4
000003f00000000000000000
000003d40000000300000000
000003d800000001000003c0
000003dc0000000000000000
000003c00000000800000000
000003c400000001000003ac
000003c80000000000000000
000003ac0000000900000000
000003b000000001000003a0
000003b40000000000000000
000003a00000000000000000
000004380000000000000000
0000043c00000014ffffffff
000004400000001500000000
000004440000000311273444
0000044800000014ffffffd8
0000044c0000000300000000
000004500000001d00000005
000004540000001400000001
000004580000001400000000
0000045c000000064b571000
000004600000001100000001
000004640000000900000000
000004680000000700000000
0000046c0000001d00000004
000004700000000000000000
000004540000001400000001
000004580000001400000000
0000045c000000064b571000
000004600000001100000001
000004640000000900000000
000004680000000700000000
0000046c0000001d00000003
000004700000000000000000
000004540000001400000001
000004580000001400000000
0000045c000000064b571000
000004600000001100000001
000004640000000900000000
000004680000000700000000
0000046c0000001d00000002
000004700000000000000000
000004540000001400000001
000004580000001400000000
0000045c000000064b571000
000004600000001100000001
000004640000000900000000
000004680000000700000000
0000046c0000001d00000001
000004700000000000000000
000004540000001400000001
000004580000001400000000
0000045c000000064b571000
000004600000001100000001
000004640000000900000000
000004680000000700000000
0000046c0000001d00000000
000004700000000000000000
0000047400000007b34ef000
000004780000000d00000000
0000047c0000000000000000
000004800000000a00000000
0000048400000001000011fb
000004880000001100000a96
0000048c0000000100000000
000004900000000cffffe000
000004940000000100000498
0000049c0000001500000000
000004a00000000000000000
000004980000000000000000
000004a40000000000000000
000004b80000000000000000
000004bc0000000000000000
000004c00000000f00000000
000004c40000001100000001
000004c80000001401000000
000004cc0000000900800000
000004d00000001000000000
000004d40000000d01000000
000004d80000000d00000000
000004dc0000000000000000
000004e00000000000000000
000004e80000000000000000
000004ec0000000000000000
000004f80000000100000001
000004fc0000000000000000
000005000000000c00000000
000005040000000ffffff808
000005080000000000000000
0000050c0000000700000001
000005100000000100000514
000005180000000a00000514
0000051c0000000100000520
0000052c0000000900000001
000005300000000000000000
000005200000001500000000
000005240000000100000514
000005280000000000000000
000005140000000000000000
000005340000001100000000
000005380000000000000000
0000053c000000043fa5a000
000005400000000900000001
000005440000000e00000370
000005480000000300000000
0000054c0000000100000550
000005540000000a00000550
00000558000000010000055c
000005680000000b0000055c
0000056c0000000100000570
0000057c0000000c00000570
000005800000000100000584
000005900000000d00000584
000005940000000100000598
000005a40000000e00000598
000005a800000001000005ac
000005b80000000f000005ac
000005bc00000001000005c0
000005cc0000001400000000
000005d00000000000000000
000005c00000001700000584
000005c400000001000005ac
000005c80000000000000000
000005ac00000014d412c000
000005b00000000100000598
000005b40000000000000000
000005980000000300000001
0000059c0000000100000584
000005a00000000000000000
000005840000000700000598
000005880000000100000570
0000058c0000000000000000
000005700000000000000000
00000574000000010000055c
000005780000000000000000
0000055c0000001700000000
000005600000000100000550
000005640000000000000000
000005500000000000000000
000005d400000006ffff8904
000005d80000000600000000
000005dc0000000e00000000
000005e00000000b3fa5a000
000005e40000000000000000
000005ec0000000000000000
000005f40000000000000000
000006000000001c00000005
000006040000001a00000001
000006080000001a00000008
0000060c0000001b0000060c
000006100000001b00000614
000006140000000000000000
0000062000000019000000a4
000006240000000000000000
000006280000001c00000004
0000062c0000000000000000
000006040000001a00000000
000006080000001a00000000
0000060c0000001b0000060c
000006100000001b0000060c
000006140000000000000000
0000061800000019000000a5
0000061c0000000000000000
000006280000001c00000003
0000062c0000000000000000
000006040000001a00000001
000006080000001a00000008
0000060c0000001b0000060c
000006100000001b00000614
000006140000000000000000
0000062000000019000000a8
000006240000000000000000
000006280000001c00000002
0000062c0000000000000000
000006040000001a00000000
000006080000001a00000000
0000060c0000001b0000060c
000006100000001b0000060c
000006140000000000000000
0000061800000019000000a9
0000061c0000000000000000
000006280000001c00000001
0000062c0000000000000000
000006040000001a00000001
000006080000001a00000008
0000060c0000001b0000060c
000006100000001b00000614
000006140000000000000000
0000062000000019000000ac
000006240000000000000000
000006280000001c00000000
0000062c0000000000000000
000006300000000000000000
0000063400000002d412a000
00000638000000083fa5a000
0000063c0000000b00000580
000006400000000600000000
0000064400000016ffffff53
000006480000001200000001
0000064c0000000e00000000
000006500000001400002780
000006540000000500000000
000006580000001c00000004
0000065c0000001a00000000
000006600000001a00000000
000006640000001b00000664
000006680000001b00000664
0000066c0000000000000000
0000067000000019000000ad
000006740000000000000000
000006800000001c00000003
000006840000000000000000
0000065c0000001a00000001
000006600000001a00000008
000006640000001b00000664
000006680000001b0000066c
0000066c0000000000000000
0000067800000019000000b0
0000067c0000000000000000
000006800000001c00000002
000006840000000000000000
0000065c0000001a00000000
000006600000001a00000000
000006640000001b00000664
000006680000001b00000664
0000066c0000000000000000
0000067000000019000000b1
000006740000000000000000
000006800000001c00000001
000006840000000000000000
0000065c0000001a00000001
000006600000001a00000008
000006640000001b00000664
000006680000001b0000066c
0000066c0000000000000000
0000067800000019000000b4
0000067c0000000000000000
000006800000001c00000000
000006840000000000000000
00000688000000010000068c
000006900000000a0000068c
000006940000000100000698
000006a40000000b00000698
000006a800000001000006ac
000006b80000000c000006ac
000006bc00000001000006c0
000006cc0000000d000006c0
000006d000000001000006d4
000006e00000000e000006d4
000006e400000001000006e8
000006f40000000f000006e8
000006f800000001000006fc
0000070800000010000006fc
0000070c0000000100000710
0000071c0000001400000000
000007200000000000000000
000007100000000900000000
0000071400000001000006fc
000007180000000000000000
000006fc000000149b443000
0000070000000001000006e8
000007040000000000000000
000006e80000001700000000
000006ec00000001000006d4
000006f00000000000000000
000006d40000001700000001
000006d800000001000006c0
000006dc0000000000000000
000006c00000000800000001
000006c400000001000006ac
000006c80000000000000000
000006ac0000001425000152
000006b00000000100000698
000006b40000000000000000
000006980000000700000000
0000069c000000010000068c
000006a00000000000000000
0000068c0000000000000000
000007240000000b40000000
000007280000000e00000001
0000072c00000011000006ad
000007300000001d00000003
000007340000000b00000000
000007380000000400000000
0000073c0000000900000000
000007400000000a000006ac
000007440000001521911744
000007480000001100000360
0000074c0000001d00000002
000007500000000000000000
000007340000000b00000000
000007380000000400000000
0000073c0000000900000000
000007400000000a0000035f
000007440000001521911744
000007480000001100000360
0000074c0000001d00000001
000007500000000000000000
000007340000000b00000000
000007380000000400000000
0000073c0000000900000000
000007400000000a0000035f
000007440000001521911744
000007480000001100000360
0000074c0000001d00000000
000007500000000000000000
000007540000000326412000
000007580000000bf0000000
0000075c0000000100000760
000007640000000a00000760
00000768000000010000076c
000007780000000b0000076c
0000077c0000000100000780
0000078c0000001600000008
000007900000000000000000
0000078000000016fffff904
00000784000000010000076c
000007880000000000000000
0000076c0000000300000001
000007700000000100000760
000007740000000000000000
000007600000000000000000
000007940000000c00000000
000007980000000800000000
0000079c0000000000000000
000007a00000000d00000740
000007a400000009000001df
000007a80000000000000000
000007ac0000000a00000761
000007b00000001000000000
000007b40000001400000000
000007b80000000adaffffff
000007bc0000000000000000
000007c000000016000006e8
000007c400000011daffffff
000007c80000001100000000
000007cc00000001000007d0
000007d40000000a000007d0
000007d800000001000007dc
000007e80000000b000007dc
000007ec00000001000007f0
000007fc0000000c000007f0
000008000000000100000804
000008100000000d00000804
000008140000000100000818
000008240000000e00000818
00000828000000010000082c
000008380000000f0000082c
0000083c0000000100000840
0000084c00000008c0474000
000008500000000000000000
000008400000000400000000
00000844000000010000082c
000008480000000000000000
0000082c0000000200000000
000008300000000100000818
000008340000000000000000
000008180000000800002201
0000081c0000000100000804
000008200000000000000000
0000080400000007f4f27000
0000080800000001000007f0
0000080c0000000000000000
000007f00000000934a0f000
000007f400000001000007dc
000007f80000000000000000
000007dc0000001610c88ba2
000007e000000001000007d0
000007e40000000000000000
000007d00000000000000000
000008540000000d00000001
000008580000001d00000005
0000085c0000001500000008
000008600000001d00000004
000008640000000000000000
0000085c0000001500000008
000008600000001d00000003
000008640000000000000000
0000085c0000001500000008
000008600000001d00000002
000008640000000000000000
0000085c0000001500000008
000008600000001d00000001
000008640000000000000000
0000085c0000001500000008
000008600000001d00000000
000008640000000000000000
000008680000001200000396
0000086c0000001600000000
000008700000001400000000
000008740000000000000000
000008780000001700000000
0000087c0000000100000000
0000088000000004000007f6
000008840000000817885000
000008880000000a00000001
0000088c0000000000000000
000008900000000300000000
000008940000000000000000
000008980000001200000001
0000089c00000016000007ff
000008a00000001d00000002
000008a400000009f4f27000
000008a80000000600000818
000008ac0000001d00000001
000008b00000000000000000
000008a400000009f4f27000
000008a80000000600000818
000008ac0000001d00000000
000008b00000000000000000
000008b40000000b00000000
000008b80000000600000001
000008bc0000001c00000004
000008c00000001a00000000
000008c40000001a00000000
000008c80000001b000008c8
000008cc0000001b000008c8
000008d000000001000008d4
000008d400000019000000b5
000008d80000000000000000
000008e40000001c00000003
000008e80000000000000000
000008c00000001a00000001
000008c40000001a00000008
000008c80000001b000008c8
000008cc0000001b000008d0
000008d000000001000008d4
000008dc00000019000000b8
000008e00000000000000000
000008e40000001c00000002
000008e80000000000000000
000008c00000001a00000000
000008c40000001a00000000
000008c80000001b000008c8
000008cc0000001b000008c8
000008d000000001000008d4
000008d400000019000000b9
000008d80000000000000000
000008e40000001c00000001
000008e80000000000000000
000008c00000001a00000001
000008c40000001a00000008
000008c80000001b000008c8
000008cc0000001b000008d0
000008d000000001000008d4
000008dc00000019000000bc
000008e00000000000000000
000008e40000001c00000000
000008e80000000000000000
000008ec0000000c00000000
000008f00000001725000000
000008f40000000000000000
000008f80000000300000000
000008fc00000004cbb4a000
000009000000000f000008d0
000009040000000000000000
00000908000000160ca5e908
0000090c0000001700000000
000009100000000f250007ff
000009140000000100000000
000009180000001600002301
0000091c0000000600000000
000009200000000600000001
000009240000001d00000004
000009280000000f00000000
0000092c0000000200000004
000009300000000700000000
000009340000000000000000
000009380000001500000000
0000093c0000001d00000003
000009400000000000000000
000009280000000f00000000
0000092c0000000200000003
000009300000000700000000
000009340000000000000000
000009380000001500000000
0000093c0000001d00000002
000009400000000000000000
000009280000000f00000000
0000092c0000000200000002
000009300000000700000000
000009340000000000000000
000009380000001500000000
0000093c0000001d00000001
000009400000000000000000
000009280000000f00000000
0000092c0000000200000001
000009300000000700000000
000009340000000000000000
000009380000001500000000
0000093c0000001d00000000
000009400000000000000000
000009440000000000000000
0000094c0000000000000000
0000095000000008fcbb4a00
000009540000000100000000
000009580000000c00000001
0000095c0000000800000001
000009600000000500000000
000009640000000100000968
0000096c0000001600000000
000009700000000000000000
000009680000000000000000
000009740000000e000011fb
00000978000000010000097c
000009800000000a0000097c
000009840000000100000988
000009940000000b00000988
00000998000000010000099c
000009a80000000c0000099c
000009ac00000001000009b0
000009bc0000000800000000
000009c00000000000000000
000009b000000017d09d7000
000009b4000000010000099c
000009b80000000000000000
0000099c0000000000000000
000009a00000000100000988
000009a40000000000000000
0000098800000016cbb4a8d0
0000098c000000010000097c
000009900000000000000000
0000097c0000000000000000
000009c40000000100000001
000009c800000001000009cc
000009d00000000a000009cc
000009d400000001000009d8
000009e40000000b000009d8
000009e800000001000009ec
000009f80000000c000009ec
000009fc0000000100000a00
00000a0c0000000d00000a00
00000a100000000100000a14
00000a200000000e00000a14
00000a240000000100000a28
00000a340000000f00000a28
00000a380000000100000a3c
00000a480000001000000a3c
00000a4c0000000100000a50
00000a5c0000001100000a50
00000a600000000100000a64
00000a700000001400000000
00000a740000000000000000
00000a640000001700000001
00000a680000000100000a50
00000a6c0000000000000000
00000a500000001500000a3c
00000a540000000100000a3c
00000a580000000000000000
00000a3c0000001700000001
00000a400000000100000a28
00000a440000000000000000
00000a280000000631772000
00000a2c0000000100000a14
00000a300000000000000000
00000a140000001700000000
00000a180000000100000a00
00000a1c0000000000000000
00000a000000001600000000
00000a0400000001000009ec
00000a080000000000000000
000009ec00000006000000bd
000009f000000001000009d8
000009f40000000000000000
000009d800000015679c7000
000009dc00000001000009cc
000009e00000000000000000
000009cc0000000000000000
00000a780000000100000a7c
00000a800000000a00000a7c
00000a840000000100000a88
00000a940000000b00000a88
00000a980000000100000a9c
00000aa800000008000000bc
00000aac0000000000000000
00000a9c0000000000000000
00000aa00000000100000a88
00000aa40000000000000000
00000a880000000900000001
00000a8c0000000100000a7c
00000a900000000000000000
00000a7c0000000000000000
00000ab00000001300000001
00000ab40000000400002400
00000ab80000000100000abc
00000ac00000000300000001
00000ac40000000000000000
00000abc0000000000000000
00000ac80000000000000000
00000ad00000000400000a00
00000ad40000001d00000005
00000ad800000002fffff800
00000adc0000001d00000004
00000ae00000000000000000
00000ad800000002fffff800
00000adc0000001d00000003
00000ae00000000000000000
00000ad800000002fffff800
00000adc0000001d00000002
00000ae00000000000000000
00000ad800000002fffff800
00000adc0000001d00000001
00000ae00000000000000000
00000ad800000002fffff800
00000adc0000001d00000000
00000ae00000000000000000
00000ae40000001700000000
00000ae80000000000000000
00000af800000013fffff27c
00000afc0000000e00000000
00000b000000000000000000
00000b040000000000000000
00000b080000000200000abc
00000b0c0000000400000000
00000b100000000000000000
00000b240000001d00000005
00000b280000000f00000000
00000b2c000000116a115000
00000b3000000013000000bd
00000b340000000d00000002
00000b380000001d00000004
00000b3c0000000000000000
00000b280000000f00000000
00000b2c000000116a115000
00000b3000000013000000bd
00000b340000000d00000002
00000b380000001d00000003
00000b3c0000000000000000
00000b280000000f00000000
00000b2c000000116a115000
00000b3000000013000000bd
00000b340000000d00000002
00000b380000001d00000002
00000b3c0000000000000000
00000b280000000f00000000
00000b2c000000116a115000
00000b3000000013000000bd
00000b340000000d00000002
00000b380000001d00000001
00000b3c0000000000000000
00000b280000000f00000000
00000b2c000000116a115000
00000b3000000013000000bd
00000b340000000d00000002
00000b380000001d00000000
00000b3c0000000000000000
00000b400000000900000001
00000b440000001300000001
00000b480000001300000000
00000b4c0000001d00000003
00000b5000000010000005cd
00000b540000001d00000002
00000b580000000000000000
00000b5000000010000005cd
00000b540000001d00000001
00000b580000000000000000
00000b5000000010000005cd
00000b540000001d00000000
00000b580000000000000000
00000b5c0000001d00000002
00000b600000000e00000001
00000b640000001500000000
00000b680000000affffffff
00000b6c0000000100000013
00000b700000001d00000001
00000b740000000000000000
00000b600000000e00000001
00000b640000001500000000
00000b680000000affffffff
00000b6c0000000100000013
00000b700000001d00000000
00000b740000000000000000
00000b780000000b00002200
00000b7c0000001c00000004
00000b800000001a00000000
00000b840000001a00000000
00000b880000001b00000b88
00000b8c0000001b00000b88
00000b900000000100000b94
00000b9400000019000000bd
00000b980000000000000000
00000ba40000001c00000003
00000ba80000000000000000
00000b800000001a00000001
00000b840000001a00000008
00000b880000001b00000b88
00000b8c0000001b00000b90
00000b900000000100000b94
00000b9c00000019000000c0
00000ba00000000000000000
00000ba40000001c00000002
00000ba80000000000000000
00000b800000001a00000000
00000b840000001a00000000
00000b880000001b00000b88
00000b8c0000001b00000b88
00000b900000000100000b94
00000b9400000019000000c1
00000b980000000000000000
00000ba40000001c00000001
00000ba80000000000000000
00000b800000001a00000001
00000b840000001a00000008
00000b880000001b00000b88
00000b8c0000001b00000b90
00000b900000000100000b94
00000b9c00000019000000c4
00000ba00000000000000000
00000ba40000001c00000000
00000ba80000000000000000
00000bac0000000100000bb0
00000bb40000000a00000bb0
00000bb80000000100000bbc
00000bc80000000b00000bbc
00000bcc0000000100000bd0
00000bdc0000000c00000bd0
00000be00000000100000be4
00000bf00000000d00000be4
00000bf40000000100000bf8
00000c040000000e00000bf8
00000c080000000100000c0c
00000c180000000f00000c0c
00000c1c0000000100000c20
00000c2c0000001000000c20
00000c300000000100000c34
00000c400000001100000c34
00000c440000000100000c48
00000c540000000300000001
00000c580000000000000000
00000c480000000600000bd0
00000c4c0000000100000c34
00000c500000000000000000
00000c340000000500000001
00000c380000000100000c20
00000c3c0000000000000000
00000c200000000700000000
00000c240000000100000c0c
00000c280000000000000000
00000c0c0000001600000606
00000c100000000100000bf8
00000c140000000000000000
00000bf80000000800000000
00000bfc0000000100000be4
00000c000000000000000000
00000be4000000070be5bbe4
00000be80000000100000bd0
00000bec0000000000000000
00000bd000000003f41a441c
00000bd40000000100000bbc
00000bd80000000000000000
00000bbc00000004000c4000
00000bc00000000100000bb0
00000bc40000000000000000
00000bb00000000000000000
00000c5c0000001505f2ddf2
00000c600000001d00000002
00000c640000001600000001
00000c680000001d00000001
00000c6c0000000000000000
00000c640000001600000001
00000c680000001d00000000
00000c6c0000000000000000
00000c700000000c00000000
00000c7400000004fa0d25f2
00000c780000000a00000000
00000c7c0000000000000000
00000c840000000f00000000
00000c880000001700000000
00000c8c00000013e5bbe400
00000c9000000010000000a0
00000c940000000e2923b000
00000c980000001c00000004
00000c9c0000001a00000000
00000ca00000001a00000000
00000ca40000001b00000ca4
00000ca80000001b00000ca4
00000cac0000000000000000
00000cb000000019000000c5
00000cb40000000000000000
00000cc00000001c00000003
00000cc40000000000000000
00000c9c0000001a00000001
00000ca00000001a00000008
00000ca40000001b00000ca4
00000ca80000001b00000cac
00000cac0000000000000000
00000cb800000019000000c8
00000cbc0000000000000000
00000cc00000001c00000002
00000cc40000000000000000
00000c9c0000001a00000000
00000ca00000001a00000000
00000ca40000001b00000ca4
00000ca80000001b00000ca4
00000cac0000000000000000
00000cb000000019000000c9
00000cb40000000000000000
00000cc00000001c00000001
00000cc40000000000000000
00000c9c0000001a00000001
00000ca00000001a00000008
00000ca40000001b00000ca4
00000ca80000001b00000cac
00000cac0000000000000000
00000cb800000019000000cc
00000cbc0000000000000000
00000cc00000001c00000000
00000cc40000000000000000
00000cc8000000140be5c890
00000ccc0000000900000001
00000cd00000001d00000006
00000cd400000005000003e4
00000cd80000001100002200
00000cdc0000001d00000005
00000ce00000000000000000
00000cd400000005000003e4
00000cd80000001100002200
00000cdc0000001d00000004
00000ce00000000000000000
00000cd400000005000003e4
00000cd80000001100002200
00000cdc0000001d00000003
00000ce00000000000000000
00000cd400000005000003e4
00000cd80000001100002200
00000cdc0000001d00000002
00000ce00000000000000000
00000cd400000005000003e4
00000cd80000001100002200
00000cdc0000001d00000001
00000ce00000000000000000
00000cd400000005000003e4
00000cd80000001100002200
00000cdc0000001d00000000
00000ce00000000000000000
00000ce40000000700000000
00000ce80000000000000000
00000cec0000000100000000
00000cf000000001874e5000
00000cf40000000f0000017b
00000cf80000000900000000
00000cfc0000001200000001
00000d000000001600000000
00000d040000000000000000
00000d0c0000000b00000be4
00000d100000000a0cac0000
00000d140000000000000000
00000d180000000000000000
00000d2c000000090cac0000
00000d30000000110be5c890
00000d340000000000000000
00000d380000001c00000003
00000d3c0000001a00000001
00000d400000001a00000008
00000d440000001b00000d44
00000d480000001b00000d4c
00000d4c0000000100000d50
00000d5800000019000000cf
00000d5c0000000000000000
00000d600000001c00000002
00000d640000000000000000
00000d3c0000001a00000000
00000d400000001a00000000
00000d440000001b00000d44
00000d480000001b00000d44
00000d4c0000000100000d50
00000d5000000019000000d0
00000d540000000000000000
00000d600000001c00000001
00000d640000000000000000
00000d3c0000001a00000001
00000d400000001a00000008
00000d440000001b00000d44
00000d480000001b00000d4c
00000d4c0000000100000d50
00000d5800000019000000d3
00000d5c0000000000000000
00000d600000001c00000000
00000d640000000000000000
00000d680000000700000001
00000d6c0000000300000dc7
00000d700000000f00000be5
00000d740000001000000000
00000d780000000000000000
00000d7c0000000d00000dc7
00000d800000000a00000000
00000d840000000000000000
00000d940000001300000000
00000d980000001200000be5
00000d9c00000014000005c7
00000da00000000c00000bf7
00000da400000007ffffde01
00000da80000000200000001
00000dac0000000f00000000
00000db00000000000000000
00000db40000000000000000
00000db800000012fffff84e
00000dbc0000000f00000000
00000dc00000000900000000
00000dc40000001300002000
00000dc80000000100000dcc
00000dd00000000a00000dcc
00000dd40000000100000dd8
00000de40000000b00000dd8
00000de80000000100000dec
00000df80000000c00000dec
00000dfc0000000100000e00
00000e0c0000000500000000
00000e100000000000000000
00000e00000000035338c000
00000e040000000100000dec
00000e080000000000000000
00000dec0000000000000000
00000df00000000100000dd8
00000df40000000000000000
00000dd80000000000000000
00000ddc0000000100000dcc
00000de00000000000000000
00000dcc0000000000000000
00000e140000000000000000
00000e180000000a80000000
00000e1c0000000300000ded
00000e2000000015fffffe04
00000e240000001500000000
00000e280000000100000e2c
00000e300000000a00000e2c
00000e340000000100000e38
00000e440000000b00000e38
00000e480000000100000e4c
00000e580000000c00000e4c
00000e5c0000000100000e60
00000e6c0000000d00000e60
00000e700000000100000e74
00000e800000000e00000e74
00000e840000000100000e88
00000e9400000009fc836e94
00000e980000000000000000
00000e880000000202200000
00000e8c0000000100000e74
00000e900000000000000000
00000e740000000400000000
00000e780000000100000e60
00000e7c0000000000000000
00000e600000000500000000
00000e640000000100000e4c
00000e680000000000000000
00000e4c0000000400000000
00000e500000000100000e38
00000e540000000000000000
00000e380000000869800000
00000e3c0000000100000e2c
00000e400000000000000000
00000e2c0000000000000000
00000e9c0000001100000000
00000ea00000000000000000
00000ea40000000100000ea8
00000eac0000000a00000ea8
00000eb00000000100000eb4
00000ec00000000b00000eb4
00000ec40000000100000ec8
00000ed40000000c00000ec8
00000ed80000000100000edc
00000ee80000000d00000edc
00000eec0000000100000ef0
00000efc0000000e00000ef0
00000f000000000100000f04
00000f100000000f00000f04
00000f140000000100000f18
00000f240000001000000f18
00000f280000000100000f2c
00000f380000001100000f2c
00000f3c0000000100000f40
00000f4c0000001200000f40
00000f500000000100000f54
00000f600000001400000000
00000f640000000000000000
00000f540000000476400000
00000f580000000100000f40
00000f5c0000000000000000
00000f400000000500000000
00000f440000000100000f2c
00000f480000000000000000
00000f2c0000000600000937
00000f300000000100000f18
00000f340000000000000000
00000f1800000003fffffb77
00000f1c0000000100000f04
00000f200000000000000000
00000f040000000300000000
00000f080000000100000ef0
00000f0c0000000000000000
00000ef000000008021ff110
00000ef40000000100000edc
00000ef80000000000000000
00000edc0000001700000000
00000ee00000000100000ec8
00000ee40000000000000000
00000ec80000000600001800
00000ecc0000000100000eb4
00000ed00000000000000000
00000eb40000001700000000
00000eb80000000100000ea8
00000ebc0000000000000000
00000ea80000000000000000
00000f680000000200000bfd
00000f6c0000000900000e44
00000f700000000a00000058
00000f740000000000000000
00000f780000001666326000
00000f7c00000015a8008000
00000f800000000560000000
00000f840000001d00000004
00000f8800000004ffffffff
00000f8c0000000700000001
00000f900000000100000e45
00000f940000000bf279a000
00000f980000001d00000003
00000f9c0000000000000000
00000f880000000400000000
00000f8c0000000700000001
00000f900000000100000e45
00000f940000000bf279a000
00000f980000001d00000002
00000f9c0000000000000000
00000f880000000400000000
00000f8c0000000700000001
00000f900000000100000e45
00000f940000000bf279a000
00000f980000001d00000001
00000f9c0000000000000000
00000f880000000400000000
00000f8c0000000700000001
00000f900000000100000e45
00000f940000000bf279a000
00000f980000001d00000000
00000f9c0000000000000000
00000fa00000001600000000
00000fa40000001700000ffd
00000fa80000001d00000004
00000fac0000001500000001
00000fb00000000200000000
00000fb40000001600000000
00000fb80000000600000000
00000fbc0000001d00000003
00000fc00000000000000000
00000fac0000001500000001
00000fb00000000200000000
00000fb40000001600000000
00000fb80000000600000000
00000fbc0000001d00000002
00000fc00000000000000000
00000fac0000001500000001
00000fb00000000200000000
00000fb40000001600000000
00000fb80000000600000000
00000fbc0000001d00000001
00000fc00000000000000000
00000fac0000001500000001
00000fb00000000200000000
00000fb40000001600000000
00000fb80000000600000000
00000fbc0000001d00000000
00000fc00000000000000000
00000fc40000000100000fc8
00000fcc0000000a00000fc8
00000fd00000000100000fd4
00000fe00000000b00000fd4
00000fe40000000100000fe8
00000ff40000000c00000fe8
00000ff80000000100000ffc
000010080000000d00000ffc
0000100c0000000100001010
0000101c0000000e00001010
000010200000000100001024
000010300000000f00001024
000010340000000100001038
000010440000001000001038
00001048000000010000104c
00001058000000110000104c
0000105c0000000100001060
0000106c0000001200001060
000010700000000100001074
0000108000000002021ff110
000010840000000000000000
000010740000001500000000
000010780000000100001060
0000107c0000000000000000
000010600000000900000000
00001064000000010000104c
000010680000000000000000
0000104c0000000000000000
000010500000000100001038
000010540000000000000000
00001038000000164141a000
0000103c0000000100001024
000010400000000000000000
000010240000000300000000
000010280000000100001010
0000102c0000000000000000
000010100000000000000000
000010140000000100000ffc
000010180000000000000000
00000ffc000000081b7cf000
000010000000000100000fe8
000010040000000000000000
00000fe800000008785a5fe8
00000fec0000000100000fd4
00000ff00000000000000000
00000fd40000000600000001
00000fd80000000100000fc8
00000fdc0000000000000000
00000fc80000000000000000
000010880000001600000000
0000108c0000000400000001
000010900000000100000fc8
000010940000000800000000
000010980000000000000000
0000109c00000008890f1000
000010a00000001c00000004
000010a40000001a00000000
000010a80000001a00000000
000010ac0000001b000010ac
000010b00000001b000010ac
000010b400000001000010b8
000010b800000019000000d4
000010bc0000000000000000
000010c80000001c00000003
000010cc0000000000000000
000010a40000001a00000001
000010a80000001a00000008
000010ac0000001b000010ac
000010b00000001b000010b4
000010b400000001000010b8
000010c000000019000000d7
000010c40000000000000000
000010c80000001c00000002
000010cc0000000000000000
000010a40000001a00000000
000010a80000001a00000000
000010ac0000001b000010ac
000010b00000001b000010ac
000010b400000001000010b8
000010b800000019000000d8
000010bc0000000000000000
000010c80000001c00000001
000010cc0000000000000000
000010a40000001a00000001
000010a80000001a00000008
000010ac0000001b000010ac
000010b00000001b000010b4
000010b400000001000010b8
000010c000000019000000db
000010c40000000000000000
000010c80000001c00000000
000010cc0000000000000000
000010d00000001300000000
000010d40000000000000000
000010d80000000000000000
000010dc0000001144334000
000010e00000000800001060
000010e40000000000000000
000010e80000001300000000
000010ec0000000600000000
000010f00000000100000fe9
000010f40000001200102400
000010f80000000a000000db
000010fc0000000100001100
000011040000000a00001100
00001108000000010000110c
000011180000000b0000110c
0000111c0000000100001120
0000112c0000000c00001120
000011300000000100001134
000011400000000d00001134
000011440000000100001148
000011540000000e00001148
00001158000000010000115c
000011680000000f0000115c
0000116c0000000100001170
0000117c0000001000001170
000011800000000100001184
000011900000001100001184
000011940000000100001198
000011a40000000300000000
000011a80000000000000000
00001198000000042c219000
0000119c0000000100001184
000011a00000000000000000
000011840000001700000000
000011880000000100001170
0000118c0000000000000000
000011700000001600000001
00001174000000010000115c
000011780000000000000000
0000115c0000000200000001
000011600000000100001148
000011640000000000000000
000011480000000000000000
0000114c0000000100001134
000011500000000000000000
000011340000001400000000
000011380000000100001120
0000113c0000000000000000
000011200000000260000001
00001124000000010000110c
000011280000000000000000
0000110c000000050000115c
000011100000000100001100
000011140000000000000000
000011000000000000000000
000011ac0000000c00000000
000011b000000004e2240000
000011b40000000000000000
000011b80000000000000000
000011bc000000096930a000
000011c000000001000011c4
000011c80000000a000011c4
000011cc00000001000011d0
000011dc0000000b000011d0
000011e000000001000011e4
000011f00000000c000011e4
000011f400000001000011f8
000012040000000d000011f8
00001208000000010000120c
000012180000000e0000120c
0000121c0000000100001220
0000122c000000090000115c
000012300000000000000000
000012200000000200000000
00001224000000010000120c
000012280000000000000000
0000120c0000001700000000
0000121000000001000011f8
000012140000000000000000
000011f80000000700000000
000011fc00000001000011e4
000012000000000000000000
000011e40000000600000000
000011e800000001000011d0
000011ec0000000000000000
000011d00000000900000000
000011d400000001000011c4
000011d80000000000000000
000011c40000000000000000
000012340000000a00000000
000012380000000000000000
0000123c0000000ff593e23c
000012400000001d00000005
000012440000000000000000
000012480000000c000011e0
0000124c00000001ffffee31
000012500000000200000000
000012540000000e00000000
000012580000001d00000004
0000125c0000000000000000
000012440000000000000000
000012480000000c000011e0
0000124c00000001ffffee31
000012500000000200000000
000012540000000e00000000
000012580000001d00000003
0000125c0000000000000000
000012440000000000000000
000012480000000c000011e0
0000124c00000001ffffee31
000012500000000200000000
000012540000000e00000000
000012580000001d00000002
0000125c0000000000000000
000012440000000000000000
000012480000000c000011e0
0000124c00000001ffffee31
000012500000000200000000
000012540000000e00000000
000012580000001d00000001
0000125c0000000000000000
000012440000000000000000
000012480000000c000011e0
0000124c00000001ffffee31
000012500000000200000000
000012540000000e00000000
000012580000001d00000000
0000125c0000000000000000
000012600000000100000ffd
000012640000001300000dfd
000012680000000000000000
0000126c0000001000000000
000012700000000000000000
000012740000000900000000
000012780000000df593e23d
0000127c0000000e0000001b
000012800000001c00000004
000012840000001a00000000
000012880000001a00000000
0000128c0000001b0000128c
000012900000001b0000128c
000012940000000000000000
0000129800000019000000dc
0000129c0000000000000000
000012a80000001c00000003
000012ac0000000000000000
000012840000001a00000001
000012880000001a00000008
0000128c0000001b0000128c
000012900000001b00001294
000012940000000000000000
000012a000000019000000df
000012a40000000000000000
000012a80000001c00000002
000012ac0000000000000000
000012840000001a00000000
000012880000001a00000000
0000128c0000001b0000128c
000012900000001b0000128c
000012940000000000000000
0000129800000019000000e0
0000129c0000000000000000
000012a80000001c00000001
000012ac0000000000000000
000012840000001a00000001
000012880000001a00000008
0000128c0000001b0000128c
000012900000001b00001294
000012940000000000000000
000012a000000019000000e3
000012a40000000000000000
000012a80000001c00000000
000012ac0000000000000000
000012b00000000800000000
000012b400000011000011fb
000012b800000001000012bc
000012c00000000a000012bc
000012c400000001000012c8
000012d40000000b000012c8
000012d800000001000012dc
000012e80000000c000012dc
000012ec00000001000012f0
000012fc0000001600000001
000013000000000000000000
000012f0000000035222e000
000012f400000001000012dc
000012f80000000000000000
000012dc0000000800000000
000012e000000001000012c8
000012e40000000000000000
000012c80000000200000001
000012cc00000001000012bc
000012d00000000000000000
000012bc0000000000000000
0000130400000017529d1304
0000130800000014f593e23c
0000130c0000000000000000
000013180000000000000000
0000131c0000001d00000006
000013200000000e00000000
0000132400000010136fe23d
000013280000001d00000005
0000132c0000000000000000
000013200000000e00000000
0000132400000010136fe23d
000013280000001d00000004
0000132c0000000000000000
000013200000000e00000000
0000132400000010136fe23d
000013280000001d00000003
0000132c0000000000000000
000013200000000e00000000
0000132400000010136fe23d
000013280000001d00000002
0000132c0000000000000000
000013200000000e00000000
0000132400000010136fe23d
000013280000001d00000001
0000132c0000000000000000
000013200000000e00000000
0000132400000010136fe23d
000013280000001d00000000
0000132c0000000000000000
000013300000000000000000
0000133400000013e2240000
0000133800000012965c2338
0000133c0000000a4af00000
000013400000001c00000003
000013440000001a00000001
000013480000001a00000008
0000134c0000001b0000134c
000013500000001b00001354
000013540000000000000000
0000136000000019000000e6
000013640000000000000000
000013680000001c00000002
0000136c0000000000000000
000013440000001a00000000
000013480000001a00000000
0000134c0000001b0000134c
000013500000001b0000134c
000013540000000000000000
0000135800000019000000e7
0000135c0000000000000000
000013680000001c00000001
0000136c0000000000000000
000013440000001a00000001
000013480000001a00000008
0000134c0000001b0000134c
000013500000001b00001354
000013540000000000000000
0000136000000019000000ea
000013640000000000000000
000013680000001c00000000
0000136c0000000000000000
000013700000001300000000
000013740000001500000000
000013780000001c00000003
0000137c0000001a00000001
000013800000001a00000008
000013840000001b00001384
000013880000001b0000138c
0000138c0000000100001390
0000139800000019000000ed
0000139c0000000000000000
000013a00000001c00000002
000013a40000000000000000
0000137c0000001a00000000
000013800000001a00000000
000013840000001b00001384
000013880000001b00001384
0000138c0000000100001390
0000139000000019000000ee
000013940000000000000000
000013a00000001c00000001
000013a40000000000000000
0000137c0000001a00000001
000013800000001a00000008
000013840000001b00001384
000013880000001b0000138c
0000138c0000000100001390
0000139800000019000000f1
0000139c0000000000000000
000013a00000001c00000000
000013a40000000000000000
000013a80000000f00000000
000013ac0000000400000000
000013b00000000200000001
000013b40000000000000000
000013b80000000500000000
000013bc00000006000009b7
000013c00000000cf593e23f
000013c40000001000000ffe
000013c800000017fffffffe
000013cc000000055222e200
000013d000000001000013d4
000013d80000000a000013d4
000013dc00000001000013e0
000013ec0000000b000013e0
000013f000000001000013f4
000014000000000c000013f4
000014040000000100001408
000014140000000d00001408
00001418000000010000141c
000014280000000700000001
0000142c0000000000000000
0000141c0000001500000000
000014200000000100001408
000014240000000000000000
000014080000000584d98408
0000140c00000001000013f4
000014100000000000000000
000013f40000000600000000
000013f800000001000013e0
000013fc0000000000000000
000013e00000000740000000
000013e400000001000013d4
000013e80000000000000000
000013d40000000000000000
000014300000000e00000000
000014340000000f00000000
000014380000000300002000
0000143c0000000000000000
0000145000000007546d7450
000014540000000100001458
0000145c0000000a00001458
000014600000000100001464
000014700000000b00001464
000014740000000100001478
000014840000000c00001478
00001488000000010000148c
000014980000000d0000148c
0000149c00000001000014a0
000014ac0000000e000014a0
000014b000000001000014b4
000014c00000000f000014b4
000014c400000001000014c8
000014d400000010000014c8
000014d800000001000014dc
000014e800000011000014dc
000014ec00000001000014f0
000014fc00000012000014f0
000015000000000100001504
000015100000001300001504
000015140000000100001518
000015240000001700000001
000015280000000000000000
000015180000000500000000
0000151c0000000100001504
000015200000000000000000
000015040000000700000000
0000150800000001000014f0
0000150c0000000000000000
000014f00000000000000000
000014f400000001000014dc
000014f80000000000000000
000014dc0000000000000000
000014e000000001000014c8
000014e40000000000000000
000014c80000001400000000
000014cc00000001000014b4
000014d00000000000000000
000014b40000000000000000
000014b800000001000014a0
000014bc0000000000000000
000014a00000001400000000
000014a4000000010000148c
000014a80000000000000000
0000148c0000000800000000
000014900000000100001478
000014940000000000000000
000014780000000600000000
0000147c0000000100001464
000014800000000000000000
000014640000000200000028
000014680000000100001458
0000146c0000000000000000
000014580000000000000000
0000152c0000001100000001
000015300000000100001534
000015380000000800000000
0000153c0000000000000000
000015340000000000000000
000015400000001c00000003
000015440000001a00000001
000015480000001a00000008
0000154c0000001b0000154c
000015500000001b00001554
000015540000000000000000
0000156000000019000000f4
000015640000000000000000
000015680000001c00000002
0000156c0000000000000000
000015440000001a00000000
000015480000001a00000000
0000154c0000001b0000154c
000015500000001b0000154c
000015540000000000000000
0000155800000019000000f5
0000155c0000000000000000
000015680000001c00000001
0000156c0000000000000000
000015440000001a00000001
000015480000001a00000008
0000154c0000001b0000154c
000015500000001b00001554
000015540000000000000000
0000156000000019000000f8
000015640000000000000000
000015680000001c00000000
0000156c0000000000000000
000015700000000900000000
000015740000000700000000
000015780000000000000000
0000158c0000000400001554
000015900000001d00000006
000015940000000300001505
000015980000000600000000
0000159c0000001600000000
000015a00000000200000000
000015a40000001d00000005
000015a80000000000000000
000015940000000300001505
000015980000000600000000
0000159c0000001600000000
000015a00000000200000000
000015a40000001d00000004
000015a80000000000000000
000015940000000300001505
000015980000000600000000
0000159c0000001600000000
000015a00000000200000000
000015a40000001d00000003
000015a80000000000000000
000015940000000300001505
000015980000000600000000
0000159c0000001600000000
000015a00000000200000000
000015a40000001d00000002
000015a80000000000000000
000015940000000300001505
000015980000000600000000
0000159c0000001600000000
000015a00000000200000000
000015a40000001d00000001
000015a80000000000000000
000015940000000300001505
000015980000000600000000
0000159c0000001600000000
000015a00000000200000000
000015a40000001d00000000
000015a80000000000000000
000015ac0000001d00000004
000015b00000001100000001
000015b40000000700000000
000015b80000000400000001
000015bc0000000b00000000
000015c00000000c00000000
000015c40000000000000000
000015c80000001d00000003
000015cc0000000000000000
000015b00000001100000001
000015b40000000700000000
000015b80000000400000000
000015bc0000000b00000000
000015c00000000c00000000
000015c40000000000000000
000015c80000001d00000002
000015cc0000000000000000
000015b00000001100000001
000015b40000000700000000
000015b80000000400000000
000015bc0000000b00000000
000015c00000000c00000000
000015c40000000000000000
000015c80000001d00000001
000015cc0000000000000000
000015b00000001100000001
000015b40000000700000000
000015b80000000400000000
000015bc0000000b00000000
000015c00000000c00000000
000015c40000000000000000
000015c80000001d00000000
000015cc0000000000000000
000015d00000001d00000003
000015d40000000000000000
000015d80000000d00000000
000015dc0000000100014b40
000015e00000000100000001
000015e40000000900000001
000015e80000000900002940
000015ec0000001d00000002
000015f00000000000000000
000015d40000000000000000
000015d80000000d00000000
000015dc0000000100014b40
000015e00000000100000001
000015e40000000900000001
000015e80000000900002940
000015ec0000001d00000001
000015f00000000000000000
000015d40000000000000000
000015d80000000d00000000
000015dc0000000100014b40
000015e00000000100000001
000015e40000000900000001
000015e80000000900002940
000015ec0000001d00000000
000015f00000000000000000
000015f400000008000014a0
000015f80000000b00000029
000015fc0000000000000000
000016000000001700000000
000016040000001500000000
000016080000000e00001554
0000160c0000000100001610
000016140000000a00001610
00001618000000010000161c
000016280000000b0000161c
0000162c0000000100001630
0000163c0000000c00001630
000016400000000100001644
000016500000000d00001644
000016540000000100001658
000016640000000e00001658
00001668000000010000166c
000016780000000f0000166c
0000167c0000000100001680
0000168c000000156f24b68c
000016900000000000000000
000016800000000700001659
00001684000000010000166c
000016880000000000000000
0000166c000000034b0c7000
000016700000000100001658
000016740000000000000000
000016580000001500000000
0000165c0000000100001644
000016600000000000000000
0000164400000017dfff6644
000016480000000100001630
0000164c0000000000000000
000016300000000600000000
00001634000000010000161c
000016380000000000000000
0000161c0000000600000000
000016200000000100001610
000016240000000000000000
000016100000000000000000
000016940000000000000000
000016980000000400000000
0000169c00000017fffffc72
000016a000000001000016a4
000016a80000000a000016a4
000016ac00000001000016b0
000016bc0000000b000016b0
000016c000000001000016c4
000016d00000000c000016c4
000016d400000001000016d8
000016e40000000d000016d8
000016e800000001000016ec
000016f80000000e000016ec
000016fc0000000100001700
0000170c0000000f00001700
000017100000000100001714
000017200000000800000000
000017240000000000000000
000017140000000600000000
000017180000000100001700
0000171c0000000000000000
0000170000000004ffffffff
0000170400000001000016ec
000017080000000000000000
000016ec0000000600000000
000016f000000001000016d8
000016f40000000000000000
000016d80000000000000000
000016dc00000001000016c4
000016e00000000000000000
000016c40000000400000000
000016c800000001000016b0
000016cc0000000000000000
000016b00000001600000000
000016b400000001000016a4
000016b80000000000000000
000016a40000000000000000
000017280000000300000000
0000172c0000001000000000
000017300000000000000000
0000174400000011fffff800
000017480000001300000000
0000174c0000000100000000
000017500000001700000000
000017540000000000000000
000017580000000200000000
0000175c00000005000000f8
0000176000000012000000f8
000017640000001c00000004
000017680000001a00000000
0000176c0000001a00000000
000017700000001b00001770
000017740000001b00001770
00001778000000010000177c
0000177c00000019000000f9
000017800000000000000000
0000178c0000001c00000003
000017900000000000000000
000017680000001a00000001
0000176c0000001a00000008
000017700000001b00001770
000017740000001b00001778
00001778000000010000177c
0000178400000019000000fc
000017880000000000000000
0000178c0000001c00000002
000017900000000000000000
000017680000001a00000000
0000176c0000001a00000000
000017700000001b00001770
000017740000001b00001770
00001778000000010000177c
0000177c00000019000000fd
000017800000000000000000
0000178c0000001c00000001
000017900000000000000000
000017680000001a00000001
0000176c0000001a00000008
000017700000001b00001770
000017740000001b00001778
00001778000000010000177c
000017840000001900000100
000017880000000000000000
0000178c0000001c00000000
000017900000000000000000
000017940000001800000000
000017980000000000000000
000017a00000000000000000
