000000000000001f00002000
000000040000001e00002000
000000080000001e00002200
0000000c00000001f4beb000
0000001000000001f4bea973
0000001400000002dcf4c000
0000001800000002dcf4bb99
0000001c00000003f2a4d000
0000002000000003f2a4d27b
0000002400000004d95bb000
0000002800000004d95bafc8
0000002c000000050e7a2000
00000030000000050e7a269f
000000340000000617722000
0000003800000006177219d3
0000003c0000000715ba3000
000000400000000715ba2bdd
00000044000000085c6e4000
00000048000000085c6e4337
0000004c00000009d5e34000
0000005000000009d5e34124
000000540000000a2b491000
000000580000000a2b491044
0000005c0000000bbc688000
000000600000000bbc688778
000000640000000ccf182000
000000680000000ccf1822ff
0000006c0000000dab737000
000000700000000dab73738f
000000740000000eda94e000
000000780000000eda94e3e8
0000007c0000000f4ee20000
000000800000000f4ee207f8
00000084000000104067c000
00000088000000104067c358
0000008c000000119b1f3000
00000090000000119b1f282e
000000940000001236540000
00000098000000123653f8dd
0000009c000000139b576000
000000a0000000139b575bd1
000000a4000000140925e000
000000a8000000140925e474
000000ac0000001594c9d000
000000b00000001594c9c950
000000b400000016ae662000
000000b800000016ae662675
000000bc00000017288bc000
000000c000000017288bc781
000000c40000001800000002
000000c80000000000000000
000000cc0000000000000000
000000d00000000000000000
000000d40000000800000001
000000d80000000000000000
000000dc0000000f00000000
000000e00000001000000000
000000e40000000600000000
000000e80000000a7d28f000
000000ec00000016e85bf000
000000f00000001c00000005
000000f40000001a00000001
000000f80000001a00000008
000000fc0000001b000000fc
000001000000001b00000104
000001040000000000000000
000001100000001900000003
000001140000000000000000
000001180000001c00000004
0000011c0000000000000000
000000f40000001a00000000
000000f80000001a00000000
000000fc0000001b000000fc
000001000000001b000000fc
000001040000000000000000
000001080000001900000004
0000010c0000000000000000
000001180000001c00000003
0000011c0000000000000000
000000f40000001a00000001
000000f80000001a00000008
000000fc0000001b000000fc
000001000000001b00000104
000001040000000000000000
000001100000001900000007
000001140000000000000000
000001180000001c00000002
0000011c0000000000000000
000000f40000001a00000000
000000f80000001a00000000
000000fc0000001b000000fc
000001000000001b000000fc
000001040000000000000000
000001080000001900000008
0000010c0000000000000000
000001180000001c00000001
0000011c0000000000000000
000000f40000001a00000001
000000f80000001a00000008
000000fc0000001b000000fc
000001000000001b00000104
000001040000000000000000
00000110000000190000000b
000001140000000000000000
000001180000001c00000000
0000011c0000000000000000
0000012000000015a4d27b00
000001240000001c00000003
000001280000001a00000001
0000012c0000001a00000008
000001300000001b00000130
000001340000001b00000138
000001380000000000000000
00000144000000190000000e
000001480000000000000000
0000014c0000001c00000002
000001500000000000000000
000001280000001a00000000
0000012c0000001a00000000
000001300000001b00000130
000001340000001b00000130
000001380000000000000000
0000013c000000190000000f
000001400000000000000000
0000014c0000001c00000001
000001500000000000000000
000001280000001a00000001
0000012c0000001a00000008
000001300000001b00000130
000001340000001b00000138
000001380000000000000000
000001440000001900000012
000001480000000000000000
0000014c0000001c00000000
000001500000000000000000
000001540000000e00000000
000001580000000c00000088
0000015c0000001680000000
000001600000000100000000
000001640000001d00000004
000001680000001700000001
0000016c0000000100000000
00000170000000019b575bd1
000001740000000000000000
000001780000000100000001
0000017c0000001d00000003
000001800000000000000000
000001680000001700000001
0000016c0000000100000000
00000170000000019b575bd1
000001740000000000000000
000001780000000100000001
0000017c0000001d00000002
000001800000000000000000
000001680000001700000001
0000016c0000000100000000
00000170000000019b575bd1
000001740000000000000000
000001780000000100000001
0000017c0000001d00000001
000001800000000000000000
000001680000001700000001
0000016c0000000100000000
00000170000000019b575bd1
000001740000000000000000
000001780000000100000001
0000017c0000001d00000000
000001800000000000000000
000001840000000b000007ff
000001880000000500000001
0000018c0000000000000000
0000019000000008fffff801
000001940000000e78000000
0000019800000001780007ff
0000019c0000000a00000000
000001a00000000000000000
000001a4000000110add15ee
000001a800000001000001ac
000001b00000000a000001ac
000001b400000001000001b8
000001c40000000b000001b8
000001c800000001000001cc
000001d80000000c000001cc
000001dc00000001000001e0
000001ec0000000d000001e0
000001f000000001000001f4
000002000000000e000001f4
000002040000000100000208
000002140000000f00000208
00000218000000010000021c
000002280000000500000000
0000022c0000000000000000
0000021c0000000600000000
000002200000000100000208
000002240000000000000000
0000020800000009fffff801
0000020c00000001000001f4
000002100000000000000000
000001f40000000500000002
000001f800000001000001e0
000001fc0000000000000000
000001e000000006000003c0
000001e400000001000001cc
000001e80000000000000000
000001cc0000000200000008
000001d000000001000001b8
000001d40000000000000000
000001b8000000039b575f91
000001bc00000001000001ac
000001c00000000000000000
000001ac0000000000000000
000002300000000000000000
000002400000000600000000
0000024400000017a4d27b00
000002480000001200000000
0000024c0000000000000000
0000025c0000001600000001
000002600000001500000000
000002640000000700000000
0000026800000014ffffffff
0000026c0000000000000000
000002700000001d00000002
000002740000001600000000
000002780000000100000002
0000027c00000009ffffff91
000002800000000f00000000
000002840000001d00000001
000002880000000000000000
000002740000001600000000
000002780000000100000002
0000027c00000009ffffff91
000002800000000f00000000
000002840000001d00000000
000002880000000000000000
0000028c0000001200000002
000002900000000500000000
000002940000000000000000
000002980000001500000000
0000029c00000002fffff801
000002a00000000400000002
000002a40000000600000000
000002a80000000400000000
000002ac0000000500000000
000002b00000001d00000004
000002b40000001700000002
000002b80000000000000000
000002bc0000000000000000
000002c00000001500000000
000002c40000000a00000001
000002c80000001054d222c8
000002cc0000001d00000003
000002d00000000000000000
000002b40000001700000002
000002b80000000000000000
000002bc0000000000000000
000002c00000001500000000
000002c40000000a00000001
000002c80000001054d222c8
000002cc0000001d00000002
000002d00000000000000000
000002b40000001700000002
000002b80000000000000000
000002bc0000000000000000
000002c00000001500000000
000002c40000000a00000001
000002c80000001054d222c8
000002cc0000001d00000001
000002d00000000000000000
000002b40000001700000002
000002b80000000000000000
000002bc0000000000000000
000002c00000001500000000
000002c40000000a00000001
000002c80000001054d222c8
000002cc0000001d00000000
000002d00000000000000000
000002d40000000c00000000
000002d80000000000000000
000002dc00000014bf220000
000002e00000000900200000
000002e40000000000000000
000002f80000001600000001
000002fc0000000300000000
0000030000000010fffff7ff
000003040000000100000000
000003080000001200000000
0000030c0000001d00000006
000003100000000700000003
000003140000000400000000
000003180000000a00000001
0000031c0000000d00000000
0000032000000009000003e8
000003240000001d00000005
000003280000000000000000
000003100000000700000003
000003140000000400000000
000003180000000a00000001
0000031c0000000d00000000
0000032000000009000003e8
000003240000001d00000004
000003280000000000000000
000003100000000700000003
000003140000000400000000
000003180000000a00000001
0000031c0000000d00000000
0000032000000009000003e8
000003240000001d00000003
000003280000000000000000
000003100000000700000003
000003140000000400000000
000003180000000a00000001
0000031c0000000d00000000
0000032000000009000003e8
000003240000001d00000002
000003280000000000000000
000003100000000700000003
000003140000000400000000
000003180000000a00000001
0000031c0000000d00000000
0000032000000009000003e8
000003240000001d00000001
000003280000000000000000
000003100000000700000003
000003140000000400000000
000003180000000a00000001
0000031c0000000d00000000
0000032000000009000003e8
000003240000001d00000000
000003280000000000000000
0000032c0000000700000000
000003300000000000000000
000003400000000efffff801
000003440000000000000000
000003540000001400000000
000003580000001d00000004
0000035c0000000700000000
000003600000001d00000003
000003640000000000000000
0000035c0000000700000000
000003600000001d00000002
000003640000000000000000
0000035c0000000700000000
000003600000001d00000001
000003640000000000000000
0000035c0000000700000000
000003600000001d00000000
000003640000000000000000
000003680000001c00000003
0000036c0000001a00000001
000003700000001a00000008
000003740000001b00000374
000003780000001b0000037c
0000037c0000000100000380
000003880000001900000015
0000038c0000000000000000
000003900000001c00000002
000003940000000000000000
0000036c0000001a00000000
000003700000001a00000000
000003740000001b00000374
000003780000001b00000374
0000037c0000000100000380
000003800000001900000016
000003840000000000000000
000003900000001c00000001
000003940000000000000000
0000036c0000001a00000001
000003700000001a00000008
000003740000001b00000374
000003780000001b0000037c
0000037c0000000100000380
000003880000001900000019
0000038c0000000000000000
000003900000001c00000000
000003940000000000000000
000003980000001700000000
0000039c0000000000000000
000003a00000000a0000007f
000003a40000000700000000
000003a80000000ffffff819
000003ac0000000200000000
000003b0000000110add15ee
000003b40000001d00000002
000003b80000000300000801
000003bc00000005000003e8
000003c00000001500000000
000003c40000000efffff801
000003c800000010afb36000
000003cc0000001d00000001
000003d00000000000000000
000003b80000000300000800
000003bc00000005000003e8
000003c00000001500000000
000003c40000000efffff801
000003c800000010afb36000
000003cc0000001d00000000
000003d00000000000000000
000003d400000004f0c663d4
000003d80000000000000000
000003dc0000000200000000
000003e00000000e299fd3e0
000003e40000001400000000
000003e80000000201fffff0
000003ec00000001000003f0
000003f40000000a000003f0
000003f800000001000003fc
000004080000000b000003fc
0000040c0000000100000410
0000041c0000000c00000410
000004200000000100000424
000004300000000000000000
000004340000000000000000
000004240000000800000000
000004280000000100000410
0000042c0000000000000000
00000410000000032bdfd7ee
0000041400000001000003fc
000004180000000000000000
000003fc0000000500000410
0000040000000001000003f0
000004040000000000000000
000003f00000000000000000
000004380000000500000001
0000043c0000000000000000
000004400000000000000000
000004440000000700000000
000004480000000c01ffffef
0000044c0000000100000000
000004500000001100000000
000004540000000edcf4bb99
00000458000000010000045c
000004600000000a0000045c
000004640000000100000468
000004740000000b00000468
00000478000000010000047c
000004880000000c0000047c
0000048c0000000100000490
0000049c0000000d00000490
000004a000000001000004a4
000004b00000000e000004a4
000004b400000001000004b8
000004c40000000f000004b8
000004c800000001000004cc
000004d800000010000004cc
000004dc00000001000004e0
000004ec00000011000004e0
000004f000000001000004f4
0000050000000012000004f4
000005040000000100000508
000005140000001300000508
00000518000000010000051c
00000528000000150000045c
0000052c0000000000000000
0000051c0000001600000001
000005200000000100000508
000005240000000000000000
000005080000000400000000
0000050c00000001000004f4
000005100000000000000000
000004f40000000500000000
000004f800000001000004e0
000004fc0000000000000000
000004e00000000400000000
000004e400000001000004cc
000004e80000000000000000
000004cc0000000300000000
000004d000000001000004b8
000004d40000000000000000
000004b80000000200190000
000004bc00000001000004a4
000004c00000000000000000
000004a400000007000007e6
000004a80000000100000490
000004ac0000000000000000
000004900000000500000000
00000494000000010000047c
000004980000000000000000
0000047c0000001700000000
000004800000000100000468
000004840000000000000000
000004680000001600000000
0000046c000000010000045c
000004700000000000000000
0000045c0000000000000000
000005300000001000000001
000005340000000000000000
000005380000000800000000
0000053c0000001d00000002
000005400000000c9b6ee000
000005440000000622337544
000005480000000700000490
0000054c00000006000004df
000005500000000400000408
000005540000000300000000
000005580000001d00000001
0000055c0000000000000000
000005400000000c9b6ee000
000005440000000622337544
000005480000000700000490
0000054c00000006000004df
000005500000000400000408
000005540000000300000000
000005580000001d00000000
0000055c0000000000000000
0000056000000010000008fc
000005640000000300000008
00000568000000070018f800
0000056c0000001c00000004
000005700000001a00000000
000005740000001a00000000
000005780000001b00000578
0000057c0000001b00000578
000005800000000100000584
00000584000000190000001a
000005880000000000000000
000005940000001c00000003
000005980000000000000000
000005700000001a00000001
000005740000001a00000008
000005780000001b00000578
0000057c0000001b00000580
000005800000000100000584
0000058c000000190000001d
000005900000000000000000
000005940000001c00000002
000005980000000000000000
000005700000001a00000000
000005740000001a00000000
000005780000001b00000578
0000057c0000001b00000578
000005800000000100000584
00000584000000190000001e
000005880000000000000000
000005940000001c00000001
000005980000000000000000
000005700000001a00000001
000005740000001a00000008
000005780000001b00000578
0000057c0000001b00000580
000005800000000100000584
0000058c0000001900000021
000005900000000000000000
000005940000001c00000000
000005980000000000000000
0000059c0000001c00000005
000005a00000001a00000001
000005a40000001a00000008
000005a80000001b000005a8
000005ac0000001b000005b0
000005b00000000000000000
000005bc0000001900000024
000005c00000000000000000
000005c40000001c00000004
000005c80000000000000000
000005a00000001a00000000
000005a40000001a00000000
000005a80000001b000005a8
000005ac0000001b000005a8
000005b00000000000000000
000005b40000001900000025
000005b80000000000000000
000005c40000001c00000003
000005c80000000000000000
000005a00000001a00000001
000005a40000001a00000008
000005a80000001b000005a8
000005ac0000001b000005b0
000005b00000000000000000
000005bc0000001900000028
000005c00000000000000000
000005c40000001c00000002
000005c80000000000000000
000005a00000001a00000000
000005a40000001a00000000
000005a80000001b000005a8
000005ac0000001b000005a8
000005b00000000000000000
000005b40000001900000029
000005b80000000000000000
000005c40000001c00000001
000005c80000000000000000
000005a00000001a00000001
000005a40000001a00000008
000005a80000001b000005a8
000005ac0000001b000005b0
000005b00000000000000000
000005bc000000190000002c
000005c00000000000000000
000005c40000001c00000000
000005c80000000000000000
000005cc0000001c00000003
000005d00000001a00000001
000005d40000001a00000008
000005d80000001b000005d8
000005dc0000001b000005e0
000005e00000000000000000
000005ec000000190000002f
000005f00000000000000000
000005f40000001c00000002
000005f80000000000000000
000005d00000001a00000000
000005d40000001a00000000
000005d80000001b000005d8
000005dc0000001b000005d8
000005e00000000000000000
000005e40000001900000030
000005e80000000000000000
000005f40000001c00000001
000005f80000000000000000
000005d00000001a00000001
000005d40000001a00000008
000005d80000001b000005d8
000005dc0000001b000005e0
000005e00000000000000000
000005ec0000001900000033
000005f00000000000000000
000005f40000001c00000000
000005f80000000000000000
000005fc0000000400000000
000006000000001700000000
000006040000001d00000004
000006080000000a00000000
0000060c0000000000000000
000006100000001d00000003
000006140000000000000000
000006080000000a00000000
0000060c0000000000000000
000006100000001d00000002
000006140000000000000000
000006080000000a00000000
0000060c0000000000000000
000006100000001d00000001
000006140000000000000000
000006080000000a00000000
0000060c0000000000000000
000006100000001d00000000
000006140000000000000000
0000061800000015000003e8
0000061c0000000100000620
000006240000000a00000620
00000628000000010000062c
000006380000000b0000062c
0000063c0000000100000640
0000064c0000000c00000640
000006500000000100000654
000006600000000d00000654
000006640000000100000668
000006740000000e00000668
00000678000000010000067c
00000688000000170000cd00
0000068c0000000000000000
0000067c0000000300190000
000006800000000100000668
000006840000000000000000
000006680000000700000000
0000066c0000000100000654
000006700000000000000000
000006540000000300000c0c
000006580000000100000640
0000065c0000000000000000
000006400000000000000000
00000644000000010000062c
000006480000000000000000
0000062c00000017adaa662c
000006300000000100000620
000006340000000000000000
000006200000000000000000
000006900000001362c00000
0000069400000008000004b8
000006980000000c26f80000
0000069c0000001d00000002
000006a00000000cfffffcb8
000006a40000000531000000
000006a80000001500000000
000006ac0000001d00000001
000006b00000000000000000
000006a00000000cfffffcb8
000006a40000000531000000
000006a80000001500000000
000006ac0000001d00000000
000006b00000000000000000
000006b40000000000000000
000006b80000000700000000
000006bc0000000adcf4bb99
000006c000000001000006c4
000006c80000000a000006c4
000006cc00000001000006d0
000006dc0000000b000006d0
000006e000000001000006e4
000006f00000000c000006e4
000006f400000001000006f8
000007040000000d000006f8
00000708000000010000070c
000007180000000e0000070c
0000071c0000000100000720
0000072c0000000f00000720
000007300000000100000734
000007400000000400000000
000007440000000000000000
0000073400000005fffff800
000007380000000100000720
0000073c0000000000000000
000007200000000400000000
00000724000000010000070c
000007280000000000000000
0000070c0000000000000000
0000071000000001000006f8
000007140000000000000000
000006f80000001500000000
000006fc00000001000006e4
000007000000000000000000
000006e400000009000005e0
000006e800000001000006d0
000006ec0000000000000000
000006d00000000600000033
000006d400000001000006c4
000006d80000000000000000
000006c40000000000000000
0000074800000006000006c4
0000074c0000000b00000001
0000075000000009000007ff
000007540000000e00000000
000007580000001700000000
0000075c0000000100000760
000007640000000a00000760
00000768000000010000076c
000007780000000000000000
0000077c0000000000000000
0000076c0000001400000000
000007700000000100000760
000007740000000000000000
000007600000000000000000
000007800000001c00000003
000007840000001a00000001
000007880000001a00000008
0000078c0000001b0000078c
000007900000001b00000794
000007940000000000000000
000007a00000001900000036
000007a40000000000000000
000007a80000001c00000002
000007ac0000000000000000
000007840000001a00000000
000007880000001a00000000
0000078c0000001b0000078c
000007900000001b0000078c
000007940000000000000000
000007980000001900000037
0000079c0000000000000000
000007a80000001c00000001
000007ac0000000000000000
000007840000001a00000001
000007880000001a00000008
0000078c0000001b0000078c
000007900000001b00000794
000007940000000000000000
000007a0000000190000003a
000007a40000000000000000
000007a80000001c00000000
000007ac0000000000000000
000007b0000000110000009f
000007b40000001500000000
000007b80000000603ca0000
000007bc0000000200000000
000007c000000007dcf4bb91
000007c400000017000002fd
000007c80000001500000001
000007cc0000000600000000
000007d00000001c00000005
000007d40000001a00000001
000007d80000001a00000008
000007dc0000001b000007dc
000007e00000001b000007e4
000007e400000001000007e8
000007f0000000190000003d
000007f40000000000000000
000007f80000001c00000004
000007fc0000000000000000
000007d40000001a00000000
000007d80000001a00000000
000007dc0000001b000007dc
000007e00000001b000007dc
000007e400000001000007e8
000007e8000000190000003e
000007ec0000000000000000
000007f80000001c00000003
000007fc0000000000000000
000007d40000001a00000001
000007d80000001a00000008
000007dc0000001b000007dc
000007e00000001b000007e4
000007e400000001000007e8
000007f00000001900000041
000007f40000000000000000
000007f80000001c00000002
000007fc0000000000000000
000007d40000001a00000000
000007d80000001a00000000
000007dc0000001b000007dc
000007e00000001b000007dc
000007e400000001000007e8
000007e80000001900000042
000007ec0000000000000000
000007f80000001c00000001
000007fc0000000000000000
000007d40000001a00000001
000007d80000001a00000008
000007dc0000001b000007dc
000007e00000001b000007e4
000007e400000001000007e8
000007f00000001900000045
000007f40000000000000000
000007f80000001c00000000
000007fc0000000000000000
000008000000000000000000
000008040000000300000000
000008080000001400000000
0000080c0000000300000000
000008100000001000000001
000008140000000e00000028
000008180000001d00000006
0000081c0000000100000290
000008200000001d00000005
000008240000000000000000
0000081c0000000100000290
000008200000001d00000004
000008240000000000000000
0000081c0000000100000290
000008200000001d00000003
000008240000000000000000
0000081c0000000100000290
000008200000001d00000002
000008240000000000000000
0000081c0000000100000290
000008200000001d00000001
000008240000000000000000
0000081c0000000100000290
000008200000001d00000000
000008240000000000000000
000008280000001d00000002
0000082c0000000800000000
0000083000000004fffff808
000008340000001d00000001
000008380000000000000000
0000082c00000008fffff808
0000083000000004fffff808
000008340000001d00000000
000008380000000000000000
0000083c0000000100000840
000008440000000a00000840
00000848000000010000084c
000008580000000b0000084c
0000085c0000000100000860
0000086c0000000c00000860
000008700000000100000874
000008800000001600000000
000008840000000000000000
000008740000000400000074
000008780000000100000860
0000087c0000000000000000
0000086000000015161f4000
00000864000000010000084c
000008680000000000000000
0000084c0000000500000000
000008500000000100000840
000008540000000000000000
000008400000000000000000
000008880000000000000000
0000088c0000000500000001
000008900000001000000000
00000894000000160000071f
000008980000000000000000
0000089c00000001000008a0
000008a40000000600000000
000008a80000000000000000
000008a00000000000000000
000008ac00000001000008b0
000008b40000001700000000
000008b80000000000000000
000008b00000000000000000
000008bc0000000000000000
000008c800000011000006e0
000008cc0000001600000001
000008d00000000000000000
000008d80000000800000800
000008dc0000000c7c60f8dc
000008e00000000500000001
000008e40000000800000000
000008e80000000100000001
000008ec00000013f505f000
000008f00000000100000000
000008f40000001c00000005
000008f80000001a00000001
000008fc0000001a00000008
000009000000001b00000900
000009040000001b00000908
00000908000000010000090c
000009140000001900000048
000009180000000000000000
0000091c0000001c00000004
000009200000000000000000
000008f80000001a00000000
000008fc0000001a00000000
000009000000001b00000900
000009040000001b00000900
00000908000000010000090c
0000090c0000001900000049
000009100000000000000000
0000091c0000001c00000003
000009200000000000000000
000008f80000001a00000001
000008fc0000001a00000008
000009000000001b00000900
000009040000001b00000908
00000908000000010000090c
00000914000000190000004c
000009180000000000000000
0000091c0000001c00000002
000009200000000000000000
000008f80000001a00000000
000008fc0000001a00000000
000009000000001b00000900
000009040000001b00000900
00000908000000010000090c
0000090c000000190000004d
000009100000000000000000
0000091c0000001c00000001
000009200000000000000000
000008f80000001a00000001
000008fc0000001a00000008
000009000000001b00000900
000009040000001b00000908
00000908000000010000090c
000009140000001900000050
000009180000000000000000
0000091c0000001c00000000
000009200000000000000000
000009240000000bdcf4bb91
0000092800000016000007ff
0000092c0000000b00000000
000009300000001600000774
000009340000001200000000
000009380000001c00000004
0000093c0000001a00000000
000009400000001a00000000
000009440000001b00000944
000009480000001b00000944
0000094c0000000000000000
000009500000001900000051
000009540000000000000000
000009600000001c00000003
000009640000000000000000
0000093c0000001a00000001
000009400000001a00000008
000009440000001b00000944
000009480000001b0000094c
0000094c0000000000000000
000009580000001900000054
0000095c0000000000000000
000009600000001c00000002
000009640000000000000000
0000093c0000001a00000000
000009400000001a00000000
000009440000001b00000944
000009480000001b00000944
0000094c0000000000000000
000009500000001900000055
000009540000000000000000
000009600000001c00000001
000009640000000000000000
0000093c0000001a00000001
000009400000001a00000008
000009440000001b00000944
000009480000001b0000094c
0000094c0000000000000000
000009580000001900000058
0000095c0000000000000000
000009600000001c00000000
000009640000000000000000
000009680000000200000001
0000096c0000001c00000004
000009700000001a00000000
000009740000001a00000000
000009780000001b00000978
0000097c0000001b00000978
000009800000000100000984
000009840000001900000059
000009880000000000000000
000009940000001c00000003
000009980000000000000000
000009700000001a00000001
000009740000001a00000008
000009780000001b00000978
0000097c0000001b00000980
000009800000000100000984
0000098c000000190000005c
000009900000000000000000
000009940000001c00000002
000009980000000000000000
000009700000001a00000000
000009740000001a00000000
000009780000001b00000978
0000097c0000001b00000978
000009800000000100000984
00000984000000190000005d
000009880000000000000000
000009940000001c00000001
000009980000000000000000
000009700000001a00000001
000009740000001a00000008
000009780000001b00000978
0000097c0000001b00000980
000009800000000100000984
0000098c0000001900000060
000009900000000000000000
000009940000001c00000000
000009980000000000000000
0000099c0000000d000006e0
000009a0000000017c60f8dc
000009a400000016161f3990
000009a800000016dcf4bb93
000009ac0000000d00000000
000009b00000001700000001
000009b40000001600002202
000009b800000001000009bc
000009c00000000a000009bc
000009c400000001000009c8
000009d40000000b000009c8
000009d800000001000009dc
000009e80000000c000009dc
000009ec00000001000009f0
000009fc0000000d000009f0
00000a000000000100000a04
00000a100000000e00000a04
00000a140000000100000a18
00000a2400000004fffff204
00000a280000000000000000
00000a180000000000000000
00000a1c0000000100000a04
00000a200000000000000000
00000a040000000374113000
00000a0800000001000009f0
00000a0c0000000000000000
000009f00000001400000000
000009f400000001000009dc
000009f80000000000000000
000009dc0000000400000000
000009e000000001000009c8
000009e40000000000000000
000009c80000000500000001
000009cc00000001000009bc
000009d00000000000000000
000009bc0000000000000000
00000a2c0000000100000a30
00000a340000000a00000a30
00000a380000000100000a3c
00000a480000000b00000a3c
00000a4c0000000100000a50
00000a5c0000000c00000a50
00000a600000000100000a64
00000a700000000d00000a64
00000a740000000100000a78
00000a840000000e00000a78
00000a880000000100000a8c
00000a980000000800000000
00000a9c0000000000000000
00000a8c0000000800000000
00000a900000000100000a78
00000a940000000000000000
00000a780000001600000000
00000a7c0000000100000a64
00000a800000000000000000
00000a640000000600000001
00000a680000000100000a50
00000a6c0000000000000000
00000a500000001600000000
00000a540000000100000a3c
00000a580000000000000000
00000a3c0000001600000004
00000a400000000100000a30
00000a440000000000000000
00000a300000000000000000
00000aa00000000b000014f0
00000aa40000000400000000
00000aa80000000000000000
00000abc0000000000000000
00000ac00000000000000000
00000ac40000000000000000
00000ac80000000000000000
00000acc00000014000007ff
00000ad00000001d00000003
00000ad40000000000000000
00000ad80000000200000008
00000adc0000000d00000000
00000ae0000000144c963ae0
00000ae40000000500000001
00000ae80000001d00000002
00000aec0000000000000000
00000ad40000000000000000
00000ad80000000200000008
00000adc0000000d00000000
00000ae0000000144c963ae0
00000ae40000000500000001
00000ae80000001d00000001
00000aec0000000000000000
00000ad40000000000000000
00000ad80000000200000008
00000adc0000000d00000000
00000ae0000000144c963ae0
00000ae40000000500000001
00000ae80000001d00000000
00000aec0000000000000000
00000af00000000200000001
00000af40000000200000001
00000af80000000000000000
00000afc00000017000007ff
00000b000000000200000dd0
00000b040000000e00000a10
00000b080000000f00000000
00000b0c0000000b00000001
00000b100000001300000000
00000b140000000100000000
00000b180000001d00000002
00000b1c0000000900000000
00000b200000001d00000001
00000b240000000000000000
00000b1c0000000900000000
00000b200000001d00000000
00000b240000000000000000
00000b280000000100000b2c
00000b300000000a00000b2c
00000b340000000100000b38
00000b440000000b00000b38
00000b480000000100000b4c
00000b580000000c00000b4c
00000b5c0000000100000b60
00000b6c0000000d00000b60
00000b700000000100000b74
00000b800000000500000000
00000b840000000000000000
00000b7400000015161f4000
00000b780000000100000b60
00000b7c0000000000000000
00000b60000000158beec800
00000b640000000100000b4c
00000b680000000000000000
00000b4c00000006c2587b4c
00000b500000000100000b38
00000b540000000000000000
00000b38000000150b2c0000
00000b3c0000000100000b2c
00000b400000000000000000
00000b2c0000000000000000
00000b880000001600000000
00000b8c0000000500000b2c
00000b900000000102000000
00000b94000000094c963ae0
00000b980000000300002200
00000b9c00000009dcf4bb9f
00000ba00000000000000000
00000ba40000000500000000
00000ba80000000500000b60
00000bac00000003dcf49b9f
00000bb000000001dcf49b9f
00000bb40000001d00000002
00000bb80000000100000000
00000bbc0000000d00000000
00000bc00000001200000000
00000bc40000000a4c963ee0
00000bc80000000a00000037
00000bcc0000000a00000000
00000bd00000001d00000001
00000bd40000000000000000
00000bb80000000100000000
00000bbc0000000d00000000
00000bc00000001200000000
00000bc40000000a4c963ee0
00000bc80000000a00000037
00000bcc0000000a00000000
00000bd00000001d00000000
00000bd40000000000000000
00000bd80000001d00000006
00000bdc0000001600000006
00000be00000000000000000
00000be40000001300000000
00000be80000001d00000005
00000bec0000000000000000
00000bdc0000001600000005
00000be00000000000000000
00000be40000001300000000
00000be80000001d00000004
00000bec0000000000000000
00000bdc0000001600000004
00000be00000000000000000
00000be40000001300000000
00000be80000001d00000003
00000bec0000000000000000
00000bdc0000001600000003
00000be00000000000000000
00000be40000001300000000
00000be80000001d00000002
00000bec0000000000000000
00000bdc0000001600000002
00000be00000000000000000
00000be40000001300000000
00000be80000001d00000001
00000bec0000000000000000
00000bdc0000001600000001
00000be00000000000000000
00000be40000001300000000
00000be80000001d00000000
00000bec0000000000000000
00000bf00000000f0b2bf800
00000bf40000000700000000
00000bf80000000000000000
00000bfc000000130000025b
00000c000000001500000001
00000c0400000009e9465000
00000c080000000cfffff800
00000c0c0000001d00000002
00000c100000000200000000
00000c140000000300000e7f
00000c180000001200000000
00000c1c0000000fd8000000
00000c200000000e00000000
00000c240000001d00000001
00000c280000000000000000
00000c100000000200000000
00000c140000000300000e7f
00000c180000001200000000
00000c1c0000000fd8000000
00000c200000000e00000000
00000c240000001d00000000
00000c280000000000000000
00000c2c0000001200000fff
00000c3000000006ffffe801
00000c340000000d00000000
00000c380000001300000000
00000c3c0000000fffffe801
00000c400000000000000000
00000c440000001d00000005
00000c480000001200000e7e
00000c4c0000000e00000000
00000c5000000006c0000000
00000c540000001d00000004
00000c580000000000000000
00000c480000001200000e7e
00000c4c0000000e00000000
00000c5000000006c0000000
00000c540000001d00000003
00000c580000000000000000
00000c480000001200000e7e
00000c4c0000000e00000000
00000c5000000006c0000000
00000c540000001d00000002
00000c580000000000000000
00000c480000001200000e7e
00000c4c0000000e00000000
00000c5000000006c0000000
00000c540000001d00000001
00000c580000000000000000
00000c480000001200000e7e
00000c4c0000000e00000000
00000c5000000006c0000000
00000c540000001d00000000
00000c580000000000000000
00000c5c0000000c00002000
00000c600000001500000000
00000c640000000600000000
00000c680000000000000000
00000c6c0000000cfffff801
00000c700000001d00000004
00000c740000001000000ff8
00000c780000000800000000
00000c7c0000000400000000
00000c80000000050000167e
00000c840000001d00000003
00000c880000000000000000
00000c740000001000000ff8
00000c780000000800000000
00000c7c0000000400000000
00000c80000000050000167e
00000c840000001d00000002
00000c880000000000000000
00000c740000001000000ff8
00000c780000000800000000
00000c7c0000000400000000
00000c80000000050000167e
00000c840000001d00000001
00000c880000000000000000
00000c740000001000000ff8
00000c780000000800000000
00000c7c0000000400000000
00000c80000000050000167e
00000c840000001d00000000
00000c880000000000000000
00000c8c0000000adcf4bb9f
00000c900000001400000000
00000c940000000000000000
00000c980000001d00000003
00000c9c000000122de8c000
00000ca00000000ce9465000
00000ca40000001d00000002
00000ca80000000000000000
00000c9c000000122de8c000
00000ca00000000ce9465000
00000ca40000001d00000001
00000ca80000000000000000
00000c9c000000122de8c000
00000ca00000000ce9465000
00000ca40000001d00000000
00000ca80000000000000000
00000cac00000009ffffe801
00000cb00000000d00000000
00000cb40000000000000000
00000cc40000000500000000
00000cc800000010000007ff
00000ccc0000000f00dcf4bb
00000cd00000001c00000005
00000cd40000001a00000001
00000cd80000001a00000008
00000cdc0000001b00000cdc
00000ce00000001b00000ce4
00000ce40000000100000ce8
00000cf00000001900000063
00000cf40000000000000000
00000cf80000001c00000004
00000cfc0000000000000000
00000cd40000001a00000000
00000cd80000001a00000000
00000cdc0000001b00000cdc
00000ce00000001b00000cdc
00000ce40000000100000ce8
00000ce80000001900000064
00000cec0000000000000000
00000cf80000001c00000003
00000cfc0000000000000000
00000cd40000001a00000001
00000cd80000001a00000008
00000cdc0000001b00000cdc
00000ce00000001b00000ce4
00000ce40000000100000ce8
00000cf00000001900000067
00000cf40000000000000000
00000cf80000001c00000002
00000cfc0000000000000000
00000cd40000001a00000000
00000cd80000001a00000000
00000cdc0000001b00000cdc
00000ce00000001b00000cdc
00000ce40000000100000ce8
00000ce80000001900000068
00000cec0000000000000000
00000cf80000001c00000001
00000cfc0000000000000000
00000cd40000001a00000001
00000cd80000001a00000008
00000cdc0000001b00000cdc
00000ce00000001b00000ce4
00000ce40000000100000ce8
00000cf0000000190000006b
00000cf40000000000000000
00000cf80000001c00000000
00000cfc0000000000000000
00000d000000000000000000
00000d0c0000000e00000001
00000d100000000100000d14
00000d180000000a00000d14
00000d1c0000000100000d20
00000d2c0000000b00000d20
00000d300000000100000d34
00000d400000000c00000d34
00000d440000000100000d48
00000d540000000000000000
00000d580000000000000000
00000d480000000700000000
00000d4c0000000100000d34
00000d500000000000000000
00000d34000000158ed11000
00000d380000000100000d20
00000d3c0000000000000000
00000d200000001400000001
00000d240000000100000d14
00000d280000000000000000
00000d140000000000000000
00000d5c0000001d00000003
00000d600000000fa2bbc000
00000d640000000000000000
00000d680000000f0617ad68
00000d6c0000000900000000
00000d700000000000000000
00000d740000001d00000002
00000d780000000000000000
00000d600000000fa2bbc000
00000d640000000000000000
00000d680000000f0617ad68
00000d6c0000000900000000
00000d700000000000000000
00000d740000001d00000001
00000d780000000000000000
00000d600000000fa2bbc000
00000d640000000000000000
00000d680000000f0617ad68
00000d6c0000000900000000
00000d700000000000000000
00000d740000001d00000000
00000d780000000000000000
00000d7c0000000700000d15
00000d800000001400000000
00000d840000000c00000800
00000d880000001200000001
00000d8c0000001d00000002
00000d900000000800000000
00000d940000000000000000
00000d980000000f00000000
00000d9c0000001d00000001
00000da00000000000000000
00000d900000000800000000
00000d940000000000000000
00000d980000000f00000000
00000d9c0000001d00000000
00000da00000000000000000
00000da40000001d00000003
00000da80000000800000000
00000dac0000001300000001
00000db00000000f00000000
00000db40000001000000003
00000db80000000700000001
00000dbc0000001d00000002
00000dc00000000000000000
00000da80000000800000000
00000dac0000001300000001
00000db00000000f00000000
00000db40000001000000002
00000db80000000700000001
00000dbc0000001d00000001
00000dc00000000000000000
00000da80000000800000000
00000dac0000001300000001
00000db00000000f00000000
00000db40000001000000001
00000db80000000700000001
00000dbc0000001d00000000
00000dc00000000000000000
00000dc40000001c00000005
00000dc80000001a00000001
00000dcc0000001a00000008
00000dd00000001b00000dd0
00000dd40000001b00000dd8
00000dd80000000100000ddc
00000de4000000190000006e
00000de80000000000000000
00000dec0000001c00000004
00000df00000000000000000
00000dc80000001a00000000
00000dcc0000001a00000000
00000dd00000001b00000dd0
00000dd40000001b00000dd0
00000dd80000000100000ddc
00000ddc000000190000006f
00000de00000000000000000
00000dec0000001c00000003
00000df00000000000000000
00000dc80000001a00000001
00000dcc0000001a00000008
00000dd00000001b00000dd0
00000dd40000001b00000dd8
00000dd80000000100000ddc
00000de40000001900000072
00000de80000000000000000
00000dec0000001c00000002
00000df00000000000000000
00000dc80000001a00000000
00000dcc0000001a00000000
00000dd00000001b00000dd0
00000dd40000001b00000dd0
00000dd80000000100000ddc
00000ddc0000001900000073
00000de00000000000000000
00000dec0000001c00000001
00000df00000000000000000
00000dc80000001a00000001
00000dcc0000001a00000008
00000dd00000001b00000dd0
00000dd40000001b00000dd8
00000dd80000000100000ddc
00000de40000001900000076
00000de80000000000000000
00000dec0000001c00000000
00000df00000000000000000
00000df40000000100000df8
00000dfc0000000a00000df8
00000e000000000100000e04
00000e100000000b00000e04
00000e140000000100000e18
00000e240000000c00000e18
00000e280000000100000e2c
00000e380000000d00000e2c
00000e3c0000000100000e40
00000e4c0000000e00000e40
00000e500000000100000e54
00000e600000000f00000e54
00000e640000000100000e68
00000e740000000600000000
00000e780000000000000000
00000e680000000300000000
00000e6c0000000100000e54
00000e700000000000000000
00000e540000000500000000
00000e580000000100000e40
00000e5c0000000000000000
00000e40000000158ed11000
00000e440000000100000e2c
00000e480000000000000000
00000e2c00000007c93a5000
00000e300000000100000e18
00000e340000000000000000
00000e180000000500000001
00000e1c0000000100000e04
00000e200000000000000000
00000e04000000090c807e04
00000e080000000100000df8
00000e0c0000000000000000
00000df80000000000000000
00000e7c0000000a00000000
00000e800000000c37514000
00000e84000000120000078b
00000e88000000159fdd6e88
00000e8c0000001500000000
00000e900000001c00000005
00000e940000001a00000001
00000e980000001a00000008
00000e9c0000001b00000e9c
00000ea00000001b00000ea4
00000ea40000000100000ea8
00000eb00000001900000079
00000eb40000000000000000
00000eb80000001c00000004
00000ebc0000000000000000
00000e940000001a00000000
00000e980000001a00000000
00000e9c0000001b00000e9c
00000ea00000001b00000e9c
00000ea40000000100000ea8
00000ea8000000190000007a
00000eac0000000000000000
00000eb80000001c00000003
00000ebc0000000000000000
00000e940000001a00000001
00000e980000001a00000008
00000e9c0000001b00000e9c
00000ea00000001b00000ea4
00000ea40000000100000ea8
00000eb0000000190000007d
00000eb40000000000000000
00000eb80000001c00000002
00000ebc0000000000000000
00000e940000001a00000000
00000e980000001a00000000
00000e9c0000001b00000e9c
00000ea00000001b00000e9c
00000ea40000000100000ea8
00000ea8000000190000007e
00000eac0000000000000000
00000eb80000001c00000001
00000ebc0000000000000000
00000e940000001a00000001
00000e980000001a00000008
00000e9c0000001b00000e9c
00000ea00000001b00000ea4
00000ea40000000100000ea8
00000eb00000001900000081
00000eb40000000000000000
00000eb80000001c00000000
00000ebc0000000000000000
00000ec00000000900000001
00000ec40000000effffffff
00000ec80000000100000000
00000ecc0000000000000000
00000ed00000000000000000
00000ee40000001100000e04
00000ee80000000000000000
00000eec0000001200000001
00000ef00000000000000000
00000ef40000001c00000004
00000ef80000001a00000000
00000efc0000001a00000000
00000f000000001b00000f00
00000f040000001b00000f00
00000f080000000100000f0c
00000f0c0000001900000082
00000f100000000000000000
00000f1c0000001c00000003
00000f200000000000000000
00000ef80000001a00000001
00000efc0000001a00000008
00000f000000001b00000f00
00000f040000001b00000f08
00000f080000000100000f0c
00000f140000001900000085
00000f180000000000000000
00000f1c0000001c00000002
00000f200000000000000000
00000ef80000001a00000000
00000efc0000001a00000000
00000f000000001b00000f00
00000f040000001b00000f00
00000f080000000100000f0c
00000f0c0000001900000086
00000f100000000000000000
00000f1c0000001c00000001
00000f200000000000000000
00000ef80000001a00000001
00000efc0000001a00000008
00000f000000001b00000f00
00000f040000001b00000f08
00000f080000000100000f0c
00000f140000001900000089
00000f180000000000000000
00000f1c0000001c00000000
00000f200000000000000000
00000f2400000017ffffffff
00000f280000001600000000
00000f2c0000000100000f30
00000f340000000a00000f30
00000f380000000100000f3c
00000f480000000b00000f3c
00000f4c0000000100000f50
00000f5c00000003fbb47000
00000f600000000000000000
00000f500000001600000f50
00000f540000000100000f3c
00000f580000000000000000
00000f3c0000000900000000
00000f400000000100000f30
00000f440000000000000000
00000f300000000000000000
00000f640000000000000000
00000f680000000437514000
00000f6c0000001c00000003
00000f700000001a00000001
00000f740000001a00000008
00000f780000001b00000f78
00000f7c0000001b00000f80
00000f800000000100000f84
00000f8c000000190000008c
00000f900000000000000000
00000f940000001c00000002
00000f980000000000000000
00000f700000001a00000000
00000f740000001a00000000
00000f780000001b00000f78
00000f7c0000001b00000f78
00000f800000000100000f84
00000f84000000190000008d
00000f880000000000000000
00000f940000001c00000001
00000f980000000000000000
00000f700000001a00000001
00000f740000001a00000008
00000f780000001b00000f78
00000f7c0000001b00000f80
00000f800000000100000f84
00000f8c0000001900000090
00000f900000000000000000
00000f940000001c00000000
00000f980000000000000000
00000f9c0000001d00000002
00000fa00000001299ea7000
00000fa400000003000007ff
00000fa800000010ffffff80
00000fac0000000000000000
00000fb00000000400000000
00000fb40000001d00000001
00000fb80000000000000000
00000fa00000001299ea7000
00000fa400000003000007ff
00000fa800000010ffffff80
00000fac0000000000000000
00000fb00000000400000000
00000fb40000001d00000000
00000fb80000000000000000
00000fbc0000001400000000
00000fc00000000000000000
00000fd00000001c00000005
00000fd40000001a00000001
00000fd80000001a00000008
00000fdc0000001b00000fdc
00000fe00000001b00000fe4
00000fe40000000100000fe8
00000ff00000001900000093
00000ff40000000000000000
00000ff80000001c00000004
00000ffc0000000000000000
00000fd40000001a00000000
00000fd80000001a00000000
00000fdc0000001b00000fdc
00000fe00000001b00000fdc
00000fe40000000100000fe8
00000fe80000001900000094
00000fec0000000000000000
00000ff80000001c00000003
00000ffc0000000000000000
00000fd40000001a00000001
00000fd80000001a00000008
00000fdc0000001b00000fdc
00000fe00000001b00000fe4
00000fe40000000100000fe8
00000ff00000001900000097
00000ff40000000000000000
00000ff80000001c00000002
00000ffc0000000000000000
00000fd40000001a00000000
00000fd80000001a00000000
00000fdc0000001b00000fdc
00000fe00000001b00000fdc
00000fe40000000100000fe8
00000fe80000001900000098
00000fec0000000000000000
00000ff80000001c00000001
00000ffc0000000000000000
00000fd40000001a00000001
00000fd80000001a00000008
00000fdc0000001b00000fdc
00000fe00000001b00000fe4
00000fe40000000100000fe8
00000ff0000000190000009b
00000ff40000000000000000
00000ff80000001c00000000
00000ffc0000000000000000
0000100000000013fffff802
0000100400000011dcf4bbbf
000010080000000c000006c4
0000100c0000000c00000000
0000101000000003dcf4bbbe
000010140000001000000400
000010180000000000000000
0000101c0000001d00000006
000010200000000400000e2d
000010240000001d00000005
000010280000000000000000
000010200000000400000e2d
000010240000001d00000004
000010280000000000000000
000010200000000400000e2d
000010240000001d00000003
000010280000000000000000
000010200000000400000e2d
000010240000001d00000002
000010280000000000000000
000010200000000400000e2d
000010240000001d00000001
000010280000000000000000
000010200000000400000e2d
000010240000001d00000000
000010280000000000000000
0000102c0000001c00000005
000010300000001a00000001
000010340000001a00000008
000010380000001b00001038
0000103c0000001b00001040
000010400000000100001044
0000104c000000190000009e
000010500000000000000000
000010540000001c00000004
000010580000000000000000
000010300000001a00000000
000010340000001a00000000
000010380000001b00001038
0000103c0000001b00001038
000010400000000100001044
00001044000000190000009f
000010480000000000000000
000010540000001c00000003
000010580000000000000000
000010300000001a00000001
000010340000001a00000008
000010380000001b00001038
0000103c0000001b00001040
000010400000000100001044
0000104c00000019000000a2
000010500000000000000000
000010540000001c00000002
000010580000000000000000
000010300000001a00000000
000010340000001a00000000
000010380000001b00001038
0000103c0000001b00001038
000010400000000100001044
0000104400000019000000a3
000010480000000000000000
000010540000001c00000001
000010580000000000000000
000010300000001a00000001
000010340000001a00000008
000010380000001b00001038
0000103c0000001b00001040
000010400000000100001044
0000104c00000019000000a6
000010500000000000000000
000010540000001c00000000
000010580000000000000000
0000105c0000001d00000002
000010600000000000000000
000010640000000cb9e9777c
00001068000000120000000f
0000106c0000000a00000001
000010700000001d00000001
000010740000000000000000
000010600000000000000000
000010640000000cb9e9777c
00001068000000120000000f
0000106c0000000a00000001
000010700000001d00000000
000010740000000000000000
000010780000001d00000002
0000107c00000001000003ff
000010800000001510000000
000010840000001d00000001
000010880000000000000000
0000107c00000001000003ff
000010800000001510000000
000010840000001d00000000
000010880000000000000000
0000108c0000000a00000000
000010900000000100001094
000010980000000a00001094
0000109c00000001000010a0
000010ac0000000b000010a0
000010b000000001000010b4
000010c00000000c000010b4
000010c400000001000010c8
000010d40000000d000010c8
000010d800000001000010dc
000010e80000000e000010dc
000010ec00000001000010f0
000010fc0000000f000010f0
000011000000000100001104
000011100000001000001104
000011140000000100001118
000011240000001100001118
00001128000000010000112c
000011380000000996a8a000
0000113c0000000000000000
0000112c0000001400000000
000011300000000100001118
000011340000000000000000
000011180000001500000000
0000111c0000000100001104
000011200000000000000000
000011040000000400000001
0000110800000001000010f0
0000110c0000000000000000
000010f00000001700000000
000010f400000001000010dc
000010f80000000000000000
000010dc000000030000220f
000010e000000001000010c8
000010e40000000000000000
000010c800000005ffffdded
000010cc00000001000010b4
000010d00000000000000000
000010b40000000600010400
000010b800000001000010a0
000010bc0000000000000000
000010a00000000400001903
000010a40000000100001094
000010a80000000000000000
000010940000000000000000
000011400000000000000000
000011440000000000000000
0000114800000001e2ad9000
0000114c00000008000010df
0000115000000012440ac150
000011540000000000000000
000011580000001000000000
0000115c0000000000000000
0000116000000017000007ff
000011640000001c00000005
000011680000001a00000001
0000116c0000001a00000008
000011700000001b00001170
000011740000001b00001178
00001178000000010000117c
0000118400000019000000a9
000011880000000000000000
0000118c0000001c00000004
000011900000000000000000
000011680000001a00000000
0000116c0000001a00000000
000011700000001b00001170
000011740000001b00001170
00001178000000010000117c
0000117c00000019000000aa
000011800000000000000000
0000118c0000001c00000003
000011900000000000000000
000011680000001a00000001
0000116c0000001a00000008
000011700000001b00001170
000011740000001b00001178
00001178000000010000117c
0000118400000019000000ad
000011880000000000000000
0000118c0000001c00000002
000011900000000000000000
000011680000001a00000000
0000116c0000001a00000000
000011700000001b00001170
000011740000001b00001170
00001178000000010000117c
0000117c00000019000000ae
000011800000000000000000
0000118c0000001c00000001
000011900000000000000000
000011680000001a00000001
0000116c0000001a00000008
000011700000001b00001170
000011740000001b00001178
00001178000000010000117c
0000118400000019000000b1
000011880000000000000000
0000118c0000001c00000000
000011900000000000000000
00001194000000010000000e
00001198000000010000000e
0000119c0000000d00000786
000011a00000001c00000004
000011a40000001a00000000
000011a80000001a00000000
000011ac0000001b000011ac
000011b00000001b000011ac
000011b40000000000000000
000011b800000019000000b2
000011bc0000000000000000
000011c80000001c00000003
000011cc0000000000000000
000011a40000001a00000001
000011a80000001a00000008
000011ac0000001b000011ac
000011b00000001b000011b4
000011b40000000000000000
000011c000000019000000b5
000011c40000000000000000
000011c80000001c00000002
000011cc0000000000000000
000011a40000001a00000000
000011a80000001a00000000
000011ac0000001b000011ac
000011b00000001b000011ac
000011b40000000000000000
000011b800000019000000b6
000011bc0000000000000000
000011c80000001c00000001
000011cc0000000000000000
000011a40000001a00000001
000011a80000001a00000008
000011ac0000001b000011ac
000011b00000001b000011b4
000011b40000000000000000
000011c000000019000000b9
000011c40000000000000000
000011c80000001c00000000
000011cc0000000000000000
000011d00000001c00000003
000011d40000001a00000001
000011d80000001a00000008
000011dc0000001b000011dc
000011e00000001b000011e4
000011e40000000000000000
000011f000000019000000bc
000011f40000000000000000
000011f80000001c00000002
000011fc0000000000000000
000011d40000001a00000000
000011d80000001a00000000
000011dc0000001b000011dc
000011e00000001b000011dc
000011e40000000000000000
000011e800000019000000bd
000011ec0000000000000000
000011f80000001c00000001
000011fc0000000000000000
000011d40000001a00000001
000011d80000001a00000008
000011dc0000001b000011dc
000011e00000001b000011e4
000011e40000000000000000
000011f000000019000000c0
000011f40000000000000000
000011f80000001c00000000
000011fc0000000000000000
000012000000000000000000
000012040000000a00000001
000012080000001000000002
0000120c0000001700001904
00001210000000110000220d
000012140000001600000000
000012180000000000000000
0000121c0000001700000193
000012200000001100000000
000012240000001d00000005
0000122800000013000003ff
0000122c0000000300000005
000012300000001d00000004
000012340000000000000000
000012280000001300000000
0000122c0000000300000004
000012300000001d00000003
000012340000000000000000
000012280000001300000000
0000122c0000000300000003
000012300000001d00000002
000012340000000000000000
000012280000001300000000
0000122c0000000300000002
000012300000001d00000001
000012340000000000000000
000012280000001300000000
0000122c0000000300000001
000012300000001d00000000
000012340000000000000000
000012380000001496a8a000
0000123c0000000b00000000
0000124000000011000000c1
000012440000000000000000
0000124800000017ffffee1c
0000124c0000001c00000005
000012500000001a00000001
000012540000001a00000008
000012580000001b00001258
0000125c0000001b00001260
000012600000000000000000
0000126c00000019000000c3
000012700000000000000000
000012740000001c00000004
000012780000000000000000
000012500000001a00000000
000012540000001a00000000
000012580000001b00001258
0000125c0000001b00001258
000012600000000000000000
0000126400000019000000c4
000012680000000000000000
000012740000001c00000003
000012780000000000000000
000012500000001a00000001
000012540000001a00000008
000012580000001b00001258
0000125c0000001b00001260
000012600000000000000000
0000126c00000019000000c7
000012700000000000000000
000012740000001c00000002
000012780000000000000000
000012500000001a00000000
000012540000001a00000000
000012580000001b00001258
0000125c0000001b00001258
000012600000000000000000
0000126400000019000000c8
000012680000000000000000
000012740000001c00000001
000012780000000000000000
000012500000001a00000001
000012540000001a00000008
000012580000001b00001258
0000125c0000001b00001260
000012600000000000000000
0000126c00000019000000cb
000012700000000000000000
000012740000001c00000000
000012780000000000000000
0000127c0000001500000000
000012800000000700000001
000012840000001200000000
000012880000001700000000
0000128c0000001400000000
000012900000000300002200
000012940000000600000001
000012980000000900000000
0000129c0000001d00000005
000012a00000000900000000
000012a400000013000000c9
000012a80000000300000000
000012ac0000000700000001
000012b00000001d00000004
000012b40000000000000000
000012a00000000900000000
000012a400000013000000c9
000012a80000000300000000
000012ac0000000700000001
000012b00000001d00000003
000012b40000000000000000
000012a00000000900000000
000012a400000013000000c9
000012a80000000300000000
000012ac0000000700000001
000012b00000001d00000002
000012b40000000000000000
000012a00000000900000000
000012a400000013000000c9
000012a80000000300000000
000012ac0000000700000001
000012b00000001d00000001
000012b40000000000000000
000012a00000000900000000
000012a400000013000000c9
000012a80000000300000000
000012ac0000000700000001
000012b00000001d00000000
000012b40000000000000000
000012b80000001c00000004
000012bc0000001a00000000
000012c00000001a00000000
000012c40000001b000012c4
000012c80000001b000012c4
000012cc00000001000012d0
000012d000000019000000cc
000012d40000000000000000
000012e00000001c00000003
000012e40000000000000000
000012bc0000001a00000001
000012c00000001a00000008
000012c40000001b000012c4
000012c80000001b000012cc
000012cc00000001000012d0
000012d800000019000000cf
000012dc0000000000000000
000012e00000001c00000002
000012e40000000000000000
000012bc0000001a00000000
000012c00000001a00000000
000012c40000001b000012c4
000012c80000001b000012c4
000012cc00000001000012d0
000012d000000019000000d0
000012d40000000000000000
000012e00000001c00000001
000012e40000000000000000
000012bc0000001a00000001
000012c00000001a00000008
000012c40000001b000012c4
000012c80000001b000012cc
000012cc00000001000012d0
000012d800000019000000d3
000012dc0000000000000000
000012e00000001c00000000
000012e40000000000000000
000012e80000000a000010be
000012ec0000000900000000
000012f00000001500002201
000012f40000000000000000
000012f80000000000000000
00001308000000146e039000
0000130c0000001600000001
000013100000001c00000004
000013140000001a00000000
000013180000001a00000000
0000131c0000001b0000131c
000013200000001b0000131c
000013240000000100001328
0000132800000019000000d4
0000132c0000000000000000
000013380000001c00000003
0000133c0000000000000000
000013140000001a00000001
000013180000001a00000008
0000131c0000001b0000131c
000013200000001b00001324
000013240000000100001328
0000133000000019000000d7
000013340000000000000000
000013380000001c00000002
0000133c0000000000000000
000013140000001a00000000
000013180000001a00000000
0000131c0000001b0000131c
000013200000001b0000131c
000013240000000100001328
0000132800000019000000d8
0000132c0000000000000000
000013380000001c00000001
0000133c0000000000000000
000013140000001a00000001
000013180000001a00000008
0000131c0000001b0000131c
000013200000001b00001324
000013240000000100001328
0000133000000019000000db
000013340000000000000000
000013380000001c00000000
0000133c0000000000000000
000013400000000f000006c4
000013440000000100001348
0000134c0000000a00001348
000013500000000100001354
0000136000000008000000c8
000013640000000000000000
000013540000000000000000
000013580000000100001348
0000135c0000000000000000
000013480000000000000000
000013680000000000000000
0000136c00000017ffffdded
000013700000000700000008
000013740000001200000002
000013780000001d00000002
0000137c0000000c2e239000
000013800000001000000000
000013840000000100000000
000013880000000f00010000
0000138c00000007000007fd
000013900000001000003124
000013940000001d00000001
000013980000000000000000
0000137c0000000c2e239000
000013800000001000000000
000013840000000100000000
000013880000000f00ffa000
0000138c00000007000007fd
000013900000001000003124
000013940000001d00000000
000013980000000000000000
0000139c0000001c00000003
000013a00000001a00000001
000013a40000001a00000008
000013a80000001b000013a8
000013ac0000001b000013b0
000013b00000000000000000
000013bc00000019000000de
000013c00000000000000000
000013c40000001c00000002
000013c80000000000000000
000013a00000001a00000000
000013a40000001a00000000
000013a80000001b000013a8
000013ac0000001b000013a8
000013b00000000000000000
000013b400000019000000df
000013b80000000000000000
000013c40000001c00000001
000013c80000000000000000
000013a00000001a00000001
000013a40000001a00000008
000013a80000001b000013a8
000013ac0000001b000013b0
000013b00000000000000000
000013bc00000019000000e2
000013c00000000000000000
000013c40000001c00000000
000013c80000000000000000
000013cc0000001400000000
000013d00000000000000000
000013d40000000a00ffa7ff
000013d80000000000000000
000013dc0000000000000000
000013e40000000f00000000
000013e80000000000000000
000013ec00000001ffffdded
000013f00000001300000000
000013f40000000000000000
000013f80000000300000000
000013fc0000000100001400
000014040000000a00001400
00001408000000010000140c
000014180000000b0000140c
0000141c0000000100001420
0000142c0000000c00001420
000014300000000100001434
000014400000000d00001434
000014440000000100001448
000014540000000e00001448
00001458000000010000145c
000014680000000f0000145c
0000146c0000000100001470
0000147c0000001000001470
000014800000000100001484
000014900000001100001484
000014940000000100001498
000014a40000001200001498
000014a800000001000014ac
000014b800000013000014ac
000014bc00000001000014c0
000014cc0000000200000000
000014d00000000000000000
000014c00000001400000000
000014c400000001000014ac
000014c80000000000000000
000014ac0000000300000001
000014b00000000100001498
000014b40000000000000000
000014980000000300000807
0000149c0000000100001484
000014a00000000000000000
0000148400000017ffffffa4
000014880000000100001470
0000148c0000000000000000
000014700000001600000000
00001474000000010000145c
000014780000000000000000
0000145c0000001600000000
000014600000000100001448
000014640000000000000000
000014480000001600000000
0000144c0000000100001434
000014500000000000000000
0000143400000017fffff807
000014380000000100001420
0000143c0000000000000000
000014200000001700000001
00001424000000010000140c
000014280000000000000000
0000140c0000000400000000
000014100000000100001400
000014140000000000000000
000014000000000000000000
000014d40000000000000000
000014dc0000001c00000005
000014e00000001a00000001
000014e40000001a00000008
000014e80000001b000014e8
000014ec0000001b000014f0
000014f000000001000014f4
000014fc00000019000000e5
000015000000000000000000
000015040000001c00000004
000015080000000000000000
000014e00000001a00000000
000014e40000001a00000000
000014e80000001b000014e8
000014ec0000001b000014e8
000014f000000001000014f4
000014f400000019000000e6
000014f80000000000000000
000015040000001c00000003
000015080000000000000000
000014e00000001a00000001
000014e40000001a00000008
000014e80000001b000014e8
000014ec0000001b000014f0
000014f000000001000014f4
000014fc00000019000000e9
000015000000000000000000
000015040000001c00000002
000015080000000000000000
000014e00000001a00000000
000014e40000001a00000000
000014e80000001b000014e8
000014ec0000001b000014e8
000014f000000001000014f4
000014f400000019000000ea
000014f80000000000000000
000015040000001c00000001
000015080000000000000000
000014e00000001a00000001
000014e40000001a00000008
000014e80000001b000014e8
000014ec0000001b000014f0
000014f000000001000014f4
000014fc00000019000000ed
000015000000000000000000
000015040000001c00000000
000015080000000000000000
0000150c0000001400000001
000015100000000800000000
000015140000000400000001
000015180000000000000000
0000151c0000000c00000000
000015200000000d00000001
000015240000000000000000
000015300000000500000001
0000153400000009e7fef534
000015380000000200000000
0000153c0000000000000000
0000154000000016000001da
00001544000000110007fd00
000015480000000300000000
0000154c0000001000000000
000015500000000000000000
000015540000000000000000
0000155800000005f18bb558
0000155c0000000c00000000
0000156000000008000014fc
000015640000000b49800000
000015680000000000000000
0000156c0000001100000000
0000157000000005ffffffff
0000157400000007e7fef535
000015780000000d00000000
0000157c0000000100001580
000015840000000a00001580
00001588000000010000158c
000015980000000b0000158c
0000159c00000001000015a0
000015ac0000000c000015a0
000015b000000001000015b4
000015c0000000145b400000
000015c40000000000000000
000015b40000001700000000
000015b800000001000015a0
000015bc0000000000000000
000015a00000000000000000
000015a4000000010000158c
000015a80000000000000000
0000158c0000000500000000
000015900000000100001580
000015940000000000000000
000015800000000000000000
000015c80000000c00000001
000015cc00000001000015d0
000015d40000000a000015d0
000015d800000001000015dc
000015e80000000b000015dc
000015ec00000001000015f0
000015fc0000000c000015f0
000016000000000100001604
000016100000000900001498
000016140000000000000000
0000160400000006000014ac
0000160800000001000015f0
0000160c0000000000000000
000015f00000000000000000
000015f400000001000015dc
000015f80000000000000000
000015dc0000000000000000
000015e000000001000015d0
000015e40000000000000000
000015d00000000000000000
000016180000000f00001252
0000161c0000001300000000
000016200000000300000000
000016240000000000000000
000016280000000e000000ed
0000162c00000015000014ac
0000163000000002000001da
0000163400000014000001da
0000163800000015000015dd
0000163c0000000100001640
000016440000000a00001640
00001648000000010000164c
000016580000000b0000164c
0000165c0000000100001660
0000166c0000000c00001660
000016700000000100001674
000016800000000d00001674
000016840000000100001688
000016940000000e00001688
00001698000000010000169c
000016a80000000f0000169c
000016ac00000001000016b0
000016bc00000010000016b0
000016c000000001000016c4
000016d000000011000016c4
000016d400000001000016d8
000016e400000012000016d8
000016e800000001000016ec
000016f800000013000016ec
000016fc0000000100001700
0000170c0000000000000000
000017100000000000000000
00001700000000060000149a
0000170400000001000016ec
000017080000000000000000
000016ec0000000800000000
000016f000000001000016d8
000016f40000000000000000
000016d800000014000014f0
000016dc00000001000016c4
000016e00000000000000000
000016c400000005000000ed
000016c800000001000016b0
000016cc0000000000000000
000016b000000016e092e000
000016b4000000010000169c
000016b80000000000000000
0000169c000000140000369c
000016a00000000100001688
000016a40000000000000000
000016880000000400000000
0000168c0000000100001674
000016900000000000000000
000016740000000600000028
000016780000000100001660
0000167c0000000000000000
000016600000001600000000
00001664000000010000164c
000016680000000000000000
0000164c00000015fffff800
000016500000000100001640
000016540000000000000000
000016400000000000000000
000017140000000100000000
00001718000000010000171c
000017200000000a0000171c
000017240000000100001728
000017340000000b00001728
00001738000000010000173c
000017480000000c0000173c
0000174c0000000100001750
0000175c0000000d00001750
000017600000000100001764
000017700000000000000000
000017740000000000000000
000017640000001503a65000
000017680000000100001750
0000176c0000000000000000
0000175000000016c1582000
00001754000000010000173c
000017580000000000000000
0000173c0000000600000002
000017400000000100001728
000017440000000000000000
0000172800000004000016b0
0000172c000000010000171c
000017300000000000000000
0000171c0000000000000000
000017780000001800000001
0000177c0000000000000000
000017800000000000000000
000000c80000000000000000
000000cc0000000000000000
000000d00000000000000000
000000d40000000800000001
000000d80000000000000000
000000dc0000000f00000000
000000e00000001000000000
000000e40000000600000008
000000e80000000a7d28f000
000000ec00000016e85bf000
000000f00000001c00000005
000000f40000001a00000001
000000f80000001a00000008
000000fc0000001b000000fc
000001000000001b00000104
000001040000000000000000
0000011000000019000000f0
000001140000000000000000
000001180000001c00000004
0000011c0000000000000000
000000f40000001a00000000
000000f80000001a00000000
000000fc0000001b000000fc
000001000000001b000000fc
000001040000000000000000
0000010800000019000000f1
0000010c0000000000000000
000001180000001c00000003
0000011c0000000000000000
000000f40000001a00000001
000000f80000001a00000008
000000fc0000001b000000fc
000001000000001b00000104
000001040000000000000000
0000011000000019000000f4
000001140000000000000000
000001180000001c00000002
0000011c0000000000000000
000000f40000001a00000000
000000f80000001a00000000
000000fc0000001b000000fc
000001000000001b000000fc
000001040000000000000000
0000010800000019000000f5
0000010c0000000000000000
000001180000001c00000001
0000011c0000000000000000
000000f40000001a00000001
000000f80000001a00000008
000000fc0000001b000000fc
000001000000001b00000104
000001040000000000000000
0000011000000019000000f8
000001140000000000000000
000001180000001c00000000
0000011c0000000000000000
000001200000001500000000
000001240000001c00000003
000001280000001a00000001
0000012c0000001a00000008
000001300000001b00000130
000001340000001b00000138
000001380000000000000000
0000014400000019000000fb
000001480000000000000000
0000014c0000001c00000002
000001500000000000000000
000001280000001a00000000
0000012c0000001a00000000
000001300000001b00000130
000001340000001b00000130
000001380000000000000000
0000013c00000019000000fc
000001400000000000000000
0000014c0000001c00000001
000001500000000000000000
000001280000001a00000001
0000012c0000001a00000008
000001300000001b00000130
000001340000001b00000138
000001380000000000000000
0000014400000019000000ff
000001480000000000000000
0000014c0000001c00000000
000001500000000000000000
000001540000000e00000008
000001580000000c00000a2e
0000015c0000001602e38000
000001600000000100000000
000001640000001d00000004
000001680000001700000001
0000016c0000000102e28000
0000017000000001000016ec
000001740000000000000000
000001780000000100000001
0000017c0000001d00000003
000001800000000000000000
000001680000001700000001
0000016c0000000102e28000
0000017000000001000016ec
000001740000000000000000
000001780000000100000001
0000017c0000001d00000002
000001800000000000000000
000001680000001700000001
0000016c0000000102e28000
0000017000000001000016ec
000001740000000000000000
000001780000000100000001
0000017c0000001d00000001
000001800000000000000000
000001680000001700000001
0000016c0000000102e28000
0000017000000001000016ec
000001740000000000000000
000001780000000100000001
0000017c0000001d00000000
000001800000000000000000
000001840000000b000007ff
000001880000000500000000
0000018c0000000000000000
0000019000000008fffff801
000001940000000e78000000
0000019800000001780007ff
0000019c0000000a00000000
000001a00000000000000000
000001a400000011f3ff7a9a
000001a800000001000001ac
000001b00000000a000001ac
000001b400000001000001b8
000001c40000000b000001b8
000001c800000001000001cc
000001d80000000c000001cc
000001dc00000001000001e0
000001ec0000000d000001e0
000001f000000001000001f4
000002000000000e000001f4
000002040000000100000208
000002140000000f00000208
00000218000000010000021c
000002280000000500000008
0000022c0000000000000000
0000021c000000060000073f
000002200000000100000208
000002240000000000000000
0000020800000009fffff801
0000020c00000001000001f4
000002100000000000000000
000001f40000000500000002
000001f800000001000001e0
000001fc0000000000000000
000001e000000006000003c0
000001e400000001000001cc
000001e80000000000000000
000001cc0000000200000008
000001d000000001000001b8
000001d40000000000000000
000001b80000000300001aac
000001bc00000001000001ac
000001c00000000000000000
000001ac0000000000000000
000002300000000000000000
000002400000000600000000
000002440000001700000000
000002480000001200000000
0000024c0000000000000000
0000025c0000001600000001
000002600000001500000000
000002640000000700000000
0000026800000014ffffffff
0000026c0000000000000000
000002700000001d00000002
000002740000001600000000
000002780000000100000002
0000027c00000009fffffaad
000002800000000f00000000
000002840000001d00000001
000002880000000000000000
000002740000001600000000
000002780000000100000002
0000027c00000009fffffaad
000002800000000f00000000
000002840000001d00000000
000002880000000000000000
0000028c0000001200000001
000002900000000500000002
000002940000000000000000
000002980000001500000000
0000029c00000002fffff801
000002a00000000400000001
000002a40000000600000000
000002a80000000400000000
000002ac0000000500000000
000002b00000001d00000004
000002b40000001700000001
000002b80000000000000000
000002bc0000000000000000
000002c00000001500000000
000002c40000000a00000001
000002c80000001054d222c8
000002cc0000001d00000003
000002d00000000000000000
000002b40000001700000001
000002b80000000000000000
000002bc0000000000000000
000002c00000001500000000
000002c40000000a00000001
000002c80000001054d222c8
000002cc0000001d00000002
000002d00000000000000000
000002b40000001700000001
000002b80000000000000000
000002bc0000000000000000
000002c00000001500000000
000002c40000000a00000001
000002c80000001054d222c8
000002cc0000001d00000001
000002d00000000000000000
000002b40000001700000001
000002b80000000000000000
000002bc0000000000000000
000002c00000001500000000
000002c40000000a00000001
000002c80000001054d222c8
000002cc0000001d00000000
000002d00000000000000000
000002d40000000c00000000
000002d80000000000000000
000002dc0000001403558000
000002e00000000900200000
000002e40000000000000000
000002e80000001000000000
000002ec0000000d00000000
000002f00000000000000000
000002f40000000d0243b2f4
000002f80000001600000001
000002fc0000000300000000
0000030000000010fffff7ff
000003040000000100000000
000003080000001200000000
0000030c0000001d00000006
000003100000000700000001
000003140000000400000001
000003180000000a00000001
0000031c0000000d00000000
0000032000000009000003e8
000003240000001d00000005
000003280000000000000000
000003100000000700000001
000003140000000400000000
000003180000000a00000001
0000031c0000000d00000000
0000032000000009000003e8
000003240000001d00000004
000003280000000000000000
000003100000000700000001
000003140000000400000000
000003180000000a00000001
0000031c0000000d00000000
0000032000000009000003e8
000003240000001d00000003
000003280000000000000000
000003100000000700000001
000003140000000400000000
000003180000000a00000001
0000031c0000000d00000000
0000032000000009000003e8
000003240000001d00000002
000003280000000000000000
000003100000000700000001
000003140000000400000000
000003180000000a00000001
0000031c0000000d00000000
0000032000000009000003e8
000003240000001d00000001
000003280000000000000000
000003100000000700000001
000003140000000400000000
000003180000000a00000001
0000031c0000000d00000000
0000032000000009000003e8
000003240000001d00000000
000003280000000000000000
0000032c0000000700000000
000003300000000000000000
000003400000000efffff801
000003440000000000000000
000003540000001400000000
000003580000001d00000004
0000035c0000000700000000
000003600000001d00000003
000003640000000000000000
0000035c0000000700000000
000003600000001d00000002
000003640000000000000000
0000035c0000000700000000
000003600000001d00000001
000003640000000000000000
0000035c0000000700000000
000003600000001d00000000
000003640000000000000000
000003680000001c00000003
0000036c0000001a00000001
000003700000001a00000008
000003740000001b00000374
000003780000001b0000037c
0000037c0000000100000380
000003880000001900000102
0000038c0000000000000000
000003900000001c00000002
000003940000000000000000
0000036c0000001a00000000
000003700000001a00000000
000003740000001b00000374
000003780000001b00000374
0000037c0000000100000380
000003800000001900000103
000003840000000000000000
000003900000001c00000001
000003940000000000000000
0000036c0000001a00000001
000003700000001a00000008
000003740000001b00000374
000003780000001b0000037c
0000037c0000000100000380
000003880000001900000106
0000038c0000000000000000
000003900000001c00000000
000003940000000000000000
000003980000001700000000
0000039c0000000000000000
000003a00000000a0000007f
000003a40000000700000000
000003a80000000ffffff906
000003ac0000000200000000
000003b000000011f3ff7a9a
000003b40000001d00000002
000003b80000000300000801
000003bc00000005000003e8
000003c00000001500000000
000003c40000000efffff801
000003c800000010afb36000
000003cc0000001d00000001
000003d00000000000000000
000003b80000000300000800
000003bc00000005000003e8
000003c00000001500000000
000003c40000000efffff801
000003c800000010afb36000
000003cc0000001d00000000
000003d00000000000000000
000003d400000004f0c663d4
000003d80000000000000000
000003dc0000000200000000
000003e00000000e299fd3e0
000003e40000001400000000
000003e80000000201fffff2
000003ec00000001000003f0
000003f40000000a000003f0
000003f800000001000003fc
000004080000000b000003fc
0000040c0000000100000410
0000041c0000000c00000410
000004200000000100000424
000004300000000000000000
000004340000000000000000
000004240000000800000000
000004280000000100000410
0000042c0000000000000000
0000041000000003fbfffbfa
0000041400000001000003fc
000004180000000000000000
000003fc0000000500000410
0000040000000001000003f0
000004040000000000000000
000003f00000000000000000
000004380000000500000001
0000043c0000000000000000
000004400000000000000000
000004440000000700000000
000004480000000c01fffff1
0000044c0000000100000000
000004500000001100000000
000004540000000e000001da
00000458000000010000045c
000004600000000a0000045c
000004640000000100000468
000004740000000b00000468
00000478000000010000047c
000004880000000c0000047c
0000048c0000000100000490
0000049c0000000d00000490
000004a000000001000004a4
000004b00000000e000004a4
000004b400000001000004b8
000004c40000000f000004b8
000004c800000001000004cc
000004d800000010000004cc
000004dc00000001000004e0
000004ec00000011000004e0
000004f000000001000004f4
0000050000000012000004f4
000005040000000100000508
000005140000001300000508
00000518000000010000051c
00000528000000150000045c
0000052c0000000000000000
0000051c0000001600000001
000005200000000100000508
000005240000000000000000
000005080000000400000000
0000050c00000001000004f4
000005100000000000000000
000004f40000000500000000
000004f800000001000004e0
000004fc0000000000000000
000004e00000000400000000
000004e400000001000004cc
000004e80000000000000000
000004cc0000000300000000
000004d000000001000004b8
000004d40000000000000000
000004b80000000204180000
000004bc00000001000004a4
000004c00000000000000000
000004a400000007000006f9
000004a80000000100000490
000004ac0000000000000000
000004900000000500000000
00000494000000010000047c
000004980000000000000000
0000047c0000001700000000
000004800000000100000468
000004840000000000000000
000004680000001600000000
0000046c000000010000045c
000004700000000000000000
0000045c0000000000000000
000005300000001000000001
000005340000000000000000
000005380000000800000000
0000053c0000001d00000002
000005400000000c9b6ee000
000005440000000622337544
000005480000000700000490
0000054c00000006000004df
000005500000000400000408
000005540000000300000000
000005580000001d00000001
0000055c0000000000000000
000005400000000c9b6ee000
000005440000000622337544
000005480000000700000490
0000054c00000006000004df
000005500000000400000408
000005540000000300000000
000005580000001d00000000
0000055c0000000000000000
0000056000000010000008fc
000005640000000300000008
00000568000000070417f800
0000056c0000001c00000004
000005700000001a00000000
000005740000001a00000000
000005780000001b00000578
0000057c0000001b00000578
000005800000000100000584
000005840000001900000107
000005880000000000000000
000005940000001c00000003
000005980000000000000000
000005700000001a00000001
000005740000001a00000008
000005780000001b00000578
0000057c0000001b00000580
000005800000000100000584
0000058c000000190000010a
000005900000000000000000
000005940000001c00000002
000005980000000000000000
000005700000001a00000000
000005740000001a00000000
000005780000001b00000578
0000057c0000001b00000578
000005800000000100000584
00000584000000190000010b
000005880000000000000000
000005940000001c00000001
000005980000000000000000
000005700000001a00000001
000005740000001a00000008
000005780000001b00000578
0000057c0000001b00000580
000005800000000100000584
0000058c000000190000010e
000005900000000000000000
000005940000001c00000000
000005980000000000000000
0000059c0000001c00000005
000005a00000001a00000001
000005a40000001a00000008
000005a80000001b000005a8
000005ac0000001b000005b0
000005b00000000000000000
000005bc0000001900000111
000005c00000000000000000
000005c40000001c00000004
000005c80000000000000000
000005a00000001a00000000
000005a40000001a00000000
000005a80000001b000005a8
000005ac0000001b000005a8
000005b00000000000000000
000005b40000001900000112
000005b80000000000000000
000005c40000001c00000003
000005c80000000000000000
000005a00000001a00000001
000005a40000001a00000008
000005a80000001b000005a8
000005ac0000001b000005b0
000005b00000000000000000
000005bc0000001900000115
000005c00000000000000000
000005c40000001c00000002
000005c80000000000000000
000005a00000001a00000000
000005a40000001a00000000
000005a80000001b000005a8
000005ac0000001b000005a8
000005b00000000000000000
000005b40000001900000116
000005b80000000000000000
000005c40000001c00000001
000005c80000000000000000
000005a00000001a00000001
000005a40000001a00000008
000005a80000001b000005a8
000005ac0000001b000005b0
000005b00000000000000000
000005bc0000001900000119
000005c00000000000000000
000005c40000001c00000000
000005c80000000000000000
000005cc0000001c00000003
000005d00000001a00000001
000005d40000001a00000008
000005d80000001b000005d8
000005dc0000001b000005e0
000005e00000000000000000
000005ec000000190000011c
000005f00000000000000000
000005f40000001c00000002
000005f80000000000000000
000005d00000001a00000000
000005d40000001a00000000
000005d80000001b000005d8
000005dc0000001b000005d8
000005e00000000000000000
000005e4000000190000011d
000005e80000000000000000
000005f40000001c00000001
000005f80000000000000000
000005d00000001a00000001
000005d40000001a00000008
000005d80000001b000005d8
000005dc0000001b000005e0
000005e00000000000000000
000005ec0000001900000120
000005f00000000000000000
000005f40000001c00000000
000005f80000000000000000
000005fc0000000400000000
000006000000001700000000
000006040000001d00000004
000006080000000a00000000
0000060c0000000000000000
000006100000001d00000003
000006140000000000000000
000006080000000a00000000
0000060c0000000000000000
000006100000001d00000002
000006140000000000000000
000006080000000a00000000
0000060c0000000000000000
000006100000001d00000001
000006140000000000000000
000006080000000a00000000
0000060c0000000000000000
000006100000001d00000000
000006140000000000000000
0000061800000015000003e8
0000061c0000000100000620
000006240000000a00000620
00000628000000010000062c
000006380000000b0000062c
0000063c0000000100000640
0000064c0000000c00000640
000006500000000100000654
000006600000000d00000654
000006640000000100000668
000006740000000e00000668
00000678000000010000067c
00000688000000170000cd00
0000068c0000000000000000
0000067c0000000304180000
000006800000000100000668
000006840000000000000000
000006680000000700000000
0000066c0000000100000654
000006700000000000000000
000006540000000300000c0c
000006580000000100000640
0000065c0000000000000000
000006400000000000000000
00000644000000010000062c
000006480000000000000000
0000062c00000017adaa662c
000006300000000100000620
000006340000000000000000
000006200000000000000000
000006900000001362c00000
0000069400000008000004b8
000006980000000c000004df
0000069c0000001d00000002
000006a00000000cfffffcb8
000006a40000000500000620
000006a80000001500000000
000006ac0000001d00000001
000006b00000000000000000
000006a00000000cfffffcb8
000006a40000000500000620
000006a80000001500000000
000006ac0000001d00000000
000006b00000000000000000
000006b40000000000000000
000006b80000000700000000
000006bc0000000a000001da
000006c000000001000006c4
000006c80000000a000006c4
000006cc00000001000006d0
000006dc0000000b000006d0
000006e000000001000006e4
000006f00000000c000006e4
000006f400000001000006f8
000007040000000d000006f8
00000708000000010000070c
000007180000000e0000070c
0000071c0000000100000720
0000072c0000000f00000720
000007300000000100000734
000007400000000400000000
000007440000000000000000
0000073400000005fffff800
000007380000000100000720
0000073c0000000000000000
000007200000000400000000
00000724000000010000070c
000007280000000000000000
0000070c0000000000000000
0000071000000001000006f8
000007140000000000000000
000006f80000001500000000
000006fc00000001000006e4
000007000000000000000000
000006e400000009000005e0
000006e800000001000006d0
000006ec0000000000000000
000006d00000000600000121
000006d400000001000006c4
000006d80000000000000000
000006c40000000000000000
0000074800000006000006c4
0000074c0000000b00000001
0000075000000009000007ff
000007540000000e00000000
000007580000001700000000
0000075c0000000100000760
000007640000000a00000760
00000768000000010000076c
000007780000000000000000
0000077c0000000000000000
0000076c0000001400000000
000007700000000100000760
000007740000000000000000
000007600000000000000000
000007800000001c00000003
000007840000001a00000001
000007880000001a00000008
0000078c0000001b0000078c
000007900000001b00000794
000007940000000000000000
000007a00000001900000123
000007a40000000000000000
000007a80000001c00000002
000007ac0000000000000000
000007840000001a00000000
000007880000001a00000000
0000078c0000001b0000078c
000007900000001b0000078c
000007940000000000000000
000007980000001900000124
0000079c0000000000000000
000007a80000001c00000001
000007ac0000000000000000
000007840000001a00000001
000007880000001a00000008
0000078c0000001b0000078c
000007900000001b00000794
000007940000000000000000
000007a00000001900000127
000007a40000000000000000
000007a80000001c00000000
000007ac0000000000000000
000007b0000000110000009f
000007b40000001500000000
000007b80000000603ca0000
000007bc0000000200000000
000007c000000007000001d2
000007c40000001700000ca7
000007c80000001500000001
000007cc0000000600000000
000007d00000001c00000005
000007d40000001a00000001
000007d80000001a00000008
000007dc0000001b000007dc
000007e00000001b000007e4
000007e400000001000007e8
000007f0000000190000012a
000007f40000000000000000
000007f80000001c00000004
000007fc0000000000000000
000007d40000001a00000000
000007d80000001a00000000
000007dc0000001b000007dc
000007e00000001b000007dc
000007e400000001000007e8
000007e8000000190000012b
000007ec0000000000000000
000007f80000001c00000003
000007fc0000000000000000
000007d40000001a00000001
000007d80000001a00000008
000007dc0000001b000007dc
000007e00000001b000007e4
000007e400000001000007e8
000007f0000000190000012e
000007f40000000000000000
000007f80000001c00000002
000007fc0000000000000000
000007d40000001a00000000
000007d80000001a00000000
000007dc0000001b000007dc
000007e00000001b000007dc
000007e400000001000007e8
000007e8000000190000012f
000007ec0000000000000000
000007f80000001c00000001
000007fc0000000000000000
000007d40000001a00000001
000007d80000001a00000008
000007dc0000001b000007dc
000007e00000001b000007e4
000007e400000001000007e8
000007f00000001900000132
000007f40000000000000000
000007f80000001c00000000
000007fc0000000000000000
000008000000000000000000
000008040000000300000000
000008080000001400000000
0000080c0000000300000000
000008100000001000000001
000008140000000e00000028
000008180000001d00000006
0000081c00000001000000d0
000008200000001d00000005
000008240000000000000000
0000081c00000001000000d0
000008200000001d00000004
000008240000000000000000
0000081c00000001000000d0
000008200000001d00000003
000008240000000000000000
0000081c00000001000000d0
000008200000001d00000002
000008240000000000000000
0000081c00000001000000d0
000008200000001d00000001
000008240000000000000000
0000081c00000001000000d0
000008200000001d00000000
000008240000000000000000
000008280000001d00000002
0000082c0000000800000000
0000083000000004fffff808
000008340000001d00000001
000008380000000000000000
0000082c00000008fffff808
0000083000000004fffff808
000008340000001d00000000
000008380000000000000000
0000083c0000000100000840
000008440000000a00000840
00000848000000010000084c
000008580000000b0000084c
0000085c0000000100000860
0000086c0000000c00000860
000008700000000100000874
000008800000001600000000
000008840000000000000000
000008740000000400000074
000008780000000100000860
0000087c0000000000000000
0000086000000015161f4000
00000864000000010000084c
000008680000000000000000
0000084c0000000500000000
000008500000000100000840
000008540000000000000000
000008400000000000000000
000008880000000000000000
0000088c0000000500000001
000008900000001000000000
00000894000000160000071f
000008980000000000000000
0000089c00000001000008a0
000008a40000000600000000
000008a80000000000000000
000008a00000000000000000
000008ac00000001000008b0
000008b40000001700000000
000008b80000000000000000
000008b00000000000000000
000008bc0000000000000000
000008c800000011000006e0
000008cc0000001600000001
000008d00000000000000000
000008d80000000800000800
000008dc0000000c7c60f8dc
000008e00000000500000001
000008e40000000800000000
000008e80000000100000001
000008ec00000013f505f000
000008f00000000100000000
000008f40000001c00000005
000008f80000001a00000001
000008fc0000001a00000008
000009000000001b00000900
000009040000001b00000908
00000908000000010000090c
000009140000001900000135
000009180000000000000000
0000091c0000001c00000004
000009200000000000000000
000008f80000001a00000000
000008fc0000001a00000000
000009000000001b00000900
000009040000001b00000900
00000908000000010000090c
0000090c0000001900000136
000009100000000000000000
0000091c0000001c00000003
000009200000000000000000
000008f80000001a00000001
000008fc0000001a00000008
000009000000001b00000900
000009040000001b00000908
00000908000000010000090c
000009140000001900000139
000009180000000000000000
0000091c0000001c00000002
000009200000000000000000
000008f80000001a00000000
000008fc0000001a00000000
000009000000001b00000900
000009040000001b00000900
00000908000000010000090c
0000090c000000190000013a
000009100000000000000000
0000091c0000001c00000001
000009200000000000000000
000008f80000001a00000001
000008fc0000001a00000008
000009000000001b00000900
000009040000001b00000908
00000908000000010000090c
00000914000000190000013d
000009180000000000000000
0000091c0000001c00000000
000009200000000000000000
000009240000000b000001d2
0000092800000016000007ff
0000092c0000000b00000000
000009300000001600000774
000009340000001200000000
000009380000001c00000004
0000093c0000001a00000000
000009400000001a00000000
000009440000001b00000944
000009480000001b00000944
0000094c0000000000000000
00000950000000190000013e
000009540000000000000000
000009600000001c00000003
000009640000000000000000
0000093c0000001a00000001
000009400000001a00000008
000009440000001b00000944
000009480000001b0000094c
0000094c0000000000000000
000009580000001900000141
0000095c0000000000000000
000009600000001c00000002
000009640000000000000000
0000093c0000001a00000000
000009400000001a00000000
000009440000001b00000944
000009480000001b00000944
0000094c0000000000000000
000009500000001900000142
000009540000000000000000
000009600000001c00000001
000009640000000000000000
0000093c0000001a00000001
000009400000001a00000008
000009440000001b00000944
000009480000001b0000094c
0000094c0000000000000000
000009580000001900000145
0000095c0000000000000000
000009600000001c00000000
000009640000000000000000
000009680000000200000001
0000096c0000001c00000004
000009700000001a00000000
000009740000001a00000000
000009780000001b00000978
0000097c0000001b00000978
000009800000000100000984
000009840000001900000146
000009880000000000000000
000009940000001c00000003
000009980000000000000000
000009700000001a00000001
000009740000001a00000008
000009780000001b00000978
0000097c0000001b00000980
000009800000000100000984
0000098c0000001900000149
000009900000000000000000
000009940000001c00000002
000009980000000000000000
000009700000001a00000000
000009740000001a00000000
000009780000001b00000978
0000097c0000001b00000978
000009800000000100000984
00000984000000190000014a
000009880000000000000000
000009940000001c00000001
000009980000000000000000
000009700000001a00000001
000009740000001a00000008
000009780000001b00000978
0000097c0000001b00000980
000009800000000100000984
0000098c000000190000014d
000009900000000000000000
000009940000001c00000000
000009980000000000000000
0000099c0000000d000006e0
000009a0000000017c60f8dc
000009a400000016161f3990
000009a800000016000001d3
000009ac0000000d00000000
000009b00000001700000001
000009b40000001600002201
000009b800000001000009bc
000009c00000000a000009bc
000009c400000001000009c8
000009d40000000b000009c8
000009d800000001000009dc
000009e80000000c000009dc
000009ec00000001000009f0
000009fc0000000d000009f0
00000a000000000100000a04
00000a100000000e00000a04
00000a140000000100000a18
00000a2400000004fffff204
00000a280000000000000000
00000a180000000000000000
00000a1c0000000100000a04
00000a200000000000000000
00000a040000000374113000
00000a0800000001000009f0
00000a0c0000000000000000
000009f00000001400000000
000009f400000001000009dc
000009f80000000000000000
000009dc0000000400000000
000009e000000001000009c8
000009e40000000000000000
000009c80000000500000001
000009cc00000001000009bc
000009d00000000000000000
000009bc0000000000000000
00000a2c0000000100000a30
00000a340000000a00000a30
00000a380000000100000a3c
00000a480000000b00000a3c
00000a4c0000000100000a50
00000a5c0000000c00000a50
00000a600000000100000a64
00000a700000000d00000a64
00000a740000000100000a78
00000a840000000e00000a78
00000a880000000100000a8c
00000a980000000800000000
00000a9c0000000000000000
00000a8c0000000800000000
00000a900000000100000a78
00000a940000000000000000
00000a780000001600000000
00000a7c0000000100000a64
00000a800000000000000000
00000a640000000600000001
00000a680000000100000a50
00000a6c0000000000000000
00000a500000001600000000
00000a540000000100000a3c
00000a580000000000000000
00000a3c0000001600000004
00000a400000000100000a30
00000a440000000000000000
00000a300000000000000000
00000aa00000000b000014f0
00000aa40000000400000000
00000aa80000000000000000
00000abc0000000000000000
00000ac00000000000000000
00000ac40000000000000000
00000ac80000000000000000
00000acc00000014000007ff
00000ad00000001d00000003
00000ad40000000000000000
00000ad80000000200000008
00000adc0000000d00000000
00000ae0000000144c963ae0
00000ae40000000500000001
00000ae80000001d00000002
00000aec0000000000000000
00000ad40000000000000000
00000ad80000000200000008
00000adc0000000d00000000
00000ae0000000144c963ae0
00000ae40000000500000001
00000ae80000001d00000001
00000aec0000000000000000
00000ad40000000000000000
00000ad80000000200000008
00000adc0000000d00000000
00000ae0000000144c963ae0
00000ae40000000500000001
00000ae80000001d00000000
00000aec0000000000000000
00000af00000000200000001
00000af40000000200000001
00000af80000000000000000
00000afc00000017000007ff
00000b000000000200000dd0
00000b040000000e00000050
00000b080000000f00000000
00000b0c0000000b00000001
00000b100000001300000000
00000b140000000100000000
00000b180000001d00000002
00000b1c0000000900000000
00000b200000001d00000001
00000b240000000000000000
00000b1c0000000900000000
00000b200000001d00000000
00000b240000000000000000
00000b280000000100000b2c
00000b300000000a00000b2c
00000b340000000100000b38
00000b440000000b00000b38
00000b480000000100000b4c
00000b580000000c00000b4c
00000b5c0000000100000b60
00000b6c0000000d00000b60
00000b700000000100000b74
00000b800000000500000000
00000b840000000000000000
00000b7400000015161f4000
00000b780000000100000b60
00000b7c0000000000000000
00000b60000000158beec800
00000b640000000100000b4c
00000b680000000000000000
00000b4c00000006c2587b4c
00000b500000000100000b38
00000b540000000000000000
00000b38000000150b2c0000
00000b3c0000000100000b2c
00000b400000000000000000
00000b2c0000000000000000
00000b880000001600000000
00000b8c0000000500000b2c
00000b900000000102000000
00000b94000000094c963ae0
00000b980000000300002200
00000b9c00000009000001df
00000ba00000000000000000
00000ba40000000500000000
00000ba80000000500000b60
00000bac00000003000021df
00000bb000000001000021df
00000bb40000001d00000002
00000bb80000000100000000
00000bbc0000000d00000000
00000bc00000001200000000
00000bc40000000a4c963ee0
00000bc80000000a00000000
00000bcc0000000a00000000
00000bd00000001d00000001
00000bd40000000000000000
00000bb80000000100000000
00000bbc0000000d00000000
00000bc00000001200000000
00000bc40000000a4c963ee0
00000bc80000000a00000000
00000bcc0000000a00000000
00000bd00000001d00000000
00000bd40000000000000000
00000bd80000001d00000006
00000bdc0000001600000006
00000be00000000000000000
00000be40000001300000000
00000be80000001d00000005
00000bec0000000000000000
00000bdc0000001600000005
00000be00000000000000000
00000be40000001300000000
00000be80000001d00000004
00000bec0000000000000000
00000bdc0000001600000004
00000be00000000000000000
00000be40000001300000000
00000be80000001d00000003
00000bec0000000000000000
00000bdc0000001600000003
00000be00000000000000000
00000be40000001300000000
00000be80000001d00000002
00000bec0000000000000000
00000bdc0000001600000002
00000be00000000000000000
00000be40000001300000000
00000be80000001d00000001
00000bec0000000000000000
00000bdc0000001600000001
00000be00000000000000000
00000be40000001300000000
00000be80000001d00000000
00000bec0000000000000000
00000bf00000000f0b2bf800
00000bf40000000700000000
00000bf80000000000000000
00000bfc000000130000025b
00000c000000001500000001
00000c0400000009e9465000
00000c080000000cfffff800
00000c0c0000001d00000002
00000c100000000200000000
00000c140000000300000e7f
00000c180000001200000000
00000c1c0000000fd8000000
00000c200000000e00000000
00000c240000001d00000001
00000c280000000000000000
00000c100000000200000000
00000c140000000300000e7f
00000c180000001200000000
00000c1c0000000fd8000000
00000c200000000e00000000
00000c240000001d00000000
00000c280000000000000000
00000c2c0000001200000fff
00000c3000000006ffffe801
00000c340000000d00000000
00000c380000001300000000
00000c3c0000000fffffe801
00000c400000000000000000
00000c440000001d00000005
00000c480000001200000e7e
00000c4c0000000e00000000
00000c5000000006c0000000
00000c540000001d00000004
00000c580000000000000000
00000c480000001200000e7e
00000c4c0000000e00000000
00000c5000000006c0000000
00000c540000001d00000003
00000c580000000000000000
00000c480000001200000e7e
00000c4c0000000e00000000
00000c5000000006c0000000
00000c540000001d00000002
00000c580000000000000000
00000c480000001200000e7e
00000c4c0000000e00000000
00000c5000000006c0000000
00000c540000001d00000001
00000c580000000000000000
00000c480000001200000e7e
00000c4c0000000e00000000
00000c5000000006c0000000
00000c540000001d00000000
00000c580000000000000000
00000c5c0000000c00002000
00000c600000001500000000
00000c640000000600000000
00000c680000000000000000
00000c6c0000000cfffff801
00000c700000001d00000004
00000c740000001000000ff8
00000c780000000800000000
00000c7c0000000400000000
00000c80000000050000167e
00000c840000001d00000003
00000c880000000000000000
00000c740000001000000ff8
00000c780000000800000000
00000c7c0000000400000000
00000c80000000050000167e
00000c840000001d00000002
00000c880000000000000000
00000c740000001000000ff8
00000c780000000800000000
00000c7c0000000400000000
00000c80000000050000167e
00000c840000001d00000001
00000c880000000000000000
00000c740000001000000ff8
00000c780000000800000000
00000c7c0000000400000000
00000c80000000050000167e
00000c840000001d00000000
00000c880000000000000000
00000c8c0000000a000001df
00000c900000001400000000
00000c940000000000000000
00000c980000001d00000003
00000c9c000000122de8c000
00000ca00000000ce9465000
00000ca40000001d00000002
00000ca80000000000000000
00000c9c000000122de8c000
00000ca00000000ce9465000
00000ca40000001d00000001
00000ca80000000000000000
00000c9c000000122de8c000
00000ca00000000ce9465000
00000ca40000001d00000000
00000ca80000000000000000
00000cac00000009ffffe801
00000cb00000000d00000000
00000cb40000000000000000
00000cc40000000500000000
00000cc800000010000007ff
00000ccc0000000f00000001
00000cd00000001c00000005
00000cd40000001a00000001
00000cd80000001a00000008
00000cdc0000001b00000cdc
00000ce00000001b00000ce4
00000ce40000000100000ce8
00000cf00000001900000150
00000cf40000000000000000
00000cf80000001c00000004
00000cfc0000000000000000
00000cd40000001a00000000
00000cd80000001a00000000
00000cdc0000001b00000cdc
00000ce00000001b00000cdc
00000ce40000000100000ce8
00000ce80000001900000151
00000cec0000000000000000
00000cf80000001c00000003
00000cfc0000000000000000
00000cd40000001a00000001
00000cd80000001a00000008
00000cdc0000001b00000cdc
00000ce00000001b00000ce4
00000ce40000000100000ce8
00000cf00000001900000154
00000cf40000000000000000
00000cf80000001c00000002
00000cfc0000000000000000
00000cd40000001a00000000
00000cd80000001a00000000
00000cdc0000001b00000cdc
00000ce00000001b00000cdc
00000ce40000000100000ce8
00000ce80000001900000155
00000cec0000000000000000
00000cf80000001c00000001
00000cfc0000000000000000
00000cd40000001a00000001
00000cd80000001a00000008
00000cdc0000001b00000cdc
00000ce00000001b00000ce4
00000ce40000000100000ce8
00000cf00000001900000158
00000cf40000000000000000
00000cf80000001c00000000
00000cfc0000000000000000
00000d000000000000000000
00000d0c0000000e00000001
00000d100000000100000d14
00000d180000000a00000d14
00000d1c0000000100000d20
00000d2c0000000b00000d20
00000d300000000100000d34
00000d400000000c00000d34
00000d440000000100000d48
00000d540000000000000000
00000d580000000000000000
00000d480000000700000000
00000d4c0000000100000d34
00000d500000000000000000
00000d34000000158ed11000
00000d380000000100000d20
00000d3c0000000000000000
00000d200000001400000001
00000d240000000100000d14
00000d280000000000000000
00000d140000000000000000
00000d5c0000001d00000003
00000d600000000fa2bbc000
00000d640000000000000000
00000d680000000f0617ad68
00000d6c0000000900000000
00000d700000000000000000
00000d740000001d00000002
00000d780000000000000000
00000d600000000fa2bbc000
00000d640000000000000000
00000d680000000f0617ad68
00000d6c0000000900000000
00000d700000000000000000
00000d740000001d00000001
00000d780000000000000000
00000d600000000fa2bbc000
00000d640000000000000000
00000d680000000f0617ad68
00000d6c0000000900000000
00000d700000000000000000
00000d740000001d00000000
00000d780000000000000000
00000d7c0000000700000d15
00000d800000001400000000
00000d840000000c00000800
00000d880000001200000001
00000d8c0000001d00000002
00000d900000000800000000
00000d940000000000000000
00000d980000000f00000000
00000d9c0000001d00000001
00000da00000000000000000
00000d900000000800000000
00000d940000000000000000
00000d980000000f00000000
00000d9c0000001d00000000
00000da00000000000000000
00000da40000001d00000003
00000da80000000800000000
00000dac0000001300000001
00000db00000000f00000000
00000db40000001000000003
00000db80000000700000001
00000dbc0000001d00000002
00000dc00000000000000000
00000da80000000800000000
00000dac0000001300000001
00000db00000000f00000000
00000db40000001000000002
00000db80000000700000001
00000dbc0000001d00000001
00000dc00000000000000000
00000da80000000800000000
00000dac0000001300000001
00000db00000000f00000000
00000db40000001000000001
00000db80000000700000001
00000dbc0000001d00000000
00000dc00000000000000000
00000dc40000001c00000005
00000dc80000001a00000001
00000dcc0000001a00000008
00000dd00000001b00000dd0
00000dd40000001b00000dd8
00000dd80000000100000ddc
00000de4000000190000015b
00000de80000000000000000
00000dec0000001c00000004
00000df00000000000000000
00000dc80000001a00000000
00000dcc0000001a00000000
00000dd00000001b00000dd0
00000dd40000001b00000dd0
00000dd80000000100000ddc
00000ddc000000190000015c
00000de00000000000000000
00000dec0000001c00000003
00000df00000000000000000
00000dc80000001a00000001
00000dcc0000001a00000008
00000dd00000001b00000dd0
00000dd40000001b00000dd8
00000dd80000000100000ddc
00000de4000000190000015f
00000de80000000000000000
00000dec0000001c00000002
00000df00000000000000000
00000dc80000001a00000000
00000dcc0000001a00000000
00000dd00000001b00000dd0
00000dd40000001b00000dd0
00000dd80000000100000ddc
00000ddc0000001900000160
00000de00000000000000000
00000dec0000001c00000001
00000df00000000000000000
00000dc80000001a00000001
00000dcc0000001a00000008
00000dd00000001b00000dd0
00000dd40000001b00000dd8
00000dd80000000100000ddc
00000de40000001900000163
00000de80000000000000000
00000dec0000001c00000000
00000df00000000000000000
00000df40000000100000df8
00000dfc0000000a00000df8
00000e000000000100000e04
00000e100000000b00000e04
00000e140000000100000e18
00000e240000000c00000e18
00000e280000000100000e2c
00000e380000000d00000e2c
00000e3c0000000100000e40
00000e4c0000000e00000e40
00000e500000000100000e54
00000e600000000f00000e54
00000e640000000100000e68
00000e740000000600000000
00000e780000000000000000
00000e680000000300000000
00000e6c0000000100000e54
00000e700000000000000000
00000e540000000500000000
00000e580000000100000e40
00000e5c0000000000000000
00000e40000000158ed11000
00000e440000000100000e2c
00000e480000000000000000
00000e2c00000007c93a5000
00000e300000000100000e18
00000e340000000000000000
00000e180000000500000001
00000e1c0000000100000e04
00000e200000000000000000
00000e04000000090c807e04
00000e080000000100000df8
00000e0c0000000000000000
00000df80000000000000000
00000e7c0000000a00000000
00000e800000000c37514000
00000e84000000120000078b
00000e88000000159fdd6e88
00000e8c0000001500000000
00000e900000001c00000005
00000e940000001a00000001
00000e980000001a00000008
00000e9c0000001b00000e9c
00000ea00000001b00000ea4
00000ea40000000100000ea8
00000eb00000001900000166
00000eb40000000000000000
00000eb80000001c00000004
00000ebc0000000000000000
00000e940000001a00000000
00000e980000001a00000000
00000e9c0000001b00000e9c
00000ea00000001b00000e9c
00000ea40000000100000ea8
00000ea80000001900000167
00000eac0000000000000000
00000eb80000001c00000003
00000ebc0000000000000000
00000e940000001a00000001
00000e980000001a00000008
00000e9c0000001b00000e9c
00000ea00000001b00000ea4
00000ea40000000100000ea8
00000eb0000000190000016a
00000eb40000000000000000
00000eb80000001c00000002
00000ebc0000000000000000
00000e940000001a00000000
00000e980000001a00000000
00000e9c0000001b00000e9c
00000ea00000001b00000e9c
00000ea40000000100000ea8
00000ea8000000190000016b
00000eac0000000000000000
00000eb80000001c00000001
00000ebc0000000000000000
00000e940000001a00000001
00000e980000001a00000008
00000e9c0000001b00000e9c
00000ea00000001b00000ea4
00000ea40000000100000ea8
00000eb0000000190000016e
00000eb40000000000000000
00000eb80000001c00000000
00000ebc0000000000000000
00000ec00000000900000001
00000ec40000000effffffff
00000ec80000000100000000
00000ecc0000000000000000
00000ed00000000000000000
00000ee40000001100000e04
00000ee80000000000000000
00000eec0000001200000001
00000ef00000000000000000
00000ef40000001c00000004
00000ef80000001a00000000
00000efc0000001a00000000
00000f000000001b00000f00
00000f040000001b00000f00
00000f080000000100000f0c
00000f0c000000190000016f
00000f100000000000000000
00000f1c0000001c00000003
00000f200000000000000000
00000ef80000001a00000001
00000efc0000001a00000008
00000f000000001b00000f00
00000f040000001b00000f08
00000f080000000100000f0c
00000f140000001900000172
00000f180000000000000000
00000f1c0000001c00000002
00000f200000000000000000
00000ef80000001a00000000
00000efc0000001a00000000
00000f000000001b00000f00
00000f040000001b00000f00
00000f080000000100000f0c
00000f0c0000001900000173
00000f100000000000000000
00000f1c0000001c00000001
00000f200000000000000000
00000ef80000001a00000001
00000efc0000001a00000008
00000f000000001b00000f00
00000f040000001b00000f08
00000f080000000100000f0c
00000f140000001900000176
00000f180000000000000000
00000f1c0000001c00000000
00000f200000000000000000
00000f2400000017ffffffff
00000f280000001600000000
00000f2c0000000100000f30
00000f340000000a00000f30
00000f380000000100000f3c
00000f480000000b00000f3c
00000f4c0000000100000f50
00000f5c00000003fbb47000
00000f600000000000000000
00000f500000001600000f50
00000f540000000100000f3c
00000f580000000000000000
00000f3c0000000900000000
00000f400000000100000f30
00000f440000000000000000
00000f300000000000000000
00000f640000000000000000
00000f680000000437514000
00000f6c0000001c00000003
00000f700000001a00000001
00000f740000001a00000008
00000f780000001b00000f78
00000f7c0000001b00000f80
00000f800000000100000f84
00000f8c0000001900000179
00000f900000000000000000
00000f940000001c00000002
00000f980000000000000000
00000f700000001a00000000
00000f740000001a00000000
00000f780000001b00000f78
00000f7c0000001b00000f78
00000f800000000100000f84
00000f84000000190000017a
00000f880000000000000000
00000f940000001c00000001
00000f980000000000000000
00000f700000001a00000001
00000f740000001a00000008
00000f780000001b00000f78
00000f7c0000001b00000f80
00000f800000000100000f84
00000f8c000000190000017d
00000f900000000000000000
00000f940000001c00000000
00000f980000000000000000
00000f9c0000001d00000002
00000fa00000001299ea7000
00000fa400000003000007ff
00000fa800000010ffffff80
00000fac0000000000000000
00000fb00000000400000000
00000fb40000001d00000001
00000fb80000000000000000
00000fa00000001299ea7000
00000fa400000003000007ff
00000fa800000010ffffff80
00000fac0000000000000000
00000fb00000000400000000
00000fb40000001d00000000
00000fb80000000000000000
00000fbc0000001400000000
00000fc00000000000000000
00000fd00000001c00000005
00000fd40000001a00000001
00000fd80000001a00000008
00000fdc0000001b00000fdc
00000fe00000001b00000fe4
00000fe40000000100000fe8
00000ff00000001900000180
00000ff40000000000000000
00000ff80000001c00000004
00000ffc0000000000000000
00000fd40000001a00000000
00000fd80000001a00000000
00000fdc0000001b00000fdc
00000fe00000001b00000fdc
00000fe40000000100000fe8
00000fe80000001900000181
00000fec0000000000000000
00000ff80000001c00000003
00000ffc0000000000000000
00000fd40000001a00000001
00000fd80000001a00000008
00000fdc0000001b00000fdc
00000fe00000001b00000fe4
00000fe40000000100000fe8
00000ff00000001900000184
00000ff40000000000000000
00000ff80000001c00000002
00000ffc0000000000000000
00000fd40000001a00000000
00000fd80000001a00000000
00000fdc0000001b00000fdc
00000fe00000001b00000fdc
00000fe40000000100000fe8
00000fe80000001900000185
00000fec0000000000000000
00000ff80000001c00000001
00000ffc0000000000000000
00000fd40000001a00000001
00000fd80000001a00000008
00000fdc0000001b00000fdc
00000fe00000001b00000fe4
00000fe40000000100000fe8
00000ff00000001900000188
00000ff40000000000000000
00000ff80000001c00000000
00000ffc0000000000000000
0000100000000013fffff801
000010040000001100000bff
000010080000000c0000106e
0000100c0000000c00000000
000010100000000300000bfe
000010140000001000000400
000010180000000000000000
0000101c0000001d00000006
000010200000000400000e2d
000010240000001d00000005
000010280000000000000000
000010200000000400000e2d
000010240000001d00000004
000010280000000000000000
000010200000000400000e2d
000010240000001d00000003
000010280000000000000000
000010200000000400000e2d
000010240000001d00000002
000010280000000000000000
000010200000000400000e2d
000010240000001d00000001
000010280000000000000000
000010200000000400000e2d
000010240000001d00000000
000010280000000000000000
0000102c0000001c00000005
000010300000001a00000001
000010340000001a00000008
000010380000001b00001038
0000103c0000001b00001040
000010400000000100001044
0000104c000000190000018b
000010500000000000000000
000010540000001c00000004
000010580000000000000000
000010300000001a00000000
000010340000001a00000000
000010380000001b00001038
0000103c0000001b00001038
000010400000000100001044
00001044000000190000018c
000010480000000000000000
000010540000001c00000003
000010580000000000000000
000010300000001a00000001
000010340000001a00000008
000010380000001b00001038
0000103c0000001b00001040
000010400000000100001044
0000104c000000190000018f
000010500000000000000000
000010540000001c00000002
000010580000000000000000
000010300000001a00000000
000010340000001a00000000
000010380000001b00001038
0000103c0000001b00001038
000010400000000100001044
000010440000001900000190
000010480000000000000000
000010540000001c00000001
000010580000000000000000
000010300000001a00000001
000010340000001a00000008
000010380000001b00001038
0000103c0000001b00001040
000010400000000100001044
0000104c0000001900000193
000010500000000000000000
000010540000001c00000000
000010580000000000000000
0000105c0000001d00000002
000010600000000000000000
000010640000000c000017fc
00001068000000120000000f
0000106c0000000a00000001
000010700000001d00000001
000010740000000000000000
000010600000000000000000
000010640000000c000017fc
00001068000000120000000f
0000106c0000000a00000001
000010700000001d00000000
000010740000000000000000
000010780000001d00000002
0000107c00000001000003ff
000010800000001510000000
000010840000001d00000001
000010880000000000000000
0000107c00000001000003ff
000010800000001510000000
000010840000001d00000000
000010880000000000000000
0000108c0000000a00000000
000010900000000100001094
000010980000000a00001094
0000109c00000001000010a0
000010ac0000000b000010a0
000010b000000001000010b4
000010c00000000c000010b4
000010c400000001000010c8
000010d40000000d000010c8
000010d800000001000010dc
000010e80000000e000010dc
000010ec00000001000010f0
000010fc0000000f000010f0
000011000000000100001104
000011100000001000001104
000011140000000100001118
000011240000001100001118
00001128000000010000112c
000011380000000996a8a000
0000113c0000000000000000
0000112c0000001400000000
000011300000000100001118
000011340000000000000000
000011180000001500000000
0000111c0000000100001104
000011200000000000000000
000011040000000400000001
0000110800000001000010f0
0000110c0000000000000000
000010f00000001700000000
000010f400000001000010dc
000010f80000000000000000
000010dc000000030000220f
000010e000000001000010c8
000010e40000000000000000
000010c800000005ffffdded
000010cc00000001000010b4
000010d00000000000000000
000010b40000000600010400
000010b800000001000010a0
000010bc0000000000000000
000010a00000000400001903
000010a40000000100001094
000010a80000000000000000
000010940000000000000000
000011400000000000000000
000011440000000000000000
0000114800000001e2ad9000
0000114c00000008000010df
0000115000000012440ac150
000011540000000000000000
000011580000001000000000
0000115c0000000000000000
0000116000000017000007ff
000011640000001c00000005
000011680000001a00000001
0000116c0000001a00000008
000011700000001b00001170
000011740000001b00001178
00001178000000010000117c
000011840000001900000196
000011880000000000000000
0000118c0000001c00000004
000011900000000000000000
000011680000001a00000000
0000116c0000001a00000000
000011700000001b00001170
000011740000001b00001170
00001178000000010000117c
0000117c0000001900000197
000011800000000000000000
0000118c0000001c00000003
000011900000000000000000
000011680000001a00000001
0000116c0000001a00000008
000011700000001b00001170
000011740000001b00001178
00001178000000010000117c
00001184000000190000019a
000011880000000000000000
0000118c0000001c00000002
000011900000000000000000
000011680000001a00000000
0000116c0000001a00000000
000011700000001b00001170
000011740000001b00001170
00001178000000010000117c
0000117c000000190000019b
000011800000000000000000
0000118c0000001c00000001
000011900000000000000000
000011680000001a00000001
0000116c0000001a00000008
000011700000001b00001170
000011740000001b00001178
00001178000000010000117c
00001184000000190000019e
000011880000000000000000
0000118c0000001c00000000
000011900000000000000000
00001194000000010000000e
00001198000000010000000e
0000119c0000000d00001130
000011a00000001c00000004
000011a40000001a00000000
000011a80000001a00000000
000011ac0000001b000011ac
000011b00000001b000011ac
000011b40000000000000000
000011b8000000190000019f
000011bc0000000000000000
000011c80000001c00000003
000011cc0000000000000000
000011a40000001a00000001
000011a80000001a00000008
000011ac0000001b000011ac
000011b00000001b000011b4
000011b40000000000000000
000011c000000019000001a2
000011c40000000000000000
000011c80000001c00000002
000011cc0000000000000000
000011a40000001a00000000
000011a80000001a00000000
000011ac0000001b000011ac
000011b00000001b000011ac
000011b40000000000000000
000011b800000019000001a3
000011bc0000000000000000
000011c80000001c00000001
000011cc0000000000000000
000011a40000001a00000001
000011a80000001a00000008
000011ac0000001b000011ac
000011b00000001b000011b4
000011b40000000000000000
000011c000000019000001a6
000011c40000000000000000
000011c80000001c00000000
000011cc0000000000000000
000011d00000001c00000003
000011d40000001a00000001
000011d80000001a00000008
000011dc0000001b000011dc
000011e00000001b000011e4
000011e40000000000000000
000011f000000019000001a9
000011f40000000000000000
000011f80000001c00000002
000011fc0000000000000000
000011d40000001a00000000
000011d80000001a00000000
000011dc0000001b000011dc
000011e00000001b000011dc
000011e40000000000000000
000011e800000019000001aa
000011ec0000000000000000
000011f80000001c00000001
000011fc0000000000000000
000011d40000001a00000001
000011d80000001a00000008
000011dc0000001b000011dc
000011e00000001b000011e4
000011e40000000000000000
000011f000000019000001ad
000011f40000000000000000
000011f80000001c00000000
000011fc0000000000000000
000012000000000000000000
000012040000000a00000001
000012080000001000000001
0000120c0000001700001904
00001210000000110000220e
000012140000001600000000
000012180000000000000000
0000121c0000001700000193
000012200000001100000000
000012240000001d00000005
0000122800000013000003ff
0000122c0000000300000005
000012300000001d00000004
000012340000000000000000
000012280000001300000000
0000122c0000000300000004
000012300000001d00000003
000012340000000000000000
000012280000001300000000
0000122c0000000300000003
000012300000001d00000002
000012340000000000000000
000012280000001300000000
0000122c0000000300000002
000012300000001d00000001
000012340000000000000000
000012280000001300000000
0000122c0000000300000001
000012300000001d00000000
000012340000000000000000
000012380000001496a8a000
0000123c0000000b00000000
0000124000000011000001ac
000012440000000000000000
0000124800000017ffffee1c
0000124c0000001c00000005
000012500000001a00000001
000012540000001a00000008
000012580000001b00001258
0000125c0000001b00001260
000012600000000000000000
0000126c00000019000001b0
000012700000000000000000
000012740000001c00000004
000012780000000000000000
000012500000001a00000000
000012540000001a00000000
000012580000001b00001258
0000125c0000001b00001258
000012600000000000000000
0000126400000019000001b1
000012680000000000000000
000012740000001c00000003
000012780000000000000000
000012500000001a00000001
000012540000001a00000008
000012580000001b00001258
0000125c0000001b00001260
000012600000000000000000
0000126c00000019000001b4
000012700000000000000000
000012740000001c00000002
000012780000000000000000
000012500000001a00000000
000012540000001a00000000
000012580000001b00001258
0000125c0000001b00001258
000012600000000000000000
0000126400000019000001b5
000012680000000000000000
000012740000001c00000001
000012780000000000000000
000012500000001a00000001
000012540000001a00000008
000012580000001b00001258
0000125c0000001b00001260
000012600000000000000000
0000126c00000019000001b8
000012700000000000000000
000012740000001c00000000
000012780000000000000000
0000127c0000001500000000
000012800000000700000001
000012840000001200000000
000012880000001700000000
0000128c0000001400000000
000012900000000300002200
000012940000000600000001
000012980000000900000000
0000129c0000001d00000005
000012a00000000900000000
000012a400000013000001a8
000012a80000000300000000
000012ac0000000700000001
000012b00000001d00000004
000012b40000000000000000
000012a00000000900000000
000012a400000013000001a8
000012a80000000300000000
000012ac0000000700000001
000012b00000001d00000003
000012b40000000000000000
000012a00000000900000000
000012a400000013000001a8
000012a80000000300000000
000012ac0000000700000001
000012b00000001d00000002
000012b40000000000000000
000012a00000000900000000
000012a400000013000001a8
000012a80000000300000000
000012ac0000000700000001
000012b00000001d00000001
000012b40000000000000000
000012a00000000900000000
000012a400000013000001a8
000012a80000000300000000
000012ac0000000700000001
000012b00000001d00000000
000012b40000000000000000
000012b80000001c00000004
000012bc0000001a00000000
000012c00000001a00000000
000012c40000001b000012c4
000012c80000001b000012c4
000012cc00000001000012d0
000012d000000019000001b9
000012d40000000000000000
000012e00000001c00000003
000012e40000000000000000
000012bc0000001a00000001
000012c00000001a00000008
000012c40000001b000012c4
000012c80000001b000012cc
000012cc00000001000012d0
000012d800000019000001bc
000012dc0000000000000000
000012e00000001c00000002
000012e40000000000000000
000012bc0000001a00000000
000012c00000001a00000000
000012c40000001b000012c4
000012c80000001b000012c4
000012cc00000001000012d0
000012d000000019000001bd
000012d40000000000000000
000012e00000001c00000001
000012e40000000000000000
000012bc0000001a00000001
000012c00000001a00000008
000012c40000001b000012c4
000012c80000001b000012cc
000012cc00000001000012d0
000012d800000019000001c0
000012dc0000000000000000
000012e00000001c00000000
000012e40000000000000000
000012e80000000a000010be
000012ec0000000900000000
000012f00000001500002201
000012f40000000000000000
000012f80000000000000000
00001308000000146e039000
0000130c0000001600000001
000013100000001c00000004
000013140000001a00000000
000013180000001a00000000
0000131c0000001b0000131c
000013200000001b0000131c
000013240000000100001328
0000132800000019000001c1
0000132c0000000000000000
000013380000001c00000003
0000133c0000000000000000
000013140000001a00000001
000013180000001a00000008
0000131c0000001b0000131c
000013200000001b00001324
000013240000000100001328
0000133000000019000001c4
000013340000000000000000
000013380000001c00000002
0000133c0000000000000000
000013140000001a00000000
000013180000001a00000000
0000131c0000001b0000131c
000013200000001b0000131c
000013240000000100001328
0000132800000019000001c5
0000132c0000000000000000
000013380000001c00000001
0000133c0000000000000000
000013140000001a00000001
000013180000001a00000008
0000131c0000001b0000131c
000013200000001b00001324
000013240000000100001328
0000133000000019000001c8
000013340000000000000000
000013380000001c00000000
0000133c0000000000000000
000013400000000f000006c4
000013440000000100001348
0000134c0000000a00001348
000013500000000100001354
000013600000000800000088
000013640000000000000000
000013540000000000000000
000013580000000100001348
0000135c0000000000000000
000013480000000000000000
000013680000000000000000
0000136c00000017ffffdded
000013700000000700000008
000013740000001200000002
000013780000001d00000002
0000137c0000000c2e239000
000013800000001000000000
000013840000000100000000
000013880000000f00010000
0000138c00000007000007fd
000013900000001000003124
000013940000001d00000001
000013980000000000000000
0000137c0000000c2e239000
000013800000001000000000
000013840000000100000000
000013880000000f00ffa000
0000138c00000007000007fd
000013900000001000003124
000013940000001d00000000
000013980000000000000000
0000139c0000001c00000003
000013a00000001a00000001
000013a40000001a00000008
000013a80000001b000013a8
000013ac0000001b000013b0
000013b00000000000000000
000013bc00000019000001cb
000013c00000000000000000
000013c40000001c00000002
000013c80000000000000000
000013a00000001a00000000
000013a40000001a00000000
000013a80000001b000013a8
000013ac0000001b000013a8
000013b00000000000000000
000013b400000019000001cc
000013b80000000000000000
000013c40000001c00000001
000013c80000000000000000
000013a00000001a00000001
000013a40000001a00000008
000013a80000001b000013a8
000013ac0000001b000013b0
000013b00000000000000000
000013bc00000019000001cf
000013c00000000000000000
000013c40000001c00000000
000013c80000000000000000
000013cc0000001400000000
000013d00000000000000000
000013d40000000a00ffa7ff
000013d80000000000000000
000013dc0000000000000000
000013e40000000f00000000
000013e80000000000000000
000013ec00000001ffffdded
000013f00000001300000000
000013f40000000000000000
000013f80000000300000000
000013fc0000000100001400
000014040000000a00001400
00001408000000010000140c
000014180000000b0000140c
0000141c0000000100001420
0000142c0000000c00001420
000014300000000100001434
000014400000000d00001434
000014440000000100001448
000014540000000e00001448
00001458000000010000145c
000014680000000f0000145c
0000146c0000000100001470
0000147c0000001000001470
000014800000000100001484
000014900000001100001484
000014940000000100001498
000014a40000001200001498
000014a800000001000014ac
000014b800000013000014ac
000014bc00000001000014c0
000014cc0000000200000000
000014d00000000000000000
000014c00000001400000000
000014c400000001000014ac
000014c80000000000000000
000014ac0000000300000001
000014b00000000100001498
000014b40000000000000000
000014980000000300000807
0000149c0000000100001484
000014a00000000000000000
0000148400000017ffffffa4
000014880000000100001470
0000148c0000000000000000
000014700000001600000000
00001474000000010000145c
000014780000000000000000
0000145c0000001600000000
000014600000000100001448
000014640000000000000000
000014480000001600000000
0000144c0000000100001434
000014500000000000000000
0000143400000017fffff807
000014380000000100001420
0000143c0000000000000000
000014200000001700000001
00001424000000010000140c
000014280000000000000000
0000140c0000000400000000
000014100000000100001400
000014140000000000000000
000014000000000000000000
000014d40000000000000000
000014dc0000001c00000005
000014e00000001a00000001
000014e40000001a00000008
000014e80000001b000014e8
000014ec0000001b000014f0
000014f000000001000014f4
000014fc00000019000001d2
000015000000000000000000
000015040000001c00000004
000015080000000000000000
000014e00000001a00000000
000014e40000001a00000000
000014e80000001b000014e8
000014ec0000001b000014e8
000014f000000001000014f4
000014f400000019000001d3
000014f80000000000000000
000015040000001c00000003
000015080000000000000000
000014e00000001a00000001
000014e40000001a00000008
000014e80000001b000014e8
000014ec0000001b000014f0
000014f000000001000014f4
000014fc00000019000001d6
000015000000000000000000
000015040000001c00000002
000015080000000000000000
000014e00000001a00000000
000014e40000001a00000000
000014e80000001b000014e8
000014ec0000001b000014e8
000014f000000001000014f4
000014f400000019000001d7
000014f80000000000000000
000015040000001c00000001
000015080000000000000000
000014e00000001a00000001
000014e40000001a00000008
000014e80000001b000014e8
000014ec0000001b000014f0
000014f000000001000014f4
000014fc00000019000001da
000015000000000000000000
000015040000001c00000000
000015080000000000000000
0000150c0000001400000001
000015100000000800000000
000015140000000400000001
000015180000000000000000
0000151c0000000c00000000
000015200000000d00000001
000015240000000000000000
000015300000000500000001
0000153400000009e7fef534
000015380000000200000000
0000153c0000000000000000
0000154000000016000003b4
00001544000000110007fd00
000015480000000300000000
0000154c0000001000000000
000015500000000000000000
000015540000000000000000
0000155800000005f18bb558
0000155c0000000c00000000
0000156000000008000014fc
000015640000000b49800000
000015680000000000000000
0000156c0000001100000000
0000157000000005ffffffff
0000157400000007e7fef535
000015780000000d00000000
0000157c0000000100001580
000015840000000a00001580
00001588000000010000158c
000015980000000b0000158c
0000159c00000001000015a0
000015ac0000000c000015a0
000015b000000001000015b4
000015c0000000145b400000
000015c40000000000000000
000015b40000001700000000
000015b800000001000015a0
000015bc0000000000000000
000015a00000000000000000
000015a4000000010000158c
000015a80000000000000000
0000158c0000000500000000
000015900000000100001580
000015940000000000000000
000015800000000000000000
000015c80000000c00000001
000015cc00000001000015d0
000015d40000000a000015d0
000015d800000001000015dc
000015e80000000b000015dc
000015ec00000001000015f0
000015fc0000000c000015f0
000016000000000100001604
000016100000000900001498
000016140000000000000000
0000160400000006000014ac
0000160800000001000015f0
0000160c0000000000000000
000015f00000000000000000
000015f400000001000015dc
000015f80000000000000000
000015dc0000000000000000
000015e000000001000015d0
000015e40000000000000000
000015d00000000000000000
000016180000000f00001252
0000161c0000001300000000
000016200000000300000000
000016240000000000000000
000016280000000e000001da
0000162c00000015000014ac
0000163000000002000003b4
0000163400000014000003b4
0000163800000015000015dd
0000163c0000000100001640
000016440000000a00001640
00001648000000010000164c
000016580000000b0000164c
0000165c0000000100001660
0000166c0000000c00001660
000016700000000100001674
000016800000000d00001674
000016840000000100001688
000016940000000e00001688
00001698000000010000169c
000016a80000000f0000169c
000016ac00000001000016b0
000016bc00000010000016b0
000016c000000001000016c4
000016d000000011000016c4
000016d400000001000016d8
000016e400000012000016d8
000016e800000001000016ec
000016f800000013000016ec
000016fc0000000100001700
0000170c0000000000000000
000017100000000000000000
000017000000000600001499
0000170400000001000016ec
000017080000000000000000
000016ec0000000800000000
000016f000000001000016d8
000016f40000000000000000
000016d800000014000014f0
000016dc00000001000016c4
000016e00000000000000000
000016c400000005000001da
000016c800000001000016b0
000016cc0000000000000000
000016b000000016e092e000
000016b4000000010000169c
000016b80000000000000000
0000169c000000140000369c
000016a00000000100001688
000016a40000000000000000
000016880000000400000000
0000168c0000000100001674
000016900000000000000000
000016740000000600000028
000016780000000100001660
0000167c0000000000000000
000016600000001600000000
00001664000000010000164c
000016680000000000000000
0000164c00000015fffff800
000016500000000100001640
000016540000000000000000
000016400000000000000000
000017140000000100000000
00001718000000010000171c
000017200000000a0000171c
000017240000000100001728
000017340000000b00001728
00001738000000010000173c
000017480000000c0000173c
0000174c0000000100001750
0000175c0000000d00001750
000017600000000100001764
000017700000000000000000
000017740000000000000000
000017640000001503a65000
000017680000000100001750
0000176c0000000000000000
0000175000000016c1582000
00001754000000010000173c
000017580000000000000000
0000173c0000000600000001
000017400000000100001728
000017440000000000000000
0000172800000004000016b0
0000172c000000010000171c
000017300000000000000000
0000171c0000000000000000
000017780000001800000000
0000177c0000000000000000
000017840000000000000000
