000000000000001f00002000
000000040000001e00002000
000000080000001e00002200
0000000c000000013c6da000
00000010000000013c6da5d7
00000014000000024da50000
00000018000000024da4f9fc
0000001c000000031a691000
00000020000000031a6916c7
0000002400000004b8a1b000
0000002800000004b8a1abcd
0000002c0000000565641000
0000003000000005656412a9
00000034000000067a97c000
00000038000000067a97c643
0000003c0000000727ac4000
000000400000000727ac435a
00000044000000081710d000
00000048000000081710cf53
0000004c0000000911072000
000000500000000911072231
000000540000000a0512c000
000000580000000a0512bd13
0000005c0000000b66ceb000
000000600000000b66ceab36
000000640000000c8ca5a000
000000680000000c8ca59966
0000006c0000000deaff2000
000000700000000deaff1a09
000000740000000e4a148000
000000780000000e4a14876a
0000007c0000000fccea7000
000000800000000fccea71ff
0000008400000010fd724000
0000008800000010fd724452
0000008c00000011c3e1b000
0000009000000011c3e1b258
00000094000000120f10a000
00000098000000120f1099c6
0000009c0000001338d05000
000000a00000001338d048ec
000000a4000000148534f000
000000a8000000148534f457
000000ac000000158963e000
000000b0000000158963dc6e
000000b4000000165c390000
000000b8000000165c3902b3
000000bc0000001746d4b000
000000c00000001746d4ac7a
000000c40000001800000002
000000c80000001d00000004
000000cc0000000900000000
000000d00000001d00000003
000000d40000000000000000
000000cc0000000900000000
000000d00000001d00000002
000000d40000000000000000
000000cc0000000900000000
000000d00000001d00000001
000000d40000000000000000
000000cc0000000900000000
000000d00000001d00000000
000000d40000000000000000
000000d80000000000000000
000000dc0000000daa24dac9
000000e00000000000000000
000000e40000000e00000000
000000e80000000265641556
000000ec0000001600000001
000000f00000000000000000
000000f40000001d00000004
000000f80000000000000000
000000fc00000017f5b9e000
000001000000000b00000000
000001040000001500000001
000001080000000f00000001
0000010c0000001d00000003
000001100000000000000000
000000f80000000000000000
000000fc00000017f5b9e000
000001000000000b00000000
000001040000001500000001
000001080000000f00000001
0000010c0000001d00000002
000001100000000000000000
000000f80000000000000000
000000fc00000017f5b9e000
000001000000000b00000000
000001040000001500000001
000001080000000f00000001
0000010c0000001d00000001
000001100000000000000000
000000f80000000000000000
000000fc00000017f5b9e000
000001000000000b00000000
000001040000001500000001
000001080000000f00000001
0000010c0000001d00000000
000001100000000000000000
000001140000000c65641556
000001180000000000000000
0000011c0000000519590555
000001200000000e00000000
000001240000000200000000
000001280000000200000000
0000012c0000001d00000005
000001300000000900000000
000001340000001300000000
000001380000000700000001
0000013c000000158534f457
000001400000001d00000004
000001440000000000000000
000001300000000900000000
000001340000001300000000
00000138000000070510b413
0000013c000000158534f457
000001400000001d00000003
000001440000000000000000
000001300000000900000000
000001340000001300000000
00000138000000070510b413
0000013c000000158534f457
000001400000001d00000002
000001440000000000000000
000001300000000900000000
000001340000001300000000
00000138000000070510b413
0000013c000000158534f457
000001400000001d00000001
000001440000000000000000
000001300000000900000000
000001340000001300000000
00000138000000070510b413
0000013c000000158534f457
000001400000001d00000000
000001440000000000000000
000001480000000900000000
0000014c0000001d00000003
0000015000000016000006c7
000001540000000d3610e154
0000015800000006fd724452
0000015c0000001d00000002
000001600000000000000000
0000015000000016000006c7
000001540000000d3610e154
0000015800000006fd724452
0000015c0000001d00000001
000001600000000000000000
0000015000000016000006c7
000001540000000d3610e154
0000015800000006fd724452
0000015c0000001d00000000
000001600000000000000000
000001640000000700000000
0000016800000017fffffc70
0000016c0000001100000000
000001700000001d00000003
000001740000000d00000000
000001780000000e00000000
0000017c0000000e00000001
000001800000001d00000002
000001840000000000000000
000001740000000d00000000
000001780000000e00000000
0000017c0000000e00000001
000001800000001d00000001
000001840000000000000000
000001740000000d00000000
000001780000000e00000000
0000017c0000000e00000001
000001800000001d00000000
000001840000000000000000
000001880000000000000000
0000018c000000120512bd13
000001900000000499dae190
000001940000001066251990
000001980000001d00000002
0000019c0000000100000001
000001a00000000f00000000
000001a40000000b00000000
000001a80000000000000000
000001ac0000000300000000
000001b00000000a00400000
000001b40000001d00000001
000001b80000000000000000
0000019c0000000100000000
000001a00000000f00000000
000001a40000000b00000000
000001a80000000000000000
000001ac0000000300000000
000001b00000000a00000000
000001b40000001d00000000
000001b80000000000000000
000001bc00000013f7edd000
000001c00000000000000000
000001c40000001000000000
000001c80000000800000000
000001cc0000000100000000
000001d00000000000000000
000001dc0000000500000000
000001e00000000800000000
000001e400000015a7b9d000
000001e80000000500000000
000001ec0000000a00000000
000001f000000001000001f4
000001f80000000a000001f4
000001fc0000000100000200
0000020c0000000b00000200
000002100000000100000214
000002200000000c00000214
000002240000000100000228
000002340000000d00000228
00000238000000010000023c
000002480000000600000000
0000024c0000000000000000
0000023c0000001700000000
000002400000000100000228
000002440000000000000000
000002280000000500000001
0000022c0000000100000214
000002300000000000000000
000002140000000000000000
000002180000000100000200
0000021c0000000000000000
000002000000001400000000
0000020400000001000001f4
000002080000000000000000
000001f40000000000000000
000002500000001c00000003
000002540000001a00000001
000002580000001a00000008
0000025c0000001b0000025c
000002600000001b00000264
000002640000000000000000
000002700000001900000003
000002740000000000000000
000002780000001c00000002
0000027c0000000000000000
000002540000001a00000000
000002580000001a00000000
0000025c0000001b0000025c
000002600000001b0000025c
000002640000000000000000
000002680000001900000004
0000026c0000000000000000
000002780000001c00000001
0000027c0000000000000000
000002540000001a00000001
000002580000001a00000008
0000025c0000001b0000025c
000002600000001b00000264
000002640000000000000000
000002700000001900000007
000002740000000000000000
000002780000001c00000000
0000027c0000000000000000
000002800000000100000284
000002880000000a00000284
0000028c0000000100000290
0000029c0000000200002000
000002a00000000000000000
000002900000001600000100
000002940000000100000284
000002980000000000000000
000002840000000000000000
000002a40000001408123000
000002a80000000900000001
000002ac0000000800000000
000002b000000003b45e52b0
000002b40000000000000000
000002b80000001000000264
000002bc0000001535cd6000
000002c00000000900000001
000002c40000001600000001
000002c80000000000000000
000002d40000001d00000002
000002d80000000a00000000
000002dc0000001600000022
000002e00000001400000000
000002e40000001d00000001
000002e80000000000000000
000002d80000000a00000000
000002dc0000001600000022
000002e00000001400000000
000002e40000001d00000000
000002e80000000000000000
000002ec0000001600000000
000002f00000001600000000
000002f40000000d00002000
000002f80000001300000214
000002fc0000000cb45e52b0
000003000000000100000000
000003040000000200000217
000003080000000c00000001
0000030c0000001d00000006
000003100000001700002008
0000031400000014b45e52b1
000003180000000805daf000
0000031c0000000d00000000
000003200000000800000000
0000032400000016ffffffff
000003280000001d00000005
0000032c0000000000000000
000003100000001700000008
0000031400000014b45e52b1
000003180000000805daf000
0000031c0000000d00000000
000003200000000800000000
0000032400000016fffffffe
000003280000001d00000004
0000032c0000000000000000
000003100000001700000008
0000031400000014b45e52b1
000003180000000805daf000
0000031c0000000d00000000
000003200000000800000000
0000032400000016fffffffd
000003280000001d00000003
0000032c0000000000000000
000003100000001700000008
0000031400000014b45e52b1
000003180000000805daf000
0000031c0000000d00000000
000003200000000800000000
0000032400000016fffffffc
000003280000001d00000002
0000032c0000000000000000
000003100000001700000008
0000031400000014b45e52b1
000003180000000805daf000
0000031c0000000d00000000
000003200000000800000000
0000032400000016fffffffb
000003280000001d00000001
0000032c0000000000000000
000003100000001700000008
0000031400000014b45e52b1
000003180000000805daf000
0000031c0000000d00000000
000003200000000800000000
0000032400000016fffffffa
000003280000001d00000000
0000032c0000000000000000
000003300000000100000334
000003380000000a00000334
0000033c0000000100000340
0000034c0000000b00000340
000003500000000100000354
000003600000000c00000354
000003640000000100000368
0000037400000009fffff800
000003780000000000000000
00000368000000174ba1ad4f
0000036c0000000100000354
000003700000000000000000
0000035400000004fffffb14
000003580000000100000340
0000035c0000000000000000
000003400000000900000000
000003440000000100000334
000003480000000000000000
000003340000000000000000
0000037c0000000e00000217
000003800000000300000000
000003840000001c00000003
000003880000001a00000001
0000038c0000001a00000008
000003900000001b00000390
000003940000001b00000398
000003980000000000000000
000003a4000000190000000a
000003a80000000000000000
000003ac0000001c00000002
000003b00000000000000000
000003880000001a00000000
0000038c0000001a00000000
000003900000001b00000390
000003940000001b00000390
000003980000000000000000
0000039c000000190000000b
000003a00000000000000000
000003ac0000001c00000001
000003b00000000000000000
000003880000001a00000001
0000038c0000001a00000008
000003900000001b00000390
000003940000001b00000398
000003980000000000000000
000003a4000000190000000e
000003a80000000000000000
000003ac0000001c00000000
000003b00000000000000000
000003b40000000000000000
000003b80000000100000005
000003bc0000000000000000
000003c400000013fffffd06
000003c80000001d00000003
000003cc0000001500000000
000003d00000000f00000000
000003d40000001500000004
000003d80000000bfffffe32
000003dc0000000b000007ff
000003e00000001d00000002
000003e40000000000000000
000003cc0000001500000000
000003d00000000f00000000
000003d40000001500000004
000003d80000000bfffffe32
000003dc0000000b000007ff
000003e00000001d00000001
000003e40000000000000000
000003cc0000001500000000
000003d00000000f00000000
000003d40000001500000004
000003d80000000bfffffe32
000003dc0000000b000007ff
000003e00000001d00000000
000003e40000000000000000
000003e80000000800400000
000003ec0000000000000000
000003f00000001100000000
000003f40000001500000002
000003f80000000ab45e52b0
000003fc0000000600000001
000004000000000200000000
000004040000000c92a3c000
000004080000000c00000730
0000040c0000001100000000
000004100000000fe22ad000
000004140000000d00000000
000004180000000000000000
0000041c00000014000000b4
00000420000000113b3d3420
000004240000001100000000
0000042800000001fffffb98
0000042c00000005caa5442c
000004300000001000002202
000004340000000000000000
0000044400000010b45e4dc4
000004480000000700000000
0000044c00000005fffffb11
000004500000000100000454
000004580000000a00000454
0000045c0000000100000460
0000046c0000000b00000460
000004700000000100000474
000004800000000c00000474
000004840000000100000488
000004940000000d00000488
00000498000000010000049c
000004a80000000e0000049c
000004ac00000001000004b0
000004bc00000017b468f4bc
000004c00000000000000000
000004b00000001500000000
000004b4000000010000049c
000004b80000000000000000
0000049c0000000400000000
000004a00000000100000488
000004a40000000000000000
0000048800000004fffff800
0000048c0000000100000474
000004900000000000000000
000004740000000200008000
000004780000000100000460
0000047c0000000000000000
000004600000001700000001
000004640000000100000454
000004680000000000000000
000004540000000000000000
000004c40000001c00000003
000004c80000001a00000001
000004cc0000001a00000008
000004d00000001b000004d0
000004d40000001b000004d8
000004d80000000000000000
000004e40000001900000011
000004e80000000000000000
000004ec0000001c00000002
000004f00000000000000000
000004c80000001a00000000
000004cc0000001a00000000
000004d00000001b000004d0
000004d40000001b000004d0
000004d80000000000000000
000004dc0000001900000012
000004e00000000000000000
000004ec0000001c00000001
000004f00000000000000000
000004c80000001a00000001
000004cc0000001a00000008
000004d00000001b000004d0
000004d40000001b000004d8
000004d80000000000000000
000004e40000001900000015
000004e80000000000000000
000004ec0000001c00000000
000004f00000000000000000
000004f40000001700000005
000004f80000000623a00000
000004fc00000011ffffffff
000005000000001c00000003
000005040000001a00000001
000005080000001a00000008
0000050c0000001b0000050c
000005100000001b00000514
000005140000000000000000
000005200000001900000018
000005240000000000000000
000005280000001c00000002
0000052c0000000000000000
000005040000001a00000000
000005080000001a00000000
0000050c0000001b0000050c
000005100000001b0000050c
000005140000000000000000
000005180000001900000019
0000051c0000000000000000
000005280000001c00000001
0000052c0000000000000000
000005040000001a00000001
000005080000001a00000008
0000050c0000001b0000050c
000005100000001b00000514
000005140000000000000000
00000520000000190000001c
000005240000000000000000
000005280000001c00000000
0000052c0000000000000000
000005300000001c00000005
000005340000001a00000001
000005380000001a00000008
0000053c0000001b0000053c
000005400000001b00000544
000005440000000100000548
00000550000000190000001f
000005540000000000000000
000005580000001c00000004
0000055c0000000000000000
000005340000001a00000000
000005380000001a00000000
0000053c0000001b0000053c
000005400000001b0000053c
000005440000000100000548
000005480000001900000020
0000054c0000000000000000
000005580000001c00000003
0000055c0000000000000000
000005340000001a00000001
000005380000001a00000008
0000053c0000001b0000053c
000005400000001b00000544
000005440000000100000548
000005500000001900000023
000005540000000000000000
000005580000001c00000002
0000055c0000000000000000
000005340000001a00000000
000005380000001a00000000
0000053c0000001b0000053c
000005400000001b0000053c
000005440000000100000548
000005480000001900000024
0000054c0000000000000000
000005580000001c00000001
0000055c0000000000000000
000005340000001a00000001
000005380000001a00000008
0000053c0000001b0000053c
000005400000001b00000544
000005440000000100000548
000005500000001900000027
000005540000000000000000
000005580000001c00000000
0000055c0000000000000000
000005600000000900000001
000005640000001d00000005
000005680000000000000000
0000056c0000000277174000
000005700000001100000000
000005740000000000000000
0000057800000010b45e4dc4
0000057c0000001d00000004
000005800000000000000000
000005680000000000000000
0000056c0000000277174000
000005700000001100000000
000005740000000000000000
0000057800000010b45e4dc4
0000057c0000001d00000003
000005800000000000000000
000005680000000000000000
0000056c0000000277174000
000005700000001100000000
000005740000000000000000
0000057800000010b45e4dc4
0000057c0000001d00000002
000005800000000000000000
000005680000000000000000
0000056c0000000277174000
000005700000001100000000
000005740000000000000000
0000057800000010b45e4dc4
0000057c0000001d00000001
000005800000000000000000
000005680000000000000000
0000056c0000000277174000
000005700000001100000000
000005740000000000000000
0000057800000010b45e4dc4
0000057c0000001d00000000
000005800000000000000000
000005840000000100000588
0000058c0000000a00000588
000005900000000100000594
000005a00000000b00000594
000005a400000001000005a8
000005b40000000c000005a8
000005b800000001000005bc
000005c80000000d000005bc
000005cc00000001000005d0
000005dc0000000e000005d0
000005e000000001000005e4
000005f00000000f000005e4
000005f400000001000005f8
0000060400000010000005f8
00000608000000010000060c
00000618000000110000060c
0000061c0000000100000620
0000062c0000001200000620
000006300000000100000634
000006400000001700000000
000006440000000000000000
0000063400000008004007ff
000006380000000100000620
0000063c0000000000000000
000006200000000200000000
00000624000000010000060c
000006280000000000000000
0000060c00000005ffffe000
0000061000000001000005f8
000006140000000000000000
000005f8000000178d4735f8
000005fc00000001000005e4
000006000000000000000000
000005e40000000600000001
000005e800000001000005d0
000005ec0000000000000000
000005d00000000500000000
000005d400000001000005bc
000005d80000000000000000
000005bc0000001600000002
000005c000000001000005a8
000005c40000000000000000
000005a80000000300000001
000005ac0000000100000594
000005b00000000000000000
000005940000001400002000
000005980000000100000588
0000059c0000000000000000
000005880000000000000000
000006480000001d00000003
0000064c00000005fffffd07
000006500000000000000000
000006540000001d00000002
000006580000000000000000
0000064c00000005fffffd07
000006500000000000000000
000006540000001d00000001
000006580000000000000000
0000064c00000005fffffd07
000006500000000000000000
000006540000001d00000000
000006580000000000000000
0000065c0000000000000000
000006600000000100000664
000006680000000000000000
0000066c0000000000000000
000006640000000000000000
000006700000001700000000
000006740000001400000000
00000678000000010000067c
000006800000000a0000067c
000006840000000100000688
000006940000000b00000688
00000698000000010000069c
000006a80000000c0000069c
000006ac00000001000006b0
000006bc0000000d000006b0
000006c000000001000006c4
000006d00000001500000000
000006d40000000000000000
000006c40000001700000000
000006c800000001000006b0
000006cc0000000000000000
000006b00000001600000000
000006b4000000010000069c
000006b80000000000000000
0000069c0000000400000022
000006a00000000100000688
000006a40000000000000000
000006880000000800000000
0000068c000000010000067c
000006900000000000000000
0000067c0000000000000000
000006d80000000000000000
000006dc0000001300000000
000006e00000001000000007
000006e4000000030000067f
000006e80000000500000001
000006ec0000000c00000000
000006f00000001d00000004
000006f40000000e00000000
000006f80000000ffffffff8
000006fc0000001200000000
000007000000001d00000003
000007040000000000000000
000006f40000000e00000000
000006f80000000ffffffff8
000006fc0000001200000000
000007000000001d00000002
000007040000000000000000
000006f40000000e00000000
000006f80000000ffffffff8
000006fc0000001200000000
000007000000001d00000001
000007040000000000000000
000006f40000000e00000000
000006f80000000ffffffff8
000006fc0000001200000000
000007000000001d00000000
000007040000000000000000
000007080000000000000000
0000070c0000000a0000067c
000007100000001d00000004
000007140000001500000033
000007180000000500000001
0000071c0000001d00000003
000007200000000000000000
000007140000001500000033
000007180000000500000001
0000071c0000001d00000002
000007200000000000000000
000007140000001500000033
000007180000000500000001
0000071c0000001d00000001
000007200000000000000000
000007140000001500000033
000007180000000500000001
0000071c0000001d00000000
000007200000000000000000
000007240000000900000000
000007280000000a00000007
0000072c0000000900000000
000007300000000000000000
000007340000000e00000000
000007380000000700000000
0000073c0000000e00000000
000007400000001300000000
000007440000000000000000
0000074c0000000900000000
000007500000001d00000004
000007540000001700000000
000007580000000a00000020
0000075c0000000f00000002
000007600000000900000001
000007640000001000000000
000007680000001d00000003
0000076c0000000000000000
000007540000001700000000
000007580000000a00000020
0000075c0000000f00000002
000007600000000900000001
000007640000001000000000
000007680000001d00000002
0000076c0000000000000000
000007540000001700000000
000007580000000a00000020
0000075c0000000f00000002
000007600000000900000001
000007640000001000000000
000007680000001d00000001
0000076c0000000000000000
000007540000001700000000
000007580000000a00000020
0000075c0000000f00000002
000007600000000900000001
000007640000001000000000
000007680000001d00000000
0000076c0000000000000000
000007700000001000000000
000007740000000000000000
0000077800000014d32b2000
0000077c0000000500000000
000007800000001000000000
0000078400000011000006be
000007880000000700000000
0000078c0000000400000003
000007900000001d00000005
0000079400000007d9124000
000007980000000900000000
0000079c0000000000000000
000007a00000001d00000004
000007a40000000000000000
0000079400000007d9124000
000007980000000900000000
0000079c0000000000000000
000007a00000001d00000003
000007a40000000000000000
0000079400000007d9124000
000007980000000900000000
0000079c0000000000000000
000007a00000001d00000002
000007a40000000000000000
0000079400000007d9124000
000007980000000900000000
0000079c0000000000000000
000007a00000001d00000001
000007a40000000000000000
0000079400000007d9124000
000007980000000900000000
0000079c0000000000000000
000007a00000001d00000000
000007a40000000000000000
000007a80000001d00000005
000007ac0000001500000000
000007b00000001200000000
000007b40000001000000000
000007b80000000c18145000
000007bc000000052ff70000
000007c00000000400000000
000007c40000001d00000004
000007c80000000000000000
000007ac0000001500000000
000007b00000001200000000
000007b40000001000000000
000007b80000000c18145000
000007bc000000052ff70000
000007c00000000400000000
000007c40000001d00000003
000007c80000000000000000
000007ac0000001500000000
000007b00000001200000000
000007b40000001000000000
000007b80000000c18145000
000007bc000000052ff70000
000007c00000000400000000
000007c40000001d00000002
000007c80000000000000000
000007ac0000001500000000
000007b00000001200000000
000007b40000001000000000
000007b80000000c18145000
000007bc000000052ff70000
000007c00000000400000000
000007c40000001d00000001
000007c80000000000000000
000007ac0000001500000000
000007b00000001200000000
000007b40000001000000000
000007b80000000c18145000
000007bc000000052ff70000
000007c00000000400000000
000007c40000001d00000000
000007c80000000000000000
000007cc0000000500000001
000007d000000001000007d4
000007d80000000a000007d4
000007dc00000001000007e0
000007ec0000000b000007e0
000007f000000001000007f4
000008000000000c000007f4
000008040000000100000808
000008140000000d00000808
00000818000000010000081c
000008280000000e0000081c
0000082c0000000100000830
0000083c0000000f00000830
000008400000000100000844
000008500000001000000844
000008540000000100000858
000008640000001100000858
00000868000000010000086c
00000878000000120000086c
0000087c0000000100000880
0000088c0000000900000000
000008900000000000000000
0000088000000009c575b880
00000884000000010000086c
000008880000000000000000
0000086c0000000000000000
000008700000000100000858
000008740000000000000000
000008580000000900000000
0000085c0000000100000844
000008600000000000000000
000008440000001600000001
000008480000000100000830
0000084c0000000000000000
000008300000000000000000
00000834000000010000081c
000008380000000000000000
0000081c00000017eb05781c
000008200000000100000808
000008240000000000000000
000008080000001500002000
0000080c00000001000007f4
000008100000000000000000
000007f40000000400000001
000007f800000001000007e0
000007fc0000000000000000
000007e000000009000007e0
000007e400000001000007d4
000007e80000000000000000
000007d40000000000000000
000008940000000100000898
0000089c0000000a00000898
000008a000000001000008a4
000008b00000000b000008a4
000008b400000001000008b8
000008c40000000c000008b8
000008c800000001000008cc
000008d80000000d000008cc
000008dc00000001000008e0
000008ec0000000e000008e0
000008f000000001000008f4
000009000000000f000008f4
000009040000000100000908
00000914000000090000067e
000009180000000000000000
000009080000000400000000
0000090c00000001000008f4
000009100000000000000000
000008f40000000500000003
000008f800000001000008e0
000008fc0000000000000000
000008e000000002dfbf2000
000008e400000001000008cc
000008e80000000000000000
000008cc00000009000000cf
000008d000000001000008b8
000008d40000000000000000
000008b80000000800010000
000008bc00000001000008a4
000008c00000000000000000
000008a40000000000000000
000008a80000000100000898
000008ac0000000000000000
000008980000000000000000
0000091c0000000700000000
000009200000000300000001
0000092400000015000008cb
000009280000000200000001
0000092c000000160000006c
000009300000000900000000
000009340000000b00000000
000009380000001500000000
0000093c0000000000000000
000009480000001300000000
0000094c000000010e08c000
000009500000000500000007
000009540000000100000958
0000095c0000000a00000958
000009600000000100000964
000009700000000b00000964
000009740000000100000978
000009840000000c00000978
00000988000000010000098c
000009980000000d0000098c
0000099c00000001000009a0
000009ac0000000e000009a0
000009b000000001000009b4
000009c00000000f000009b4
000009c400000001000009c8
000009d400000010000009c8
000009d800000001000009dc
000009e80000000400000000
000009ec0000000000000000
000009dc0000001527200000
000009e000000001000009c8
000009e40000000000000000
000009c80000001500000000
000009cc00000001000009b4
000009d00000000000000000
000009b400000015010d8000
000009b800000001000009a0
000009bc0000000000000000
000009a000000007fffff69b
000009a4000000010000098c
000009a80000000000000000
0000098c0000000900000964
000009900000000100000978
000009940000000000000000
000009780000000578000000
0000097c0000000100000964
000009800000000000000000
000009640000000300000000
000009680000000100000958
0000096c0000000000000000
000009580000000000000000
000009f00000000000000000
000009f40000001700000000
000009f8000000167ad68000
000009fc0000000600000000
00000a000000000e00000027
00000a040000001c00000005
00000a080000001a00000001
00000a0c0000001a00000008
00000a100000001b00000a10
00000a140000001b00000a18
00000a180000000100000a1c
00000a24000000190000002a
00000a280000000000000000
00000a2c0000001c00000004
00000a300000000000000000
00000a080000001a00000000
00000a0c0000001a00000000
00000a100000001b00000a10
00000a140000001b00000a10
00000a180000000100000a1c
00000a1c000000190000002b
00000a200000000000000000
00000a2c0000001c00000003
00000a300000000000000000
00000a080000001a00000001
00000a0c0000001a00000008
00000a100000001b00000a10
00000a140000001b00000a18
00000a180000000100000a1c
00000a24000000190000002e
00000a280000000000000000
00000a2c0000001c00000002
00000a300000000000000000
00000a080000001a00000000
00000a0c0000001a00000000
00000a100000001b00000a10
00000a140000001b00000a10
00000a180000000100000a1c
00000a1c000000190000002f
00000a200000000000000000
00000a2c0000001c00000001
00000a300000000000000000
00000a080000001a00000001
00000a0c0000001a00000008
00000a100000001b00000a10
00000a140000001b00000a18
00000a180000000100000a1c
00000a240000001900000032
00000a280000000000000000
00000a2c0000001c00000000
00000a300000000000000000
00000a3400000006fffff143
00000a380000001c00000005
00000a3c0000001a00000001
00000a400000001a00000008
00000a440000001b00000a44
00000a480000001b00000a4c
00000a4c0000000000000000
00000a580000001900000035
00000a5c0000000000000000
00000a600000001c00000004
00000a640000000000000000
00000a3c0000001a00000000
00000a400000001a00000000
00000a440000001b00000a44
00000a480000001b00000a44
00000a4c0000000000000000
00000a500000001900000036
00000a540000000000000000
00000a600000001c00000003
00000a640000000000000000
00000a3c0000001a00000001
00000a400000001a00000008
00000a440000001b00000a44
00000a480000001b00000a4c
00000a4c0000000000000000
00000a580000001900000039
00000a5c0000000000000000
00000a600000001c00000002
00000a640000000000000000
00000a3c0000001a00000000
00000a400000001a00000000
00000a440000001b00000a44
00000a480000001b00000a44
00000a4c0000000000000000
00000a50000000190000003a
00000a540000000000000000
00000a600000001c00000001
00000a640000000000000000
00000a3c0000001a00000001
00000a400000001a00000008
00000a440000001b00000a44
00000a480000001b00000a4c
00000a4c0000000000000000
00000a58000000190000003d
00000a5c0000000000000000
00000a600000001c00000000
00000a640000000000000000
00000a680000000a00000000
00000a6c0000000600000001
00000a700000000600010001
00000a740000001d00000004
00000a780000001500000699
00000a7c0000001100000001
00000a800000000600000691
00000a840000001d00000003
00000a880000000000000000
00000a780000001500000699
00000a7c0000001100000001
00000a800000000600000691
00000a840000001d00000002
00000a880000000000000000
00000a780000001500000699
00000a7c0000001100000001
00000a800000000600000691
00000a840000001d00000001
00000a880000000000000000
00000a780000001500000699
00000a7c0000001100000001
00000a800000000600000691
00000a840000001d00000000
00000a880000000000000000
00000a8c0000000a00000000
00000a900000000000000000
00000a9c0000001d00000002
00000aa00000000700000293
00000aa40000000a00000000
00000aa80000000f00000000
00000aac0000000100000000
00000ab00000000c00000a4c
00000ab40000000600000001
00000ab80000001d00000001
00000abc0000000000000000
00000aa00000000700000293
00000aa40000000a00000000
00000aa80000000f00000000
00000aac0000000100000000
00000ab00000000c00000a4c
00000ab40000000600000001
00000ab80000001d00000000
00000abc0000000000000000
00000ac00000001400000000
00000ac40000000b00002000
00000ac800000004000006bd
00000acc0000000a00000000
00000ad00000000300000000
00000ad40000001c00000005
00000ad80000001a00000001
00000adc0000001a00000008
00000ae00000001b00000ae0
00000ae40000001b00000ae8
00000ae80000000000000000
00000af40000001900000040
00000af80000000000000000
00000afc0000001c00000004
00000b000000000000000000
00000ad80000001a00000000
00000adc0000001a00000000
00000ae00000001b00000ae0
00000ae40000001b00000ae0
00000ae80000000000000000
00000aec0000001900000041
00000af00000000000000000
00000afc0000001c00000003
00000b000000000000000000
00000ad80000001a00000001
00000adc0000001a00000008
00000ae00000001b00000ae0
00000ae40000001b00000ae8
00000ae80000000000000000
00000af40000001900000044
00000af80000000000000000
00000afc0000001c00000002
00000b000000000000000000
00000ad80000001a00000000
00000adc0000001a00000000
00000ae00000001b00000ae0
00000ae40000001b00000ae0
00000ae80000000000000000
00000aec0000001900000045
00000af00000000000000000
00000afc0000001c00000001
00000b000000000000000000
00000ad80000001a00000001
00000adc0000001a00000008
00000ae00000001b00000ae0
00000ae40000001b00000ae8
00000ae80000000000000000
00000af40000001900000048
00000af80000000000000000
00000afc0000001c00000000
00000b000000000000000000
00000b040000001300000000
00000b0800000005fffff800
00000b0c0000000b82c62b0c
00000b100000000f00010000
00000b140000000000000000
00000b180000000200000000
00000b1c0000000000000000
00000b200000000100000b24
00000b280000000a00000b24
00000b2c0000000100000b30
00000b3c0000000b00000b30
00000b400000000100000b44
00000b500000000c00000b44
00000b540000000100000b58
00000b640000000d00000b58
00000b680000000100000b6c
00000b780000000e00000b6c
00000b7c0000000100000b80
00000b8c0000001500000001
00000b900000000000000000
00000b800000000000000000
00000b840000000100000b6c
00000b880000000000000000
00000b6c0000001500000000
00000b700000000100000b58
00000b740000000000000000
00000b580000000200000000
00000b5c0000000100000b44
00000b600000000000000000
00000b440000001700000fff
00000b480000000100000b30
00000b4c0000000000000000
00000b300000001500000000
00000b340000000100000b24
00000b380000000000000000
00000b240000000000000000
00000b940000000d0000262f
00000b980000001d00000002
00000b9c0000000300000790
00000ba00000000000000000
00000ba40000000000000000
00000ba80000000ab4492ba8
00000bac0000000400000293
00000bb00000001593000000
00000bb40000001d00000001
00000bb80000000000000000
00000b9c0000000300000790
00000ba00000000000000000
00000ba40000000000000000
00000ba80000000ab4492ba8
00000bac0000000400000293
00000bb00000001593000000
00000bb40000001d00000000
00000bb80000000000000000
00000bbc0000000900000000
00000bc0000000117ad687ff
00000bc40000000100000bc8
00000bcc0000000a00000bc8
00000bd00000000100000bd4
00000be00000000b00000bd4
00000be40000000100000be8
00000bf400000002fffff800
00000bf80000000000000000
00000be80000001700000be8
00000bec0000000100000bd4
00000bf00000000000000000
00000bd40000000800000001
00000bd80000000100000bc8
00000bdc0000000000000000
00000bc80000000000000000
00000bfc0000000e00000000
00000c0000000004fffff800
00000c040000000200000000
00000c080000000900008800
00000c0c0000000000000000
00000c1400000008fffffecd
00000c180000000efffff843
00000c1c00000003ff668000
00000c200000001200000000
00000c240000001600000000
00000c280000001c00000003
00000c2c0000001a00000001
00000c300000001a00000008
00000c340000001b00000c34
00000c380000001b00000c3c
00000c3c0000000000000000
00000c48000000190000004b
00000c4c0000000000000000
00000c500000001c00000002
00000c540000000000000000
00000c2c0000001a00000000
00000c300000001a00000000
00000c340000001b00000c34
00000c380000001b00000c34
00000c3c0000000000000000
00000c40000000190000004c
00000c440000000000000000
00000c500000001c00000001
00000c540000000000000000
00000c2c0000001a00000001
00000c300000001a00000008
00000c340000001b00000c34
00000c380000001b00000c3c
00000c3c0000000000000000
00000c48000000190000004f
00000c4c0000000000000000
00000c500000001c00000000
00000c540000000000000000
00000c5800000017f30ca000
00000c5c0000000000000000
00000c600000000000000000
00000c680000000000000000
00000c700000001d00000004
00000c740000001500000000
00000c780000001000000000
00000c7c0000000500000000
00000c800000001d00000003
00000c840000000000000000
00000c740000001500000000
00000c780000001000000000
00000c7c0000000500000000
00000c800000001d00000002
00000c840000000000000000
00000c740000001500000000
00000c780000001000000000
00000c7c0000000500000000
00000c800000001d00000001
00000c840000000000000000
00000c740000001500000000
00000c780000001000000000
00000c7c0000000500000000
00000c800000001d00000000
00000c840000000000000000
00000c8800000002ff668001
00000c8c0000001d00000003
00000c900000000800000000
00000c940000000400000000
00000c980000001208800000
00000c9c0000001d00000002
00000ca00000000000000000
00000c900000000800000000
00000c940000000400000000
00000c980000001208800000
00000c9c0000001d00000001
00000ca00000000000000000
00000c900000000800000000
00000c940000000400000000
00000c980000001208800000
00000c9c0000001d00000000
00000ca00000000000000000
00000ca40000000d00000001
00000ca80000000000000000
00000cac0000001100000000
00000cb000000005fffff800
00000cb40000001d00000002
00000cb800000009ff667fff
00000cbc0000000200000000
00000cc00000000e00000009
00000cc40000001d00000001
00000cc80000000000000000
00000cb800000009ffffffff
00000cbc0000000200000000
00000cc00000000e00000009
00000cc40000001d00000000
00000cc80000000000000000
00000ccc0000001100000b44
00000cd0000000017718acd0
00000cd40000000f00010007
00000cd80000000f00000000
00000cdc0000001000000000
00000ce00000000600000000
00000ce40000000000000000
00000ce80000000000000000
00000cec0000000c00000009
00000cf00000000200000000
00000cf40000000a00000009
00000cf80000000ffffffff7
00000cfc0000001c00000004
00000d000000001a00000000
00000d040000001a00000000
00000d080000001b00000d08
00000d0c0000001b00000d08
00000d100000000100000d14
00000d140000001900000050
00000d180000000000000000
00000d240000001c00000003
00000d280000000000000000
00000d000000001a00000001
00000d040000001a00000008
00000d080000001b00000d08
00000d0c0000001b00000d10
00000d100000000100000d14
00000d1c0000001900000053
00000d200000000000000000
00000d240000001c00000002
00000d280000000000000000
00000d000000001a00000000
00000d040000001a00000000
00000d080000001b00000d08
00000d0c0000001b00000d08
00000d100000000100000d14
00000d140000001900000054
00000d180000000000000000
00000d240000001c00000001
00000d280000000000000000
00000d000000001a00000001
00000d040000001a00000008
00000d080000001b00000d08
00000d0c0000001b00000d10
00000d100000000100000d14
00000d1c0000001900000057
00000d200000000000000000
00000d240000001c00000000
00000d280000000000000000
00000d2c0000001600000000
00000d300000000e00000001
00000d3400000015528d8000
00000d380000000b00000000
00000d3c0000000000000000
00000d40000000160000029f
00000d440000001300000001
00000d48000000040d5e8000
00000d4c00000004fffff91b
00000d5000000005f30ca001
00000d540000000e00000000
00000d580000000dfffff800
00000d5c0000001700000000
00000d600000001100000000
00000d640000001100000001
00000d680000001d00000005
00000d6c0000000eff668000
00000d700000001000000000
00000d740000001d00000004
00000d780000000000000000
00000d6c0000000eff668000
00000d700000001000000000
00000d740000001d00000003
00000d780000000000000000
00000d6c0000000eff668000
00000d700000001000000000
00000d740000001d00000002
00000d780000000000000000
00000d6c0000000eff668000
00000d700000001000000000
00000d740000001d00000001
00000d780000000000000000
00000d6c0000000eff668000
00000d700000001000000000
00000d740000001d00000000
00000d780000000000000000
00000d7c0000000100000001
00000d800000001400000010
00000d8400000003000005a4
00000d880000001700000001
00000d8c0000000100000d90
00000d940000000a00000d90
00000d980000000100000d9c
00000da80000000b00000d9c
00000dac0000000100000db0
00000dbc0000000c00000db0
00000dc00000000100000dc4
00000dd00000000200000001
00000dd40000000000000000
00000dc40000000404000000
00000dc80000000100000db0
00000dcc0000000000000000
00000db00000000900000000
00000db40000000100000d9c
00000db80000000000000000
00000d9c0000001500000001
00000da00000000100000d90
00000da40000000000000000
00000d900000000000000000
00000dd80000001500000001
00000ddc0000000600004400
00000de00000000100000de4
00000de80000000a00000de4
00000dec0000000100000df0
00000dfc0000000b00000df0
00000e000000000100000e04
00000e100000000c00000e04
00000e140000000100000e18
00000e240000000d00000e18
00000e280000000100000e2c
00000e380000000e00000e2c
00000e3c0000000100000e40
00000e4c0000000f00000e40
00000e500000000100000e54
00000e600000001000000e54
00000e640000000100000e68
00000e740000000800000000
00000e780000000000000000
00000e680000000500000de5
00000e6c0000000100000e54
00000e700000000000000000
00000e540000000600000e10
00000e580000000100000e40
00000e5c0000000000000000
00000e400000001600000001
00000e440000000100000e2c
00000e480000000000000000
00000e2c0000001500000000
00000e300000000100000e18
00000e340000000000000000
00000e180000000500000001
00000e1c0000000100000e04
00000e200000000000000000
00000e040000001600000000
00000e080000000100000df0
00000e0c0000000000000000
00000df00000000800002e54
00000df40000000100000de4
00000df80000000000000000
00000de40000000000000000
00000e7c0000001404000000
00000e800000000ee2c46000
00000e840000000000000000
00000e880000000400000000
00000e8c0000000000000000
00000e900000000000000000
00000e940000000b00000de4
00000e980000000a892d8000
00000e9c0000000100000000
00000ea000000001f2000000
00000ea40000001000000001
00000ea80000000800000001
00000eac0000000300000001
00000eb000000011892d8001
00000eb40000001d00000003
00000eb80000000800000000
00000ebc0000000000000000
00000ec00000000e00000de4
00000ec40000000400000000
00000ec80000001000000001
00000ecc0000001d00000002
00000ed00000000000000000
00000eb80000000800000000
00000ebc0000000000000000
00000ec00000000e00000de4
00000ec40000000400000000
00000ec80000001000000001
00000ecc0000001d00000001
00000ed00000000000000000
00000eb80000000800000000
00000ebc0000000000000000
00000ec00000000e00000de4
00000ec40000000400000000
00000ec80000001000000001
00000ecc0000001d00000000
00000ed00000000000000000
00000ed40000000700000001
00000ed80000000000000000
00000edc000000165c000000
00000ee00000000000000000
00000ee40000001d00000003
00000ee80000001200000000
00000eec0000000c00000000
00000ef00000000a04000001
00000ef40000000ffc000de4
00000ef80000001200000000
00000efc0000001d00000002
00000f000000000000000000
00000ee80000001200000000
00000eec0000000c00000000
00000ef00000000a04000001
00000ef40000000ffc000de4
00000ef80000001200000000
00000efc0000001d00000001
00000f000000000000000000
00000ee80000001200000000
00000eec0000000c00000000
00000ef00000000a04000001
00000ef40000000ffc000de4
00000ef80000001200000000
00000efc0000001d00000000
00000f000000000000000000
00000f040000000100000000
00000f080000000000000000
00000f0c0000000f00000000
00000f100000000200000000
00000f140000000500000000
00000f180000000f00000625
00000f1c0000000000000000
00000f200000001495fbb000
00000f240000000400000000
00000f280000001d00000003
00000f2c0000000000000000
00000f300000001d00000002
00000f340000000000000000
00000f2c0000000000000000
00000f300000001d00000001
00000f340000000000000000
00000f2c0000000000000000
00000f300000001d00000000
00000f340000000000000000
00000f380000000400000000
00000f3c0000001200000000
00000f4000000006b4f8f000
00000f440000000500000e18
00000f48000000030000070c
00000f4c0000000a00000000
00000f500000000000000000
00000f540000000000000000
00000f58000000173cab3000
00000f5c0000000a00000001
00000f6000000009b4f8f001
00000f640000001c00000003
00000f680000001a00000001
00000f6c0000001a00000008
00000f700000001b00000f70
00000f740000001b00000f78
00000f780000000000000000
00000f84000000190000005a
00000f880000000000000000
00000f8c0000001c00000002
00000f900000000000000000
00000f680000001a00000000
00000f6c0000001a00000000
00000f700000001b00000f70
00000f740000001b00000f70
00000f780000000000000000
00000f7c000000190000005b
00000f800000000000000000
00000f8c0000001c00000001
00000f900000000000000000
00000f680000001a00000001
00000f6c0000001a00000008
00000f700000001b00000f70
00000f740000001b00000f78
00000f780000000000000000
00000f84000000190000005e
00000f880000000000000000
00000f8c0000001c00000000
00000f900000000000000000
00000f940000001d00000002
00000f980000001600000000
00000f9c0000001d00000001
00000fa00000000000000000
00000f980000001600000000
00000f9c0000001d00000000
00000fa00000000000000000
00000fa40000000900000006
00000fa80000001c00000005
00000fac0000001a00000001
00000fb00000001a00000008
00000fb40000001b00000fb4
00000fb80000001b00000fbc
00000fbc0000000100000fc0
00000fc80000001900000061
00000fcc0000000000000000
00000fd00000001c00000004
00000fd40000000000000000
00000fac0000001a00000000
00000fb00000001a00000000
00000fb40000001b00000fb4
00000fb80000001b00000fb4
00000fbc0000000100000fc0
00000fc00000001900000062
00000fc40000000000000000
00000fd00000001c00000003
00000fd40000000000000000
00000fac0000001a00000001
00000fb00000001a00000008
00000fb40000001b00000fb4
00000fb80000001b00000fbc
00000fbc0000000100000fc0
00000fc80000001900000065
00000fcc0000000000000000
00000fd00000001c00000002
00000fd40000000000000000
00000fac0000001a00000000
00000fb00000001a00000000
00000fb40000001b00000fb4
00000fb80000001b00000fb4
00000fbc0000000100000fc0
00000fc00000001900000066
00000fc40000000000000000
00000fd00000001c00000001
00000fd40000000000000000
00000fac0000001a00000001
00000fb00000001a00000008
00000fb40000001b00000fb4
00000fb80000001b00000fbc
00000fbc0000000100000fc0
00000fc80000001900000069
00000fcc0000000000000000
00000fd00000001c00000000
00000fd40000000000000000
00000fd80000000d00000000
00000fdc0000000400000001
00000fe00000000000000000
00000fe40000000100000fe8
00000fec0000000a00000fe8
00000ff00000000100000ff4
000010000000000b00000ff4
000010040000000100001008
000010140000000c00001008
00001018000000010000101c
000010280000000d0000101c
0000102c0000000100001030
0000103c0000000e00001030
000010400000000100001044
000010500000000f00001044
000010540000000100001058
000010640000001000001058
00001068000000010000106c
000010780000000400003244
0000107c0000000000000000
0000106c0000001600000002
000010700000000100001058
000010740000000000000000
00001058000000065e2eb058
0000105c0000000100001044
000010600000000000000000
000010440000000400000004
000010480000000100001030
0000104c0000000000000000
000010300000000700000000
00001034000000010000101c
000010380000000000000000
0000101c000000089f377000
000010200000000100001008
000010240000000000000000
000010080000000000000000
0000100c0000000100000ff4
000010100000000000000000
00000ff4000000036c6ad000
00000ff80000000100000fe8
00000ffc0000000000000000
00000fe80000000000000000
000010800000000000000000
000010840000001c00000005
000010880000001a00000001
0000108c0000001a00000008
000010900000001b00001090
000010940000001b00001098
000010980000000000000000
000010a4000000190000006c
000010a80000000000000000
000010ac0000001c00000004
000010b00000000000000000
000010880000001a00000000
0000108c0000001a00000000
000010900000001b00001090
000010940000001b00001090
000010980000000000000000
0000109c000000190000006d
000010a00000000000000000
000010ac0000001c00000003
000010b00000000000000000
000010880000001a00000001
0000108c0000001a00000008
000010900000001b00001090
000010940000001b00001098
000010980000000000000000
000010a40000001900000070
000010a80000000000000000
000010ac0000001c00000002
000010b00000000000000000
000010880000001a00000000
0000108c0000001a00000000
000010900000001b00001090
000010940000001b00001090
000010980000000000000000
0000109c0000001900000071
000010a00000000000000000
000010ac0000001c00000001
000010b00000000000000000
000010880000001a00000001
0000108c0000001a00000008
000010900000001b00001090
000010940000001b00001098
000010980000000000000000
000010a40000001900000074
000010a80000000000000000
000010ac0000001c00000000
000010b00000000000000000
000010b40000000000000000
000010b80000000800000000
000010bc0000001700000000
000010c00000000000000000
000010c40000000c00002000
000010c8000000016c6ad000
000010cc0000000000000000
000010d00000001300000000
000010d40000000000000000
000010d800000005fffff00e
000010dc0000000400000081
000010e00000000000000000
000010e40000000ed766d0e4
000010e800000010d0000000
000010ec0000000000000000
000010fc0000000200000000
000011000000000bffffffff
000011040000000100001108
0000110c0000000a00001108
000011100000000100001114
000011200000000b00001114
000011240000000100001128
000011340000000c00001128
00001138000000010000113c
000011480000000d0000113c
0000114c0000000100001150
0000115c0000000e00001150
000011600000000100001164
000011700000000f00001164
000011740000000100001178
000011840000001000001178
00001188000000010000118c
00001198000000110000118c
0000119c00000001000011a0
000011ac00000012000011a0
000011b000000001000011b4
000011c000000004ffffee87
000011c40000000000000000
000011b40000001400000000
000011b800000001000011a0
000011bc0000000000000000
000011a00000000800002200
000011a4000000010000118c
000011a80000000000000000
0000118c0000000700000001
000011900000000100001178
000011940000000000000000
000011780000001600000000
0000117c0000000100001164
000011800000000000000000
000011640000000200001100
000011680000000100001150
0000116c0000000000000000
000011500000000400000000
00001154000000010000113c
000011580000000000000000
0000113c0000000400000000
000011400000000100001128
000011440000000000000000
0000112800000017ffffee60
0000112c0000000100001114
000011300000000000000000
000011140000000000000000
000011180000000100001108
0000111c0000000000000000
000011080000000000000000
000011c80000001400000000
000011cc00000001ffffde6e
000011d00000000100000000
000011d400000001000011d8
000011dc0000000a000011d8
000011e000000001000011e4
000011f00000000b000011e4
000011f400000001000011f8
000012040000000c000011f8
00001208000000010000120c
000012180000000d0000120c
0000121c0000000100001220
0000122c0000000000000000
000012300000000000000000
0000122000000017fffff00e
00001224000000010000120c
000012280000000000000000
0000120c00000009fffff806
0000121000000001000011f8
000012140000000000000000
000011f80000000800000000
000011fc00000001000011e4
000012000000000000000000
000011e4000000170000120b
000011e800000001000011d8
000011ec0000000000000000
000011d80000000000000000
000012340000000d00000000
000012380000000000000000
0000123c0000001d00000002
0000124000000007e8257000
000012440000000f000011fc
000012480000001500000000
0000124c0000001d00000001
000012500000000000000000
0000124000000007e8257000
000012440000000f000011fc
000012480000001500000000
0000124c0000001d00000000
000012500000000000000000
000012540000001000000006
000012580000000000000000
0000125c0000001300000000
000012600000000800000005
000012640000001d00000002
000012680000001400000020
0000126c0000001d00000001
000012700000000000000000
000012680000001400000020
0000126c0000001d00000000
000012700000000000000000
000012740000000000000000
000012800000000000000000
000012840000000000000000
000012880000000000000000
0000128c0000000122d5128c
000012900000000169cc4290
000012940000000b0000000e
000012980000001000000000
0000129c00000001000012a0
000012a40000000a000012a0
000012a800000001000012ac
000012b80000000b000012ac
000012bc00000001000012c0
000012cc0000000c000012c0
000012d000000001000012d4
000012e00000000d000012d4
000012e400000001000012e8
000012f40000000e000012e8
000012f800000001000012fc
000013080000000f000012fc
0000130c0000000100001310
0000131c0000001000001310
000013200000000100001324
000013300000001100001324
000013340000000100001338
000013440000001200001338
00001348000000010000134c
00001358000000130000134c
0000135c0000000100001360
0000136c0000000300000001
000013700000000000000000
0000136000000015d1b1e000
00001364000000010000134c
000013680000000000000000
0000134c0000000600000000
000013500000000100001338
000013540000000000000000
0000133800000016d1b1dfff
0000133c0000000100001324
000013400000000000000000
000013240000001500000000
000013280000000100001310
0000132c0000000000000000
000013100000000700001000
0000131400000001000012fc
000013180000000000000000
000012fc0000001400000000
0000130000000001000012e8
000013040000000000000000
000012e80000000200000074
000012ec00000001000012d4
000012f00000000000000000
000012d40000000900000000
000012d800000001000012c0
000012dc0000000000000000
000012c000000008e8000000
000012c400000001000012ac
000012c80000000000000000
000012ac0000000900000001
000012b000000001000012a0
000012b40000000000000000
000012a00000000000000000
000013740000000c00000006
00001378000000030000079d
0000137c0000001100000000
000013800000000100001384
000013880000000a00001384
0000138c0000000100001390
0000139c0000000b00001390
000013a000000001000013a4
000013b00000000c000013a4
000013b400000001000013b8
000013c40000001400001392
000013c80000000000000000
000013b80000001500000000
000013bc00000001000013a4
000013c00000000000000000
000013a40000001500000000
000013a80000000100001390
000013ac0000000000000000
0000139000000003d1b1e000
000013940000000100001384
000013980000000000000000
000013840000000000000000
000013cc00000001000013d0
000013d40000000a000013d0
000013d800000001000013dc
000013e80000000b000013dc
000013ec00000001000013f0
000013fc0000000c000013f0
000014000000000100001404
000014100000000d00001404
000014140000000100001418
000014240000000e00001418
00001428000000010000142c
000014380000000f0000142c
0000143c0000000100001440
0000144c0000001000001440
000014500000000100001454
0000146000000006450ff000
000014640000000000000000
0000145400000006d1b1d7ff
000014580000000100001440
0000145c0000000000000000
0000144000000009a0e2c000
00001444000000010000142c
000014480000000000000000
0000142c0000000600000000
000014300000000100001418
000014340000000000000000
0000141800000005000017ff
0000141c0000000100001404
000014200000000000000000
000014040000001500000000
0000140800000001000013f0
0000140c0000000000000000
000013f000000003ffffffd1
000013f400000001000013dc
000013f80000000000000000
000013dc00000016000013dd
000013e000000001000013d0
000013e40000000000000000
000013d00000000000000000
000014680000000000000000
000014740000000000000000
000014780000000400000000
0000147c0000000000000000
000014900000000000000000
000014980000001d00000002
0000149c0000000f40000000
000014a00000000a10000000
000014a400000003f0001392
000014a80000000100000001
000014ac0000000affffdfff
000014b00000001d00000001
000014b40000000000000000
0000149c0000000f40000000
000014a00000000a20000000
000014a400000003e0001392
000014a80000000100000001
000014ac0000000affffdfff
000014b00000001d00000000
000014b40000000000000000
000014b800000010000009a6
000014bc0000000d00000006
000014c00000000f13267000
000014c400000013000013dd
000014c800000006dc823000
000014cc0000000f00002200
000014d00000001200000000
000014d40000000000000000
000014dc0000000000000000
000014e00000000000000000
000014e400000012ffffdfff
000014e800000017e8000000
000014ec000000012a7d04ec
000014f00000001c00000005
000014f40000001a00000001
000014f80000001a00000008
000014fc0000001b000014fc
000015000000001b00001504
000015040000000100001508
000015100000001900000077
000015140000000000000000
000015180000001c00000004
0000151c0000000000000000
000014f40000001a00000000
000014f80000001a00000000
000014fc0000001b000014fc
000015000000001b000014fc
000015040000000100001508
000015080000001900000078
0000150c0000000000000000
000015180000001c00000003
0000151c0000000000000000
000014f40000001a00000001
000014f80000001a00000008
000014fc0000001b000014fc
000015000000001b00001504
000015040000000100001508
00001510000000190000007b
000015140000000000000000
000015180000001c00000002
0000151c0000000000000000
000014f40000001a00000000
000014f80000001a00000000
000014fc0000001b000014fc
000015000000001b000014fc
000015040000000100001508
00001508000000190000007c
0000150c0000000000000000
000015180000001c00000001
0000151c0000000000000000
000014f40000001a00000001
000014f80000001a00000008
000014fc0000001b000014fc
000015000000001b00001504
000015040000000100001508
00001510000000190000007f
000015140000000000000000
000015180000001c00000000
0000151c0000000000000000
000015200000000100001524
000015280000000a00001524
0000152c0000000100001530
0000153c0000000b00001530
000015400000000100001544
000015500000000c00001544
000015540000000100001558
000015640000000d00001558
00001568000000010000156c
000015780000000e0000156c
0000157c0000000100001580
0000158c0000000f00001580
000015900000000100001594
000015a000000006000004bf
000015a40000000000000000
000015940000000400000001
000015980000000100001580
0000159c0000000000000000
0000158000000007ffffffff
00001584000000010000156c
000015880000000000000000
0000156c0000000000000000
000015700000000100001558
000015740000000000000000
000015580000001680000000
0000155c0000000100001544
000015600000000000000000
000015440000000800000000
000015480000000100001530
0000154c0000000000000000
000015300000000500000001
000015340000000100001524
000015380000000000000000
000015240000000000000000
000015a80000000000000000
000015b80000000900000400
000015bc0000000000000000
000015c00000000000000000
000015d40000001d00000003
000015d80000000000000000
000015dc0000000b00000000
000015e00000000300000000
000015e40000001100000000
000015e80000001100000000
000015ec000000110000007f
000015f00000001d00000002
000015f40000000000000000
000015d80000000000000000
000015dc0000000b00000000
000015e00000000300000000
000015e40000001100000000
000015e80000001100000000
000015ec000000110000007f
000015f00000001d00000001
000015f40000000000000000
000015d80000000000000000
000015dc0000000b00000000
000015e00000000300000000
000015e40000001100000000
000015e80000001100000000
000015ec000000110000007f
000015f00000001d00000000
000015f40000000000000000
000015f800000001000015fc
000016000000000a000015fc
000016040000000100001608
000016140000000b00001608
00001618000000010000161c
000016280000000c0000161c
0000162c0000000100001630
0000163c0000000d00001630
000016400000000100001644
000016500000000e00001644
000016540000000100001658
000016640000000f00001658
00001668000000010000166c
00001678000000100000166c
0000167c0000000100001680
0000168c00000002800001a8
000016900000000000000000
00001680000000031a3da000
00001684000000010000166c
000016880000000000000000
0000166c0000001700000004
000016700000000100001658
000016740000000000000000
000016580000001600001638
0000165c0000000100001644
000016600000000000000000
000016440000000900000200
000016480000000100001630
0000164c0000000000000000
000016300000000000000000
00001634000000010000161c
000016380000000000000000
0000161c0000000638000000
000016200000000100001608
000016240000000000000000
000016080000000300001609
0000160c00000001000015fc
000016100000000000000000
000015fc0000000000000000
000016940000001700000172
00001698000000010000169c
000016a00000000a0000169c
000016a400000001000016a8
000016b40000000b000016a8
000016b800000001000016bc
000016c80000000c000016bc
000016cc00000001000016d0
000016dc0000000d000016d0
000016e000000001000016e4
000016f00000000e000016e4
000016f400000001000016f8
000017040000000f000016f8
00001708000000010000170c
00001718000000100000170c
0000171c0000000100001720
0000172c0000001100001720
000017300000000100001734
000017400000001200001734
000017440000000100001748
000017540000001300001748
00001758000000010000175c
000017680000000700000000
0000176c0000000000000000
0000175c00000014f0000000
000017600000000100001748
000017640000000000000000
00001748000000151000007f
0000174c0000000100001734
000017500000000000000000
0000173400000002000016d1
000017380000000100001720
0000173c0000000000000000
000017200000001400000001
00001724000000010000170c
000017280000000000000000
0000170c00000017ffffffff
0000171000000001000016f8
000017140000000000000000
000016f80000000000000000
000016fc00000001000016e4
000017000000000000000000
000016e40000000000000000
000016e800000001000016d0
000016ec0000000000000000
000016d000000014000016a8
000016d400000001000016bc
000016d80000000000000000
000016bc00000006000010df
000016c000000001000016a8
000016c40000000000000000
000016a800000016f196b6a8
000016ac000000010000169c
000016b00000000000000000
0000169c0000000000000000
000017700000001800000001
000017740000000000000000
000017780000000000000000
000000c80000001d00000004
000000cc0000000900000000
000000d00000001d00000003
000000d40000000000000000
000000cc0000000900000000
000000d00000001d00000002
000000d40000000000000000
000000cc0000000900000000
000000d00000001d00000001
000000d40000000000000000
000000cc0000000900000000
000000d00000001d00000000
000000d40000000000000000
000000d80000000000000000
000000dc0000000d00000050
000000e00000000000000000
000000e40000000e00000000
000000e800000002000007fe
000000ec0000001600000001
000000f00000000000000000
000000f40000001d00000004
000000f80000000000000000
000000fc00000017f5b9e000
000001000000000b00000001
000001040000001500000000
000001080000000f00000000
0000010c0000001d00000003
000001100000000000000000
000000f80000000000000000
000000fc00000017f5b9e000
000001000000000b00000001
000001040000001500000000
000001080000000f00000000
0000010c0000001d00000002
000001100000000000000000
000000f80000000000000000
000000fc00000017f5b9e000
000001000000000b00000001
000001040000001500000000
000001080000000f00000000
0000010c0000001d00000001
000001100000000000000000
000000f80000000000000000
000000fc00000017f5b9e000
000001000000000b00000001
000001040000001500000000
000001080000000f00000000
0000010c0000001d00000000
000001100000000000000000
000001140000000c000007fe
000001180000000000000000
0000011c00000005000001ff
000001200000000e00000200
000001240000000200000200
000001280000000200000000
0000012c0000001d00000005
000001300000000900000000
0000013400000013f8000000
000001380000000700000000
0000013c00000015000016a8
000001400000001d00000004
000001440000000000000000
000001300000000900000000
0000013400000013f8000000
000001380000000700001688
0000013c00000015000016a8
000001400000001d00000003
000001440000000000000000
000001300000000900000000
0000013400000013f8000000
000001380000000700001688
0000013c00000015000016a8
000001400000001d00000002
000001440000000000000000
000001300000000900000000
0000013400000013f8000000
000001380000000700001688
0000013c00000015000016a8
000001400000001d00000001
000001440000000000000000
000001300000000900000000
0000013400000013f8000000
000001380000000700001688
0000013c00000015000016a8
000001400000001d00000000
000001440000000000000000
000001480000000900000000
0000014c0000001d00000003
000001500000001600000609
000001540000000d3610e154
00000158000000060000170c
0000015c0000001d00000002
000001600000000000000000
000001500000001600000609
000001540000000d3610e154
00000158000000060000170c
0000015c0000001d00000001
000001600000000000000000
000001500000001600000609
000001540000000d3610e154
00000158000000060000170c
0000015c0000001d00000000
000001600000000000000000
000001640000000700000000
0000016800000017fffffc70
0000016c0000001100000000
000001700000001d00000003
000001740000000d00000000
000001780000000e00000000
0000017c0000000e00000001
000001800000001d00000002
000001840000000000000000
000001740000000d00000000
000001780000000e00000000
0000017c0000000e00000001
000001800000001d00000001
000001840000000000000000
000001740000000d00000000
000001780000000e00000000
0000017c0000000e00000001
000001800000001d00000000
000001840000000000000000
000001880000000000000000
0000018c000000120000169c
000001900000000499dae190
000001940000001066251990
000001980000001d00000002
0000019c0000000100000001
000001a00000000f00000000
000001a40000000b00000001
000001a80000000000000000
000001ac000000030000003f
000001b00000000a00400000
000001b40000001d00000001
000001b80000000000000000
0000019c0000000100000001
000001a00000000f00000000
000001a40000000b00000001
000001a80000000000000000
000001ac000000030000003f
000001b00000000a00400000
000001b40000001d00000000
000001b80000000000000000
000001bc00000013f7edd000
000001c00000000000000000
000001c40000001000020000
000001c80000000800000000
000001cc0000000100000000
000001d00000000000000000
000001dc000000050040003f
000001e00000000800000400
000001e400000015a7b9d000
000001e80000000500000000
000001ec0000000a00000000
000001f000000001000001f4
000001f80000000a000001f4
000001fc0000000100000200
0000020c0000000b00000200
000002100000000100000214
000002200000000c00000214
000002240000000100000228
000002340000000d00000228
00000238000000010000023c
000002480000000600000000
0000024c0000000000000000
0000023c0000001700000000
000002400000000100000228
000002440000000000000000
000002280000000500000001
0000022c0000000100000214
000002300000000000000000
000002140000000000000000
000002180000000100000200
0000021c0000000000000000
000002000000001400000000
0000020400000001000001f4
000002080000000000000000
000001f40000000000000000
000002500000001c00000003
000002540000001a00000001
000002580000001a00000008
0000025c0000001b0000025c
000002600000001b00000264
000002640000000000000000
000002700000001900000082
000002740000000000000000
000002780000001c00000002
0000027c0000000000000000
000002540000001a00000000
000002580000001a00000000
0000025c0000001b0000025c
000002600000001b0000025c
000002640000000000000000
000002680000001900000083
0000026c0000000000000000
000002780000001c00000001
0000027c0000000000000000
000002540000001a00000001
000002580000001a00000008
0000025c0000001b0000025c
000002600000001b00000264
000002640000000000000000
000002700000001900000086
000002740000000000000000
000002780000001c00000000
0000027c0000000000000000
000002800000000100000284
000002880000000a00000284
0000028c0000000100000290
0000029c0000000200002000
000002a00000000000000000
000002900000001600000100
000002940000000100000284
000002980000000000000000
000002840000000000000000
000002a40000001408123400
000002a80000000900000001
000002ac0000000800000000
000002b000000003b45e52b0
000002b40000000000000000
000002b80000001000000264
000002bc0000001535cd6000
000002c00000000900000001
000002c40000001600000001
000002c80000000000000000
000002d40000001d00000002
000002d80000000a00000000
000002dc0000001600000022
000002e00000001400000000
000002e40000001d00000001
000002e80000000000000000
000002d80000000a00000000
000002dc0000001600000022
000002e00000001400000000
000002e40000001d00000000
000002e80000000000000000
000002ec0000001600000000
000002f00000001600000000
000002f40000000d00002000
000002f80000001300000214
000002fc0000000cb45e52b0
000003000000000100000000
000003040000000200000296
000003080000000c00000001
0000030c0000001d00000006
000003100000001700002008
0000031400000014b45e52b1
000003180000000805daf000
0000031c0000000d00000000
000003200000000800000000
0000032400000016ffffffff
000003280000001d00000005
0000032c0000000000000000
000003100000001700000008
0000031400000014b45e52b1
000003180000000805daf000
0000031c0000000d00000000
000003200000000800000000
0000032400000016fffffffe
000003280000001d00000004
0000032c0000000000000000
000003100000001700000008
0000031400000014b45e52b1
000003180000000805daf000
0000031c0000000d00000000
000003200000000800000000
0000032400000016fffffffd
000003280000001d00000003
0000032c0000000000000000
000003100000001700000008
0000031400000014b45e52b1
000003180000000805daf000
0000031c0000000d00000000
000003200000000800000000
0000032400000016fffffffc
000003280000001d00000002
0000032c0000000000000000
000003100000001700000008
0000031400000014b45e52b1
000003180000000805daf000
0000031c0000000d00000000
000003200000000800000000
0000032400000016fffffffb
000003280000001d00000001
0000032c0000000000000000
000003100000001700000008
0000031400000014b45e52b1
000003180000000805daf000
0000031c0000000d00000000
000003200000000800000000
0000032400000016fffffffa
000003280000001d00000000
0000032c0000000000000000
000003300000000100000334
000003380000000a00000334
0000033c0000000100000340
0000034c0000000b00000340
000003500000000100000354
000003600000000c00000354
000003640000000100000368
0000037400000009fffff800
000003780000000000000000
00000368000000174ba1ad4f
0000036c0000000100000354
000003700000000000000000
0000035400000004fffffb14
000003580000000100000340
0000035c0000000000000000
000003400000000900000000
000003440000000100000334
000003480000000000000000
000003340000000000000000
0000037c0000000e00000296
000003800000000300000001
000003840000001c00000003
000003880000001a00000001
0000038c0000001a00000008
000003900000001b00000390
000003940000001b00000398
000003980000000000000000
000003a40000001900000089
000003a80000000000000000
000003ac0000001c00000002
000003b00000000000000000
000003880000001a00000000
0000038c0000001a00000000
000003900000001b00000390
000003940000001b00000390
000003980000000000000000
0000039c000000190000008a
000003a00000000000000000
000003ac0000001c00000001
000003b00000000000000000
000003880000001a00000001
0000038c0000001a00000008
000003900000001b00000390
000003940000001b00000398
000003980000000000000000
000003a4000000190000008d
000003a80000000000000000
000003ac0000001c00000000
000003b00000000000000000
000003b40000000000000000
000003b80000000100000000
000003bc0000000000000000
000003c400000013fffffd06
000003c80000001d00000003
000003cc0000001500000000
000003d00000000f00000000
000003d40000001500000000
000003d80000000bfffffe32
000003dc0000000b000007ff
000003e00000001d00000002
000003e40000000000000000
000003cc0000001500000000
000003d00000000f00000000
000003d40000001500000000
000003d80000000bfffffe32
000003dc0000000b000007ff
000003e00000001d00000001
000003e40000000000000000
000003cc0000001500000000
000003d00000000f00000000
000003d40000001500000000
000003d80000000bfffffe32
000003dc0000000b000007ff
000003e00000001d00000000
000003e40000000000000000
000003e80000000800000000
000003ec0000000000000000
000003f00000001100000000
000003f40000001500000001
000003f80000000ab45e52b0
000003fc0000000600000001
000004000000000200000000
000004040000000c92a3c000
000004080000000c00000730
0000040c0000001100000000
000004100000000fe22ad000
000004140000000d00000000
000004180000000000000000
0000041c00000014000000b4
00000420000000113b3d3420
000004240000001100000000
0000042800000001fffffb98
0000042c00000005caa5442c
000004300000001000002201
000004340000000000000000
0000044400000010b45e4dc4
000004480000000700000000
0000044c00000005fffffb12
000004500000000100000454
000004580000000a00000454
0000045c0000000100000460
0000046c0000000b00000460
000004700000000100000474
000004800000000c00000474
000004840000000100000488
000004940000000d00000488
00000498000000010000049c
000004a80000000e0000049c
000004ac00000001000004b0
000004bc00000017b468f4bc
000004c00000000000000000
000004b00000001500000000
000004b4000000010000049c
000004b80000000000000000
0000049c0000000400000000
000004a00000000100000488
000004a40000000000000000
0000048800000004fffff800
0000048c0000000100000474
000004900000000000000000
000004740000000200004000
000004780000000100000460
0000047c0000000000000000
000004600000001700000000
000004640000000100000454
000004680000000000000000
000004540000000000000000
000004c40000001c00000003
000004c80000001a00000001
000004cc0000001a00000008
000004d00000001b000004d0
000004d40000001b000004d8
000004d80000000000000000
000004e40000001900000090
000004e80000000000000000
000004ec0000001c00000002
000004f00000000000000000
000004c80000001a00000000
000004cc0000001a00000000
000004d00000001b000004d0
000004d40000001b000004d0
000004d80000000000000000
000004dc0000001900000091
000004e00000000000000000
000004ec0000001c00000001
000004f00000000000000000
000004c80000001a00000001
000004cc0000001a00000008
000004d00000001b000004d0
000004d40000001b000004d8
000004d80000000000000000
000004e40000001900000094
000004e80000000000000000
000004ec0000001c00000000
000004f00000000000000000
000004f40000001700000005
000004f80000000623a00000
000004fc00000011ffffffff
000005000000001c00000003
000005040000001a00000001
000005080000001a00000008
0000050c0000001b0000050c
000005100000001b00000514
000005140000000000000000
000005200000001900000097
000005240000000000000000
000005280000001c00000002
0000052c0000000000000000
000005040000001a00000000
000005080000001a00000000
0000050c0000001b0000050c
000005100000001b0000050c
000005140000000000000000
000005180000001900000098
0000051c0000000000000000
000005280000001c00000001
0000052c0000000000000000
000005040000001a00000001
000005080000001a00000008
0000050c0000001b0000050c
000005100000001b00000514
000005140000000000000000
00000520000000190000009b
000005240000000000000000
000005280000001c00000000
0000052c0000000000000000
000005300000001c00000005
000005340000001a00000001
000005380000001a00000008
0000053c0000001b0000053c
000005400000001b00000544
000005440000000100000548
00000550000000190000009e
000005540000000000000000
000005580000001c00000004
0000055c0000000000000000
000005340000001a00000000
000005380000001a00000000
0000053c0000001b0000053c
000005400000001b0000053c
000005440000000100000548
00000548000000190000009f
0000054c0000000000000000
000005580000001c00000003
0000055c0000000000000000
000005340000001a00000001
000005380000001a00000008
0000053c0000001b0000053c
000005400000001b00000544
000005440000000100000548
0000055000000019000000a2
000005540000000000000000
000005580000001c00000002
0000055c0000000000000000
000005340000001a00000000
000005380000001a00000000
0000053c0000001b0000053c
000005400000001b0000053c
000005440000000100000548
0000054800000019000000a3
0000054c0000000000000000
000005580000001c00000001
0000055c0000000000000000
000005340000001a00000001
000005380000001a00000008
0000053c0000001b0000053c
000005400000001b00000544
000005440000000100000548
0000055000000019000000a6
000005540000000000000000
000005580000001c00000000
0000055c0000000000000000
000005600000000900000001
000005640000001d00000005
000005680000000000000000
0000056c0000000277174000
000005700000001100000000
000005740000000000000000
0000057800000010b45e4dc4
0000057c0000001d00000004
000005800000000000000000
000005680000000000000000
0000056c0000000277174000
000005700000001100000000
000005740000000000000000
0000057800000010b45e4dc4
0000057c0000001d00000003
000005800000000000000000
000005680000000000000000
0000056c0000000277174000
000005700000001100000000
000005740000000000000000
0000057800000010b45e4dc4
0000057c0000001d00000002
000005800000000000000000
000005680000000000000000
0000056c0000000277174000
000005700000001100000000
000005740000000000000000
0000057800000010b45e4dc4
0000057c0000001d00000001
000005800000000000000000
000005680000000000000000
0000056c0000000277174000
000005700000001100000000
000005740000000000000000
0000057800000010b45e4dc4
0000057c0000001d00000000
000005800000000000000000
000005840000000100000588
0000058c0000000a00000588
000005900000000100000594
000005a00000000b00000594
000005a400000001000005a8
000005b40000000c000005a8
000005b800000001000005bc
000005c80000000d000005bc
000005cc00000001000005d0
000005dc0000000e000005d0
000005e000000001000005e4
000005f00000000f000005e4
000005f400000001000005f8
0000060400000010000005f8
00000608000000010000060c
00000618000000110000060c
0000061c0000000100000620
0000062c0000001200000620
000006300000000100000634
000006400000001700000000
000006440000000000000000
0000063400000008000007ff
000006380000000100000620
0000063c0000000000000000
000006200000000200000000
00000624000000010000060c
000006280000000000000000
0000060c00000005ffffe000
0000061000000001000005f8
000006140000000000000000
000005f8000000178d4735f8
000005fc00000001000005e4
000006000000000000000000
000005e40000000600000001
000005e800000001000005d0
000005ec0000000000000000
000005d00000000500000080
000005d400000001000005bc
000005d80000000000000000
000005bc0000001600000001
000005c000000001000005a8
000005c40000000000000000
000005a80000000300000001
000005ac0000000100000594
000005b00000000000000000
000005940000001400002000
000005980000000100000588
0000059c0000000000000000
000005880000000000000000
000006480000001d00000003
0000064c00000005fffffd07
000006500000000000000000
000006540000001d00000002
000006580000000000000000
0000064c00000005fffffd07
000006500000000000000000
000006540000001d00000001
000006580000000000000000
0000064c00000005fffffd07
000006500000000000000000
000006540000001d00000000
000006580000000000000000
0000065c0000000000000000
000006600000000100000664
000006680000000000000000
0000066c0000000000000000
000006640000000000000000
000006700000001700000000
000006740000001400000000
00000678000000010000067c
000006800000000a0000067c
000006840000000100000688
000006940000000b00000688
00000698000000010000069c
000006a80000000c0000069c
000006ac00000001000006b0
000006bc0000000d000006b0
000006c000000001000006c4
000006d00000001500000000
000006d40000000000000000
000006c40000001700000000
000006c800000001000006b0
000006cc0000000000000000
000006b00000001600000000
000006b4000000010000069c
000006b80000000000000000
0000069c0000000400000022
000006a00000000100000688
000006a40000000000000000
000006880000000800000000
0000068c000000010000067c
000006900000000000000000
0000067c0000000000000000
000006d80000000000000000
000006dc0000001300000000
000006e00000001000000005
000006e4000000030000067d
000006e80000000500000001
000006ec0000000c00000000
000006f00000001d00000004
000006f40000000e00000000
000006f80000000ffffffff8
000006fc0000001200000000
000007000000001d00000003
000007040000000000000000
000006f40000000e00000000
000006f80000000ffffffff8
000006fc0000001200000000
000007000000001d00000002
000007040000000000000000
000006f40000000e00000000
000006f80000000ffffffff8
000006fc0000001200000000
000007000000001d00000001
000007040000000000000000
000006f40000000e00000000
000006f80000000ffffffff8
000006fc0000001200000000
000007000000001d00000000
000007040000000000000000
000007080000000000000000
0000070c0000000a0000067c
000007100000001d00000004
000007140000001500000033
000007180000000500000001
0000071c0000001d00000003
000007200000000000000000
000007140000001500000033
000007180000000500000001
0000071c0000001d00000002
000007200000000000000000
000007140000001500000033
000007180000000500000001
0000071c0000001d00000001
000007200000000000000000
000007140000001500000033
000007180000000500000001
0000071c0000001d00000000
000007200000000000000000
000007240000000900000000
000007280000000a00000005
0000072c0000000900000000
000007300000000000000000
000007340000000e00000000
000007380000000700000000
0000073c0000000e00000000
000007400000001300000000
000007440000000000000000
0000074c0000000900000000
000007500000001d00000004
000007540000001700000000
000007580000000a000000a0
0000075c0000000f00000002
000007600000000900000001
000007640000001000000000
000007680000001d00000003
0000076c0000000000000000
000007540000001700000000
000007580000000a000000a0
0000075c0000000f00000002
000007600000000900000001
000007640000001000000000
000007680000001d00000002
0000076c0000000000000000
000007540000001700000000
000007580000000a000000a0
0000075c0000000f00000002
000007600000000900000001
000007640000001000000000
000007680000001d00000001
0000076c0000000000000000
000007540000001700000000
000007580000000a000000a0
0000075c0000000f00000002
000007600000000900000001
000007640000001000000000
000007680000001d00000000
0000076c0000000000000000
000007700000001000000000
000007740000000000000000
0000077800000014d32b2000
0000077c0000000500000000
000007800000001000000000
0000078400000011000006be
000007880000000700000000
0000078c0000000400000003
000007900000001d00000005
0000079400000007d9124000
000007980000000900000000
0000079c0000000000000000
000007a00000001d00000004
000007a40000000000000000
0000079400000007d9124000
000007980000000900000000
0000079c0000000000000000
000007a00000001d00000003
000007a40000000000000000
0000079400000007d9124000
000007980000000900000000
0000079c0000000000000000
000007a00000001d00000002
000007a40000000000000000
0000079400000007d9124000
000007980000000900000000
0000079c0000000000000000
000007a00000001d00000001
000007a40000000000000000
0000079400000007d9124000
000007980000000900000000
0000079c0000000000000000
000007a00000001d00000000
000007a40000000000000000
000007a80000001d00000005
000007ac0000001500000000
000007b00000001200000000
000007b40000001000000000
000007b80000000c18145000
000007bc000000052ff70000
000007c00000000400000000
000007c40000001d00000004
000007c80000000000000000
000007ac0000001500000000
000007b00000001200000000
000007b40000001000000000
000007b80000000c18145000
000007bc000000052ff70000
000007c00000000400000000
000007c40000001d00000003
000007c80000000000000000
000007ac0000001500000000
000007b00000001200000000
000007b40000001000000000
000007b80000000c18145000
000007bc000000052ff70000
000007c00000000400000000
000007c40000001d00000002
000007c80000000000000000
000007ac0000001500000000
000007b00000001200000000
000007b40000001000000000
000007b80000000c18145000
000007bc000000052ff70000
000007c00000000400000000
000007c40000001d00000001
000007c80000000000000000
000007ac0000001500000000
000007b00000001200000000
000007b40000001000000000
000007b80000000c18145000
000007bc000000052ff70000
000007c00000000400000000
000007c40000001d00000000
000007c80000000000000000
000007cc0000000500000001
000007d000000001000007d4
000007d80000000a000007d4
000007dc00000001000007e0
000007ec0000000b000007e0
000007f000000001000007f4
000008000000000c000007f4
000008040000000100000808
000008140000000d00000808
00000818000000010000081c
000008280000000e0000081c
0000082c0000000100000830
0000083c0000000f00000830
000008400000000100000844
000008500000001000000844
000008540000000100000858
000008640000001100000858
00000868000000010000086c
00000878000000120000086c
0000087c0000000100000880
0000088c0000000900000000
000008900000000000000000
0000088000000009c575b880
00000884000000010000086c
000008880000000000000000
0000086c0000000000000000
000008700000000100000858
000008740000000000000000
000008580000000900000000
0000085c0000000100000844
000008600000000000000000
000008440000001600000001
000008480000000100000830
0000084c0000000000000000
000008300000000000000000
00000834000000010000081c
000008380000000000000000
0000081c00000017eb05781c
000008200000000100000808
000008240000000000000000
000008080000001500002000
0000080c00000001000007f4
000008100000000000000000
000007f40000000400000001
000007f800000001000007e0
000007fc0000000000000000
000007e000000009000007e0
000007e400000001000007d4
000007e80000000000000000
000007d40000000000000000
000008940000000100000898
0000089c0000000a00000898
000008a000000001000008a4
000008b00000000b000008a4
000008b400000001000008b8
000008c40000000c000008b8
000008c800000001000008cc
000008d80000000d000008cc
000008dc00000001000008e0
000008ec0000000e000008e0
000008f000000001000008f4
000009000000000f000008f4
000009040000000100000908
00000914000000090000067c
000009180000000000000000
000009080000000400000000
0000090c00000001000008f4
000009100000000000000000
000008f40000000500000002
000008f800000001000008e0
000008fc0000000000000000
000008e000000002dfbf2000
000008e400000001000008cc
000008e80000000000000000
000008cc00000009000000cf
000008d000000001000008b8
000008d40000000000000000
000008b80000000800010000
000008bc00000001000008a4
000008c00000000000000000
000008a40000000000000000
000008a80000000100000898
000008ac0000000000000000
000008980000000000000000
0000091c0000000700000000
000009200000000300000001
0000092400000015000008cb
000009280000000200000001
0000092c000000160000006c
000009300000000900000000
000009340000000b00000000
000009380000001500000000
0000093c0000000000000000
000009480000001318000000
0000094c000000010e08c000
000009500000000500000005
000009540000000100000958
0000095c0000000a00000958
000009600000000100000964
000009700000000b00000964
000009740000000100000978
000009840000000c00000978
00000988000000010000098c
000009980000000d0000098c
0000099c00000001000009a0
000009ac0000000e000009a0
000009b000000001000009b4
000009c00000000f000009b4
000009c400000001000009c8
000009d400000010000009c8
000009d800000001000009dc
000009e80000000400000000
000009ec0000000000000000
000009dc0000001527200000
000009e000000001000009c8
000009e40000000000000000
000009c80000001500000000
000009cc00000001000009b4
000009d00000000000000000
000009b400000015010d8000
000009b800000001000009a0
000009bc0000000000000000
000009a000000007fffff69b
000009a4000000010000098c
000009a80000000000000000
0000098c0000000900000964
000009900000000100000978
000009940000000000000000
000009780000000578000000
0000097c0000000100000964
000009800000000000000000
000009640000000300000000
000009680000000100000958
0000096c0000000000000000
000009580000000000000000
000009f00000000000000000
000009f40000001700000000
000009f8000000167ad68000
000009fc0000000600000000
00000a000000000e000000a6
00000a040000001c00000005
00000a080000001a00000001
00000a0c0000001a00000008
00000a100000001b00000a10
00000a140000001b00000a18
00000a180000000100000a1c
00000a2400000019000000a9
00000a280000000000000000
00000a2c0000001c00000004
00000a300000000000000000
00000a080000001a00000000
00000a0c0000001a00000000
00000a100000001b00000a10
00000a140000001b00000a10
00000a180000000100000a1c
00000a1c00000019000000aa
00000a200000000000000000
00000a2c0000001c00000003
00000a300000000000000000
00000a080000001a00000001
00000a0c0000001a00000008
00000a100000001b00000a10
00000a140000001b00000a18
00000a180000000100000a1c
00000a2400000019000000ad
00000a280000000000000000
00000a2c0000001c00000002
00000a300000000000000000
00000a080000001a00000000
00000a0c0000001a00000000
00000a100000001b00000a10
00000a140000001b00000a10
00000a180000000100000a1c
00000a1c00000019000000ae
00000a200000000000000000
00000a2c0000001c00000001
00000a300000000000000000
00000a080000001a00000001
00000a0c0000001a00000008
00000a100000001b00000a10
00000a140000001b00000a18
00000a180000000100000a1c
00000a2400000019000000b1
00000a280000000000000000
00000a2c0000001c00000000
00000a300000000000000000
00000a3400000006fffff143
00000a380000001c00000005
00000a3c0000001a00000001
00000a400000001a00000008
00000a440000001b00000a44
00000a480000001b00000a4c
00000a4c0000000000000000
00000a5800000019000000b4
00000a5c0000000000000000
00000a600000001c00000004
00000a640000000000000000
00000a3c0000001a00000000
00000a400000001a00000000
00000a440000001b00000a44
00000a480000001b00000a44
00000a4c0000000000000000
00000a5000000019000000b5
00000a540000000000000000
00000a600000001c00000003
00000a640000000000000000
00000a3c0000001a00000001
00000a400000001a00000008
00000a440000001b00000a44
00000a480000001b00000a4c
00000a4c0000000000000000
00000a5800000019000000b8
00000a5c0000000000000000
00000a600000001c00000002
00000a640000000000000000
00000a3c0000001a00000000
00000a400000001a00000000
00000a440000001b00000a44
00000a480000001b00000a44
00000a4c0000000000000000
00000a5000000019000000b9
00000a540000000000000000
00000a600000001c00000001
00000a640000000000000000
00000a3c0000001a00000001
00000a400000001a00000008
00000a440000001b00000a44
00000a480000001b00000a4c
00000a4c0000000000000000
00000a5800000019000000bc
00000a5c0000000000000000
00000a600000001c00000000
00000a640000000000000000
00000a680000000a00000000
00000a6c0000000600000001
00000a700000000600010001
00000a740000001d00000004
00000a780000001500000699
00000a7c0000001100000001
00000a800000000600000691
00000a840000001d00000003
00000a880000000000000000
00000a780000001500000699
00000a7c0000001100000001
00000a800000000600000691
00000a840000001d00000002
00000a880000000000000000
00000a780000001500000699
00000a7c0000001100000001
00000a800000000600000691
00000a840000001d00000001
00000a880000000000000000
00000a780000001500000699
00000a7c0000001100000001
00000a800000000600000691
00000a840000001d00000000
00000a880000000000000000
00000a8c0000000a00000000
00000a900000000000000000
00000a9c0000001d00000002
00000aa00000000700000293
00000aa40000000a00000000
00000aa80000000f00000000
00000aac0000000100000000
00000ab00000000c00000a4c
00000ab40000000600000080
00000ab80000001d00000001
00000abc0000000000000000
00000aa00000000700000293
00000aa40000000a00000000
00000aa80000000f00000000
00000aac0000000100000000
00000ab00000000c00000a4c
00000ab40000000600000080
00000ab80000001d00000000
00000abc0000000000000000
00000ac00000001400000000
00000ac40000000be8002000
00000ac800000004000006bd
00000acc0000000a00000000
00000ad00000000300000000
00000ad40000001c00000005
00000ad80000001a00000001
00000adc0000001a00000008
00000ae00000001b00000ae0
00000ae40000001b00000ae8
00000ae80000000000000000
00000af400000019000000bf
00000af80000000000000000
00000afc0000001c00000004
00000b000000000000000000
00000ad80000001a00000000
00000adc0000001a00000000
00000ae00000001b00000ae0
00000ae40000001b00000ae0
00000ae80000000000000000
00000aec00000019000000c0
00000af00000000000000000
00000afc0000001c00000003
00000b000000000000000000
00000ad80000001a00000001
00000adc0000001a00000008
00000ae00000001b00000ae0
00000ae40000001b00000ae8
00000ae80000000000000000
00000af400000019000000c3
00000af80000000000000000
00000afc0000001c00000002
00000b000000000000000000
00000ad80000001a00000000
00000adc0000001a00000000
00000ae00000001b00000ae0
00000ae40000001b00000ae0
00000ae80000000000000000
00000aec00000019000000c4
00000af00000000000000000
00000afc0000001c00000001
00000b000000000000000000
00000ad80000001a00000001
00000adc0000001a00000008
00000ae00000001b00000ae0
00000ae40000001b00000ae8
00000ae80000000000000000
00000af400000019000000c7
00000af80000000000000000
00000afc0000001c00000000
00000b000000000000000000
00000b040000001300000000
00000b0800000005fffff800
00000b0c0000000b82c62b0c
00000b100000000f00010000
00000b140000000000000000
00000b180000000200000000
00000b1c0000000000000000
00000b200000000100000b24
00000b280000000a00000b24
00000b2c0000000100000b30
00000b3c0000000b00000b30
00000b400000000100000b44
00000b500000000c00000b44
00000b540000000100000b58
00000b640000000d00000b58
00000b680000000100000b6c
00000b780000000e00000b6c
00000b7c0000000100000b80
00000b8c0000001500000001
00000b900000000000000000
00000b800000000000000000
00000b840000000100000b6c
00000b880000000000000000
00000b6c0000001500000000
00000b700000000100000b58
00000b740000000000000000
00000b580000000200000000
00000b5c0000000100000b44
00000b600000000000000000
00000b440000001700000fff
00000b480000000100000b30
00000b4c0000000000000000
00000b300000001500000000
00000b340000000100000b24
00000b380000000000000000
00000b240000000000000000
00000b940000000d0000262f
00000b980000001d00000002
00000b9c0000000300000790
00000ba00000000000000000
00000ba40000000000000000
00000ba80000000ab4492ba8
00000bac0000000400000293
00000bb00000001593000000
00000bb40000001d00000001
00000bb80000000000000000
00000b9c0000000300000790
00000ba00000000000000000
00000ba40000000000000000
00000ba80000000ab4492ba8
00000bac0000000400000293
00000bb00000001593000000
00000bb40000001d00000000
00000bb80000000000000000
00000bbc0000000900000000
00000bc0000000117ad687ff
00000bc40000000100000bc8
00000bcc0000000a00000bc8
00000bd00000000100000bd4
00000be00000000b00000bd4
00000be40000000100000be8
00000bf400000002fffff800
00000bf80000000000000000
00000be80000001700000be8
00000bec0000000100000bd4
00000bf00000000000000000
00000bd40000000800000001
00000bd80000000100000bc8
00000bdc0000000000000000
00000bc80000000000000000
00000bfc0000000e00000000
00000c0000000004fffff800
00000c040000000200000000
00000c080000000900008800
00000c0c0000000000000000
00000c1400000008fffffecd
00000c180000000efffff8c2
00000c1c00000003ff668000
00000c200000001200000000
00000c240000001600000000
00000c280000001c00000003
00000c2c0000001a00000001
00000c300000001a00000008
00000c340000001b00000c34
00000c380000001b00000c3c
00000c3c0000000000000000
00000c4800000019000000ca
00000c4c0000000000000000
00000c500000001c00000002
00000c540000000000000000
00000c2c0000001a00000000
00000c300000001a00000000
00000c340000001b00000c34
00000c380000001b00000c34
00000c3c0000000000000000
00000c4000000019000000cb
00000c440000000000000000
00000c500000001c00000001
00000c540000000000000000
00000c2c0000001a00000001
00000c300000001a00000008
00000c340000001b00000c34
00000c380000001b00000c3c
00000c3c0000000000000000
00000c4800000019000000ce
00000c4c0000000000000000
00000c500000001c00000000
00000c540000000000000000
00000c5800000017f30ca000
00000c5c0000000000000000
00000c600000000000000000
00000c680000000000000000
00000c700000001d00000004
00000c740000001500000000
00000c780000001000000000
00000c7c0000000500000000
00000c800000001d00000003
00000c840000000000000000
00000c740000001500000000
00000c780000001000000000
00000c7c0000000500000000
00000c800000001d00000002
00000c840000000000000000
00000c740000001500000000
00000c780000001000000000
00000c7c0000000500000000
00000c800000001d00000001
00000c840000000000000000
00000c740000001500000000
00000c780000001000000000
00000c7c0000000500000000
00000c800000001d00000000
00000c840000000000000000
00000c8800000002ff668080
00000c8c0000001d00000003
00000c900000000800000000
00000c940000000400000000
00000c980000001208800000
00000c9c0000001d00000002
00000ca00000000000000000
00000c900000000800000000
00000c940000000400000000
00000c980000001208800000
00000c9c0000001d00000001
00000ca00000000000000000
00000c900000000800000000
00000c940000000400000000
00000c980000001208800000
00000c9c0000001d00000000
00000ca00000000000000000
00000ca40000000d00000001
00000ca80000000000000000
00000cac0000001100000000
00000cb000000005fffff800
00000cb40000001d00000002
00000cb800000009ff66807e
00000cbc0000000200000000
00000cc00000000e00000009
00000cc40000001d00000001
00000cc80000000000000000
00000cb800000009ffffffff
00000cbc0000000200000000
00000cc00000000e00000009
00000cc40000001d00000000
00000cc80000000000000000
00000ccc0000001100000b44
00000cd0000000017718acd0
00000cd40000000f00010005
00000cd80000000f00000000
00000cdc0000001000000000
00000ce00000000600000000
00000ce40000000000000000
00000ce80000000000000000
00000cec0000000c00000009
00000cf00000000200000000
00000cf40000000a00000009
00000cf80000000ffffffff7
00000cfc0000001c00000004
00000d000000001a00000000
00000d040000001a00000000
00000d080000001b00000d08
00000d0c0000001b00000d08
00000d100000000100000d14
00000d1400000019000000cf
00000d180000000000000000
00000d240000001c00000003
00000d280000000000000000
00000d000000001a00000001
00000d040000001a00000008
00000d080000001b00000d08
00000d0c0000001b00000d10
00000d100000000100000d14
00000d1c00000019000000d2
00000d200000000000000000
00000d240000001c00000002
00000d280000000000000000
00000d000000001a00000000
00000d040000001a00000000
00000d080000001b00000d08
00000d0c0000001b00000d08
00000d100000000100000d14
00000d1400000019000000d3
00000d180000000000000000
00000d240000001c00000001
00000d280000000000000000
00000d000000001a00000001
00000d040000001a00000008
00000d080000001b00000d08
00000d0c0000001b00000d10
00000d100000000100000d14
00000d1c00000019000000d6
00000d200000000000000000
00000d240000001c00000000
00000d280000000000000000
00000d2c0000001600000000
00000d300000000e00000001
00000d3400000015528d8000
00000d380000000b00000001
00000d3c0000000000000000
00000d40000000160000029f
00000d440000001300000001
00000d48000000040d5e8000
00000d4c00000004fffff91b
00000d5000000005f30ca001
00000d540000000e00000000
00000d580000000dfffff800
00000d5c0000001700000000
00000d600000001100000000
00000d640000001100000001
00000d680000001d00000005
00000d6c0000000eff668001
00000d700000001000000000
00000d740000001d00000004
00000d780000000000000000
00000d6c0000000eff668001
00000d700000001000000000
00000d740000001d00000003
00000d780000000000000000
00000d6c0000000eff668001
00000d700000001000000000
00000d740000001d00000002
00000d780000000000000000
00000d6c0000000eff668001
00000d700000001000000000
00000d740000001d00000001
00000d780000000000000000
00000d6c0000000eff668001
00000d700000001000000000
00000d740000001d00000000
00000d780000000000000000
00000d7c0000000100000001
00000d800000001400000010
00000d840000000300000e3a
00000d880000001700000001
00000d8c0000000100000d90
00000d940000000a00000d90
00000d980000000100000d9c
00000da80000000b00000d9c
00000dac0000000100000db0
00000dbc0000000c00000db0
00000dc00000000100000dc4
00000dd00000000200000001
00000dd40000000000000000
00000dc40000000402000000
00000dc80000000100000db0
00000dcc0000000000000000
00000db00000000900000000
00000db40000000100000d9c
00000db80000000000000000
00000d9c0000001500000001
00000da00000000100000d90
00000da40000000000000000
00000d900000000000000000
00000dd80000001500000001
00000ddc0000000600004400
00000de00000000100000de4
00000de80000000a00000de4
00000dec0000000100000df0
00000dfc0000000b00000df0
00000e000000000100000e04
00000e100000000c00000e04
00000e140000000100000e18
00000e240000000d00000e18
00000e280000000100000e2c
00000e380000000e00000e2c
00000e3c0000000100000e40
00000e4c0000000f00000e40
00000e500000000100000e54
00000e600000001000000e54
00000e640000000100000e68
00000e740000000800000000
00000e780000000000000000
00000e680000000500000de5
00000e6c0000000100000e54
00000e700000000000000000
00000e540000000600000e10
00000e580000000100000e40
00000e5c0000000000000000
00000e400000001600000001
00000e440000000100000e2c
00000e480000000000000000
00000e2c0000001500000000
00000e300000000100000e18
00000e340000000000000000
00000e180000000500000001
00000e1c0000000100000e04
00000e200000000000000000
00000e040000001600000000
00000e080000000100000df0
00000e0c0000000000000000
00000df00000000800002e54
00000df40000000100000de4
00000df80000000000000000
00000de40000000000000000
00000e7c0000001402000000
00000e800000000ee2c46000
00000e840000000000000000
00000e880000000400000000
00000e8c0000000000000000
00000e900000000000000000
00000e940000000b00000de4
00000e980000000a892d8000
00000e9c0000000100000001
00000ea000000001f2000000
00000ea40000001000000001
00000ea80000000800000001
00000eac0000000300000001
00000eb000000011892d8001
00000eb40000001d00000003
00000eb80000000800000000
00000ebc0000000000000000
00000ec00000000e00000de4
00000ec40000000400000000
00000ec80000001000000001
00000ecc0000001d00000002
00000ed00000000000000000
00000eb80000000800000000
00000ebc0000000000000000
00000ec00000000e00000de4
00000ec40000000400000000
00000ec80000001000000001
00000ecc0000001d00000001
00000ed00000000000000000
00000eb80000000800000000
00000ebc0000000000000000
00000ec00000000e00000de4
00000ec40000000400000000
00000ec80000001000000001
00000ecc0000001d00000000
00000ed00000000000000000
00000ed40000000700000001
00000ed80000000000000000
00000edc0000001658000000
00000ee00000000000000000
00000ee40000001d00000003
00000ee80000001200000000
00000eec0000000c00000000
00000ef00000000a02000001
00000ef40000000ffe000de4
00000ef80000001200000000
00000efc0000001d00000002
00000f000000000000000000
00000ee80000001200000000
00000eec0000000c00000000
00000ef00000000a02000001
00000ef40000000ffe000de4
00000ef80000001200000000
00000efc0000001d00000001
00000f000000000000000000
00000ee80000001200000000
00000eec0000000c00000000
00000ef00000000a02000001
00000ef40000000ffe000de4
00000ef80000001200000000
00000efc0000001d00000000
00000f000000000000000000
00000f040000000100000000
00000f080000000000000000
00000f0c0000000f00000000
00000f100000000200000000
00000f140000000500000000
00000f180000000f00000ebb
00000f1c0000000000000000
00000f200000001495fbb000
00000f240000000400000000
00000f280000001d00000003
00000f2c0000000000000000
00000f300000001d00000002
00000f340000000000000000
00000f2c0000000000000000
00000f300000001d00000001
00000f340000000000000000
00000f2c0000000000000000
00000f300000001d00000000
00000f340000000000000000
00000f380000000400000000
00000f3c0000001200000000
00000f4000000006b4f8f000
00000f440000000500000e18
00000f48000000030000070c
00000f4c0000000a00000000
00000f500000000000000000
00000f540000000000000000
00000f58000000173cab3000
00000f5c0000000a00000001
00000f6000000009b4f8f001
00000f640000001c00000003
00000f680000001a00000001
00000f6c0000001a00000008
00000f700000001b00000f70
00000f740000001b00000f78
00000f780000000000000000
00000f8400000019000000d9
00000f880000000000000000
00000f8c0000001c00000002
00000f900000000000000000
00000f680000001a00000000
00000f6c0000001a00000000
00000f700000001b00000f70
00000f740000001b00000f70
00000f780000000000000000
00000f7c00000019000000da
00000f800000000000000000
00000f8c0000001c00000001
00000f900000000000000000
00000f680000001a00000001
00000f6c0000001a00000008
00000f700000001b00000f70
00000f740000001b00000f78
00000f780000000000000000
00000f8400000019000000dd
00000f880000000000000000
00000f8c0000001c00000000
00000f900000000000000000
00000f940000001d00000002
00000f980000001600000000
00000f9c0000001d00000001
00000fa00000000000000000
00000f980000001600000000
00000f9c0000001d00000000
00000fa00000000000000000
00000fa40000000900000006
00000fa80000001c00000005
00000fac0000001a00000001
00000fb00000001a00000008
00000fb40000001b00000fb4
00000fb80000001b00000fbc
00000fbc0000000100000fc0
00000fc800000019000000e0
00000fcc0000000000000000
00000fd00000001c00000004
00000fd40000000000000000
00000fac0000001a00000000
00000fb00000001a00000000
00000fb40000001b00000fb4
00000fb80000001b00000fb4
00000fbc0000000100000fc0
00000fc000000019000000e1
00000fc40000000000000000
00000fd00000001c00000003
00000fd40000000000000000
00000fac0000001a00000001
00000fb00000001a00000008
00000fb40000001b00000fb4
00000fb80000001b00000fbc
00000fbc0000000100000fc0
00000fc800000019000000e4
00000fcc0000000000000000
00000fd00000001c00000002
00000fd40000000000000000
00000fac0000001a00000000
00000fb00000001a00000000
00000fb40000001b00000fb4
00000fb80000001b00000fb4
00000fbc0000000100000fc0
00000fc000000019000000e5
00000fc40000000000000000
00000fd00000001c00000001
00000fd40000000000000000
00000fac0000001a00000001
00000fb00000001a00000008
00000fb40000001b00000fb4
00000fb80000001b00000fbc
00000fbc0000000100000fc0
00000fc800000019000000e8
00000fcc0000000000000000
00000fd00000001c00000000
00000fd40000000000000000
00000fd80000000d00000000
00000fdc0000000400000001
00000fe00000000000000000
00000fe40000000100000fe8
00000fec0000000a00000fe8
00000ff00000000100000ff4
000010000000000b00000ff4
000010040000000100001008
000010140000000c00001008
00001018000000010000101c
000010280000000d0000101c
0000102c0000000100001030
0000103c0000000e00001030
000010400000000100001044
000010500000000f00001044
000010540000000100001058
000010640000001000001058
00001068000000010000106c
000010780000000400003244
0000107c0000000000000000
0000106c0000001600000001
000010700000000100001058
000010740000000000000000
00001058000000065e2eb058
0000105c0000000100001044
000010600000000000000000
000010440000000400000002
000010480000000100001030
0000104c0000000000000000
000010300000000700000000
00001034000000010000101c
000010380000000000000000
0000101c000000089f377000
000010200000000100001008
000010240000000000000000
000010080000000000000000
0000100c0000000100000ff4
000010100000000000000000
00000ff4000000036c6ad000
00000ff80000000100000fe8
00000ffc0000000000000000
00000fe80000000000000000
000010800000000000000000
000010840000001c00000005
000010880000001a00000001
0000108c0000001a00000008
000010900000001b00001090
000010940000001b00001098
000010980000000000000000
000010a400000019000000eb
000010a80000000000000000
000010ac0000001c00000004
000010b00000000000000000
000010880000001a00000000
0000108c0000001a00000000
000010900000001b00001090
000010940000001b00001090
000010980000000000000000
0000109c00000019000000ec
000010a00000000000000000
000010ac0000001c00000003
000010b00000000000000000
000010880000001a00000001
0000108c0000001a00000008
000010900000001b00001090
000010940000001b00001098
000010980000000000000000
000010a400000019000000ef
000010a80000000000000000
000010ac0000001c00000002
000010b00000000000000000
000010880000001a00000000
0000108c0000001a00000000
000010900000001b00001090
000010940000001b00001090
000010980000000000000000
0000109c00000019000000f0
000010a00000000000000000
000010ac0000001c00000001
000010b00000000000000000
000010880000001a00000001
0000108c0000001a00000008
000010900000001b00001090
000010940000001b00001098
000010980000000000000000
000010a400000019000000f3
000010a80000000000000000
000010ac0000001c00000000
000010b00000000000000000
000010b40000000000000000
000010b80000000800000000
000010bc0000001700000000
000010c00000000000000000
000010c40000000c00002000
000010c8000000016c6ad000
000010cc0000000000000000
000010d00000001300000000
000010d40000000000000000
000010d800000005fffff00d
000010dc0000000400000081
000010e00000000000000000
000010e40000000ed766d0e4
000010e800000010d0000000
000010ec0000000000000000
000010fc0000000200000000
000011000000000bffffffff
000011040000000100001108
0000110c0000000a00001108
000011100000000100001114
000011200000000b00001114
000011240000000100001128
000011340000000c00001128
00001138000000010000113c
000011480000000d0000113c
0000114c0000000100001150
0000115c0000000e00001150
000011600000000100001164
000011700000000f00001164
000011740000000100001178
000011840000001000001178
00001188000000010000118c
00001198000000110000118c
0000119c00000001000011a0
000011ac00000012000011a0
000011b000000001000011b4
000011c000000004ffffee87
000011c40000000000000000
000011b40000001400000000
000011b800000001000011a0
000011bc0000000000000000
000011a00000000800002200
000011a4000000010000118c
000011a80000000000000000
0000118c0000000700000001
000011900000000100001178
000011940000000000000000
000011780000001600000000
0000117c0000000100001164
000011800000000000000000
000011640000000200001100
000011680000000100001150
0000116c0000000000000000
000011500000000400000000
00001154000000010000113c
000011580000000000000000
0000113c0000000400000000
000011400000000100001128
000011440000000000000000
0000112800000017ffffee60
0000112c0000000100001114
000011300000000000000000
000011140000000000000000
000011180000000100001108
0000111c0000000000000000
000011080000000000000000
000011c80000001400000000
000011cc00000001ffffde6d
000011d00000000100000000
000011d400000001000011d8
000011dc0000000a000011d8
000011e000000001000011e4
000011f00000000b000011e4
000011f400000001000011f8
000012040000000c000011f8
00001208000000010000120c
000012180000000d0000120c
0000121c0000000100001220
0000122c0000000000000000
000012300000000000000000
0000122000000017fffff00d
00001224000000010000120c
000012280000000000000000
0000120c00000009fffff806
0000121000000001000011f8
000012140000000000000000
000011f80000000800000000
000011fc00000001000011e4
000012000000000000000000
000011e4000000170000120b
000011e800000001000011d8
000011ec0000000000000000
000011d80000000000000000
000012340000000d00000000
000012380000000000000000
0000123c0000001d00000002
0000124000000007e8257000
000012440000000f000011fc
000012480000001500000000
0000124c0000001d00000001
000012500000000000000000
0000124000000007e8257000
000012440000000f000011fc
000012480000001500000000
0000124c0000001d00000000
000012500000000000000000
000012540000001000000006
000012580000000000000000
0000125c0000001300000000
000012600000000800000005
000012640000001d00000002
000012680000001400000020
0000126c0000001d00000001
000012700000000000000000
000012680000001400000020
0000126c0000001d00000000
000012700000000000000000
000012740000000000000000
000012800000000000000000
000012840000000000000000
000012880000000000000000
0000128c0000000122d5128c
000012900000000169cc4290
000012940000000b0000000e
000012980000001000000000
0000129c00000001000012a0
000012a40000000a000012a0
000012a800000001000012ac
000012b80000000b000012ac
000012bc00000001000012c0
000012cc0000000c000012c0
000012d000000001000012d4
000012e00000000d000012d4
000012e400000001000012e8
000012f40000000e000012e8
000012f800000001000012fc
000013080000000f000012fc
0000130c0000000100001310
0000131c0000001000001310
000013200000000100001324
000013300000001100001324
000013340000000100001338
000013440000001200001338
00001348000000010000134c
00001358000000130000134c
0000135c0000000100001360
0000136c0000000300000001
000013700000000000000000
0000136000000015d1b1e000
00001364000000010000134c
000013680000000000000000
0000134c0000000600002000
000013500000000100001338
000013540000000000000000
0000133800000016d1b1dfff
0000133c0000000100001324
000013400000000000000000
000013240000001500000000
000013280000000100001310
0000132c0000000000000000
000013100000000700001000
0000131400000001000012fc
000013180000000000000000
000012fc0000001400000000
0000130000000001000012e8
000013040000000000000000
000012e800000002000000f3
000012ec00000001000012d4
000012f00000000000000000
000012d40000000900000000
000012d800000001000012c0
000012dc0000000000000000
000012c000000008e8000000
000012c400000001000012ac
000012c80000000000000000
000012ac0000000900000001
000012b000000001000012a0
000012b40000000000000000
000012a00000000000000000
000013740000000c00000006
000013780000000300001033
0000137c0000001100000000
000013800000000100001384
000013880000000a00001384
0000138c0000000100001390
0000139c0000000b00001390
000013a000000001000013a4
000013b00000000c000013a4
000013b400000001000013b8
000013c40000001400001391
000013c80000000000000000
000013b80000001500000000
000013bc00000001000013a4
000013c00000000000000000
000013a40000001500000000
000013a80000000100001390
000013ac0000000000000000
0000139000000003d1b1e000
000013940000000100001384
000013980000000000000000
000013840000000000000000
000013cc00000001000013d0
000013d40000000a000013d0
000013d800000001000013dc
000013e80000000b000013dc
000013ec00000001000013f0
000013fc0000000c000013f0
000014000000000100001404
000014100000000d00001404
000014140000000100001418
000014240000000e00001418
00001428000000010000142c
000014380000000f0000142c
0000143c0000000100001440
0000144c0000001000001440
000014500000000100001454
0000146000000006450ff000
000014640000000000000000
0000145400000006d1b1d7ff
000014580000000100001440
0000145c0000000000000000
0000144000000009a0e2c000
00001444000000010000142c
000014480000000000000000
0000142c0000000600000000
000014300000000100001418
000014340000000000000000
0000141800000005000017ff
0000141c0000000100001404
000014200000000000000000
000014040000001500000000
0000140800000001000013f0
0000140c0000000000000000
000013f000000003ffffffd1
000013f400000001000013dc
000013f80000000000000000
000013dc00000016000013dd
000013e000000001000013d0
000013e40000000000000000
000013d00000000000000000
000014680000000000000000
000014740000000000000000
000014780000000400000000
0000147c0000000000000000
000014900000000000000000
000014980000001d00000002
0000149c0000000f20000000
000014a00000000a10000000
000014a400000003f0001391
000014a80000000100000001
000014ac0000000affffdfff
000014b00000001d00000001
000014b40000000000000000
0000149c0000000f20000000
000014a00000000a10000000
000014a400000003f0001391
000014a80000000100000001
000014ac0000000affffdfff
000014b00000001d00000000
000014b40000000000000000
000014b800000010000009a6
000014bc0000000d00002006
000014c00000000f13267000
000014c400000013000013dd
000014c800000006dc823000
000014cc0000000f00002200
000014d00000001200000000
000014d40000000000000000
000014dc0000000000000000
000014e00000000000000000
000014e400000012ffffdfff
000014e800000017e8000000
000014ec000000012a7d04ec
000014f00000001c00000005
000014f40000001a00000001
000014f80000001a00000008
000014fc0000001b000014fc
000015000000001b00001504
000015040000000100001508
0000151000000019000000f6
000015140000000000000000
000015180000001c00000004
0000151c0000000000000000
000014f40000001a00000000
000014f80000001a00000000
000014fc0000001b000014fc
000015000000001b000014fc
000015040000000100001508
0000150800000019000000f7
0000150c0000000000000000
000015180000001c00000003
0000151c0000000000000000
000014f40000001a00000001
000014f80000001a00000008
000014fc0000001b000014fc
000015000000001b00001504
000015040000000100001508
0000151000000019000000fa
000015140000000000000000
000015180000001c00000002
0000151c0000000000000000
000014f40000001a00000000
000014f80000001a00000000
000014fc0000001b000014fc
000015000000001b000014fc
000015040000000100001508
0000150800000019000000fb
0000150c0000000000000000
000015180000001c00000001
0000151c0000000000000000
000014f40000001a00000001
000014f80000001a00000008
000014fc0000001b000014fc
000015000000001b00001504
000015040000000100001508
0000151000000019000000fe
000015140000000000000000
000015180000001c00000000
0000151c0000000000000000
000015200000000100001524
000015280000000a00001524
0000152c0000000100001530
0000153c0000000b00001530
000015400000000100001544
000015500000000c00001544
000015540000000100001558
000015640000000d00001558
00001568000000010000156c
000015780000000e0000156c
0000157c0000000100001580
0000158c0000000f00001580
000015900000000100001594
000015a000000006000004bf
000015a40000000000000000
000015940000000400000001
000015980000000100001580
0000159c0000000000000000
0000158000000007ffffffff
00001584000000010000156c
000015880000000000000000
0000156c0000000000000000
000015700000000100001558
000015740000000000000000
000015580000001680000000
0000155c0000000100001544
000015600000000000000000
000015440000000800000000
000015480000000100001530
0000154c0000000000000000
000015300000000500000001
000015340000000100001524
000015380000000000000000
000015240000000000000000
000015a80000000000000000
000015b80000000900000400
000015bc0000000000000000
000015c00000000000000000
000015d40000001d00000003
000015d80000000000000000
000015dc0000000b00000000
000015e00000000300000000
000015e40000001100000000
000015e80000001100000000
000015ec00000011000000fe
000015f00000001d00000002
000015f40000000000000000
000015d80000000000000000
000015dc0000000b00000000
000015e00000000300000000
000015e40000001100000000
000015e80000001100000000
000015ec00000011000000fe
000015f00000001d00000001
000015f40000000000000000
000015d80000000000000000
000015dc0000000b00000000
000015e00000000300000000
000015e40000001100000000
000015e80000001100000000
000015ec00000011000000fe
000015f00000001d00000000
000015f40000000000000000
000015f800000001000015fc
000016000000000a000015fc
000016040000000100001608
000016140000000b00001608
00001618000000010000161c
000016280000000c0000161c
0000162c0000000100001630
0000163c0000000d00001630
000016400000000100001644
000016500000000e00001644
000016540000000100001658
000016640000000f00001658
00001668000000010000166c
00001678000000100000166c
0000167c0000000100001680
0000168c00000002800001a8
000016900000000000000000
00001680000000031a3da000
00001684000000010000166c
000016880000000000000000
0000166c0000001700000002
000016700000000100001658
000016740000000000000000
000016580000001600001638
0000165c0000000100001644
000016600000000000000000
000016440000000900000200
000016480000000100001630
0000164c0000000000000000
000016300000000000000000
00001634000000010000161c
000016380000000000000000
0000161c0000000638000000
000016200000000100001608
000016240000000000000000
000016080000000300001609
0000160c00000001000015fc
000016100000000000000000
000015fc0000000000000000
000016940000001700000173
00001698000000010000169c
000016a00000000a0000169c
000016a400000001000016a8
000016b40000000b000016a8
000016b800000001000016bc
000016c80000000c000016bc
000016cc00000001000016d0
000016dc0000000d000016d0
000016e000000001000016e4
000016f00000000e000016e4
000016f400000001000016f8
000017040000000f000016f8
00001708000000010000170c
00001718000000100000170c
0000171c0000000100001720
0000172c0000001100001720
000017300000000100001734
000017400000001200001734
000017440000000100001748
000017540000001300001748
00001758000000010000175c
000017680000000700000000
0000176c0000000000000000
0000175c00000014e0000000
000017600000000100001748
000017640000000000000000
0000174800000015200000fe
0000174c0000000100001734
000017500000000000000000
0000173400000002000016d1
000017380000000100001720
0000173c0000000000000000
000017200000001400000001
00001724000000010000170c
000017280000000000000000
0000170c00000017ffffffff
0000171000000001000016f8
000017140000000000000000
000016f80000000000000000
000016fc00000001000016e4
000017000000000000000000
000016e40000000000000000
000016e800000001000016d0
000016ec0000000000000000
000016d000000014000016a8
000016d400000001000016bc
000016d80000000000000000
000016bc00000006000010df
000016c000000001000016a8
000016c40000000000000000
000016a800000016f196b6a8
000016ac000000010000169c
000016b00000000000000000
0000169c0000000000000000
000017700000001800000000
000017740000000000000000
0000177c0000000000000000
