000000000000001f00002000
000000040000001e00002000
000000080000001e00002200
0000000c0000000192477000
0000001000000001924770d3
000000140000000208578000
000000180000000208577eb1
0000001c000000036dcbb000
00000020000000036dcbac50
00000024000000047b893000
00000028000000047b89296c
0000002c0000000593fdd000
000000300000000593fdcab8
000000340000000603cc1000
000000380000000603cc0f27
0000003c0000000734c2e000
000000400000000734c2da80
0000004400000008766bb000
0000004800000008766bad07
0000004c00000009d035d000
0000005000000009d035d259
000000540000000a7dc5a000
000000580000000a7dc59a3a
0000005c0000000bd2d6c000
000000600000000bd2d6b877
000000640000000c470ba000
000000680000000c470b9805
0000006c0000000da74a0000
000000700000000da749f9c5
000000740000000ecf84b000
000000780000000ecf84b683
0000007c0000000f2904d000
000000800000000f2904cdef
000000840000001008ceb000
000000880000001008ceac39
0000008c00000011854a9000
0000009000000011854a9657
00000094000000127d764000
00000098000000127d763fb9
0000009c0000001353e8f000
000000a00000001353e8eb43
000000a400000014137a9000
000000a800000014137a9777
000000ac000000153fffd000
000000b0000000153fffc830
000000b400000016f3d07000
000000b800000016f3d06f86
000000bc00000017f3ebd000
000000c000000017f3ebcf12
000000c40000001800000002
000000c80000001d00000005
000000cc00000002ffffffff
000000d00000001608ceac3c
000000d40000001600000000
000000d80000001d00000004
000000dc0000000000000000
000000cc00000002ffffffff
000000d00000001608ceac3d
000000d40000001600000000
000000d80000001d00000003
000000dc0000000000000000
000000cc00000002ffffffff
000000d00000001608ceac3a
000000d40000001600000000
000000d80000001d00000002
000000dc0000000000000000
000000cc00000002ffffffff
000000d00000001608ceac3b
000000d40000001600000000
000000d80000001d00000001
000000dc0000000000000000
000000cc00000002ffffffff
000000d00000001608ceac38
000000d40000001600000000
000000d80000001d00000000
000000dc0000000000000000
000000e0000000015f6f60e8
000000e40000000877700000
000000e80000001c00000003
000000ec0000001a00000001
000000f00000001a00000008
000000f40000001b000000f4
000000f80000001b000000fc
000000fc0000000000000000
000001080000001900000003
0000010c0000000000000000
000001100000001c00000002
000001140000000000000000
000000ec0000001a00000000
000000f00000001a00000000
000000f40000001b000000f4
000000f80000001b000000f4
000000fc0000000000000000
000001000000001900000004
000001040000000000000000
000001100000001c00000001
000001140000000000000000
000000ec0000001a00000001
000000f00000001a00000008
000000f40000001b000000f4
000000f80000001b000000fc
000000fc0000000000000000
000001080000001900000007
0000010c0000000000000000
000001100000001c00000000
000001140000000000000000
000001180000000200000000
0000011c0000001c00000005
000001200000001a00000001
000001240000001a00000008
000001280000001b00000128
0000012c0000001b00000130
000001300000000000000000
0000013c000000190000000a
000001400000000000000000
000001440000001c00000004
000001480000000000000000
000001200000001a00000000
000001240000001a00000000
000001280000001b00000128
0000012c0000001b00000128
000001300000000000000000
00000134000000190000000b
000001380000000000000000
000001440000001c00000003
000001480000000000000000
000001200000001a00000001
000001240000001a00000008
000001280000001b00000128
0000012c0000001b00000130
000001300000000000000000
0000013c000000190000000e
000001400000000000000000
000001440000001c00000002
000001480000000000000000
000001200000001a00000000
000001240000001a00000000
000001280000001b00000128
0000012c0000001b00000128
000001300000000000000000
00000134000000190000000f
000001380000000000000000
000001440000001c00000001
000001480000000000000000
000001200000001a00000001
000001240000001a00000008
000001280000001b00000128
0000012c0000001b00000130
000001300000000000000000
0000013c0000001900000012
000001400000000000000000
000001440000001c00000000
000001480000000000000000
0000014c00000003ffe81ae9
000001500000001d00000004
000001540000000000000000
000001580000001d00000003
0000015c0000000000000000
000001540000000000000000
000001580000001d00000002
0000015c0000000000000000
000001540000000000000000
000001580000001d00000001
0000015c0000000000000000
000001540000000000000000
000001580000001d00000000
0000015c0000000000000000
0000016000000011e61462f7
0000016400000015fffffd2d
000001680000001700000000
0000016c000000102904c800
000001700000000f00000000
000001740000000f00000000
000001780000000400002000
0000017c0000001d00000003
000001800000000b00000000
000001840000001400000000
000001880000000a000004c0
0000018c0000001401440f21
000001900000001d00000002
000001940000000000000000
000001800000000b00000000
000001840000001400000000
000001880000000a000004c0
0000018c0000001401440f21
000001900000001d00000001
000001940000000000000000
000001800000000b00000000
000001840000001400000000
000001880000000a000004c0
0000018c0000001401440f21
000001900000001d00000000
000001940000000000000000
000001980000000d00000000
0000019c0000000400000000
000001a00000000c34c2da80
000001a400000001000001a8
000001ac0000000a000001a8
000001b000000001000001b4
000001c00000000b000001b4
000001c400000001000001c8
000001d40000000c000001c8
000001d800000001000001dc
000001e80000000d000001dc
000001ec00000001000001f0
000001fc0000000e000001f0
000002000000000100000204
000002100000000f00000204
000002140000000100000218
000002240000001000000218
00000228000000010000022c
00000238000000110000022c
0000023c0000000100000240
0000024c0000001200000240
000002500000000100000254
000002600000001300000254
000002640000000100000268
000002740000001500000000
000002780000000000000000
000002680000000500000000
0000026c0000000100000254
000002700000000000000000
0000025400000003a4000000
000002580000000100000240
0000025c0000000000000000
000002400000001500000001
00000244000000010000022c
000002480000000000000000
0000022c0000001500000025
000002300000000100000218
000002340000000000000000
000002180000000810c3d000
0000021c0000000100000204
000002200000000000000000
000002040000000900002200
0000020800000001000001f0
0000020c0000000000000000
000001f0000000097b8b7000
000001f400000001000001dc
000001f80000000000000000
000001dc0000000500000000
000001e000000001000001c8
000001e40000000000000000
000001c80000000200000218
000001cc00000001000001b4
000001d00000000000000000
000001b400000005d2ea31b4
000001b800000001000001a8
000001bc0000000000000000
000001a80000000000000000
0000027c0000001c00000004
000002800000001a00000000
000002840000001a00000000
000002880000001b00000288
0000028c0000001b00000288
000002900000000100000294
000002940000001900000013
000002980000000000000000
000002a40000001c00000003
000002a80000000000000000
000002800000001a00000001
000002840000001a00000008
000002880000001b00000288
0000028c0000001b00000290
000002900000000100000294
0000029c0000001900000016
000002a00000000000000000
000002a40000001c00000002
000002a80000000000000000
000002800000001a00000000
000002840000001a00000000
000002880000001b00000288
0000028c0000001b00000288
000002900000000100000294
000002940000001900000017
000002980000000000000000
000002a40000001c00000001
000002a80000000000000000
000002800000001a00000001
000002840000001a00000008
000002880000001b00000288
0000028c0000001b00000290
000002900000000100000294
0000029c000000190000001a
000002a00000000000000000
000002a40000001c00000000
000002a80000000000000000
000002ac0000000600000000
000002b000000001000002b4
000002b80000000a000002b4
000002bc00000001000002c0
000002cc0000000b000002c0
000002d000000001000002d4
000002e00000000c000002d4
000002e400000001000002e8
000002f40000000d000002e8
000002f800000001000002fc
000003080000000e000002fc
0000030c0000000100000310
0000031c0000000f00000310
000003200000000100000324
000003300000001000000324
000003340000000100000338
000003440000001100000338
00000348000000010000034c
000003580000000400000000
0000035c0000000000000000
0000034c000000087dddc000
000003500000000100000338
000003540000000000000000
0000033800000003fffffd40
0000033c0000000100000324
000003400000000000000000
000003240000000400000001
000003280000000100000310
0000032c0000000000000000
000003100000000000000000
0000031400000001000002fc
000003180000000000000000
000002fc0000000300000001
0000030000000001000002e8
000003040000000000000000
000002e80000001500000000
000002ec00000001000002d4
000002f00000000000000000
000002d400000009fc6c3000
000002d800000001000002c0
000002dc0000000000000000
000002c000000007fa5d4636
000002c400000001000002b4
000002c80000000000000000
000002b40000000000000000
000003600000001c00000003
000003640000001a00000001
000003680000001a00000008
0000036c0000001b0000036c
000003700000001b00000374
000003740000000100000378
00000380000000190000001d
000003840000000000000000
000003880000001c00000002
0000038c0000000000000000
000003640000001a00000000
000003680000001a00000000
0000036c0000001b0000036c
000003700000001b0000036c
000003740000000100000378
00000378000000190000001e
0000037c0000000000000000
000003880000001c00000001
0000038c0000000000000000
000003640000001a00000001
000003680000001a00000008
0000036c0000001b0000036c
000003700000001b00000374
000003740000000100000378
000003800000001900000021
000003840000000000000000
000003880000001c00000000
0000038c0000000000000000
000003900000001500000021
000003940000000e95000000
000003980000001c00000005
0000039c0000001a00000001
000003a00000001a00000008
000003a40000001b000003a4
000003a80000001b000003ac
000003ac00000001000003b0
000003b80000001900000024
000003bc0000000000000000
000003c00000001c00000004
000003c40000000000000000
0000039c0000001a00000000
000003a00000001a00000000
000003a40000001b000003a4
000003a80000001b000003a4
000003ac00000001000003b0
000003b00000001900000025
000003b40000000000000000
000003c00000001c00000003
000003c40000000000000000
0000039c0000001a00000001
000003a00000001a00000008
000003a40000001b000003a4
000003a80000001b000003ac
000003ac00000001000003b0
000003b80000001900000028
000003bc0000000000000000
000003c00000001c00000002
000003c40000000000000000
0000039c0000001a00000000
000003a00000001a00000000
000003a40000001b000003a4
000003a80000001b000003a4
000003ac00000001000003b0
000003b00000001900000029
000003b40000000000000000
000003c00000001c00000001
000003c40000000000000000
0000039c0000001a00000001
000003a00000001a00000008
000003a40000001b000003a4
000003a80000001b000003ac
000003ac00000001000003b0
000003b8000000190000002c
000003bc0000000000000000
000003c00000001c00000000
000003c40000000000000000
000003c800000012ffffff53
000003cc000000100000035f
000003d000000014ffffffff
000003d4000000020000019b
000003d80000000e5bc1c000
000003dc0000001000000104
000003e000000008ffffffff
000003e40000001400080000
000003e800000002000002c0
000003ec0000000000000000
000003f00000000600000000
000003f40000000200000002
000003f80000000300000000
000003fc0000000100000400
000004040000000a00000400
00000408000000010000040c
000004180000000b0000040c
0000041c0000000100000420
0000042c0000000c00000420
000004300000000100000434
000004400000000d00000434
000004440000000100000448
000004540000000600000000
000004580000000000000000
000004480000000400000000
0000044c0000000100000434
000004500000000000000000
000004340000001400000434
000004380000000100000420
0000043c0000000000000000
000004200000001500000000
00000424000000010000040c
000004280000000000000000
0000040c0000000400000000
000004100000000100000400
000004140000000000000000
000004000000000000000000
0000045c0000001400000001
000004600000000000000000
0000046c0000001600000000
000004700000000100000474
000004780000000000000000
0000047c0000000000000000
000004740000000000000000
000004800000000c00000001
000004840000001d00000005
000004880000001200000001
0000048c0000001430d2648c
0000049000000003ffffffff
000004940000000000000000
000004980000001d00000004
0000049c0000000000000000
000004880000001200000001
0000048c0000001430d2648c
0000049000000003ffffffff
000004940000000000000000
000004980000001d00000003
0000049c0000000000000000
000004880000001200000001
0000048c0000001430d2648c
0000049000000003ffffffff
000004940000000000000000
000004980000001d00000002
0000049c0000000000000000
000004880000001200000001
0000048c0000001430d2648c
0000049000000003ffffffff
000004940000000000000000
000004980000001d00000001
0000049c0000000000000000
000004880000001200000001
0000048c0000001430d2648c
0000049000000003ffffffff
000004940000000000000000
000004980000001d00000000
0000049c0000000000000000
000004a00000000000000000
000004ac00000001000004b0
000004b40000000a000004b0
000004b800000001000004bc
000004c80000000000000000
000004cc0000000000000000
000004bc0000000800000000
000004c000000001000004b0
000004c40000000000000000
000004b00000000000000000
000004d000000001000004d4
000004d80000000a000004d4
000004dc00000001000004e0
000004ec0000001600000000
000004f00000000000000000
000004e00000000800000000
000004e400000001000004d4
000004e80000000000000000
000004d40000000000000000
000004f400000008000027ff
000004f80000000f00000000
000004fc0000000cfffffcd4
000005000000000a000004d4
000005040000001100000000
000005080000000c00000000
0000050c0000000500000000
000005100000000e00000000
000005140000000000000000
000005240000000700000000
000005280000000000000000
0000052c0000001d00000002
000005300000001400000000
000005340000001700000000
000005380000001700000000
0000053c0000000300000001
00000540000000100000260c
000005440000000f00000000
000005480000001d00000001
0000054c0000000000000000
000005300000001400000000
000005340000001700000000
000005380000001700000000
0000053c0000000300000001
00000540000000100000260c
000005440000000f00000000
000005480000001d00000000
0000054c0000000000000000
000005500000000300000000
0000055400000005000007ff
000005580000000d000004d4
0000055c0000000600000000
000005600000000100000564
000005680000000900000002
0000056c0000000000000000
000005640000000000000000
000005700000000a00000000
000005740000000900010000
000005780000000000000000
0000057c0000000600000000
0000058000000001ffffffff
000005840000000700000000
000005880000001200000000
0000058c0000000900000000
000005900000001d00000005
000005940000000f00000001
000005980000000effffffff
0000059c0000001d00000004
000005a00000000000000000
000005940000000f00000000
000005980000000effffffff
0000059c0000001d00000003
000005a00000000000000000
000005940000000f00000001
000005980000000effffffff
0000059c0000001d00000002
000005a00000000000000000
000005940000000f00000000
000005980000000effffffff
0000059c0000001d00000001
000005a00000000000000000
000005940000000f00000001
000005980000000effffffff
0000059c0000001d00000000
000005a00000000000000000
000005a40000001200000000
000005a80000000dffffffff
000005ac0000000b000007ff
000005b000000006fffff800
000005b40000001300000000
000005b800000002000005ff
000005bc00000011fffff99d
000005c00000000600000000
000005c40000000000000000
000005c80000001300000000
000005cc0000001400000000
000005d00000001300000000
000005d40000000200000001
000005d80000000000000000
000005dc0000001c00000005
000005e00000001a00000001
000005e40000001a00000008
000005e80000001b000005e8
000005ec0000001b000005f0
000005f000000001000005f4
000005fc000000190000002f
000006000000000000000000
000006040000001c00000004
000006080000000000000000
000005e00000001a00000000
000005e40000001a00000000
000005e80000001b000005e8
000005ec0000001b000005e8
000005f000000001000005f4
000005f40000001900000030
000005f80000000000000000
000006040000001c00000003
000006080000000000000000
000005e00000001a00000001
000005e40000001a00000008
000005e80000001b000005e8
000005ec0000001b000005f0
000005f000000001000005f4
000005fc0000001900000033
000006000000000000000000
000006040000001c00000002
000006080000000000000000
000005e00000001a00000000
000005e40000001a00000000
000005e80000001b000005e8
000005ec0000001b000005e8
000005f000000001000005f4
000005f40000001900000034
000005f80000000000000000
000006040000001c00000001
000006080000000000000000
000005e00000001a00000001
000005e40000001a00000008
000005e80000001b000005e8
000005ec0000001b000005f0
000005f000000001000005f4
000005fc0000001900000037
000006000000000000000000
000006040000001c00000000
000006080000000000000000
0000060c0000000500000000
000006100000000a79aac610
000006140000000200002200
000006180000001100000001
0000061c0000000800000008
000006200000000100000624
000006280000000000000000
0000062c0000000000000000
000006240000000000000000
000006300000000d00000000
000006340000001c00000005
000006380000001a00000001
0000063c0000001a00000008
000006400000001b00000640
000006440000001b00000648
00000648000000010000064c
00000654000000190000003a
000006580000000000000000
0000065c0000001c00000004
000006600000000000000000
000006380000001a00000000
0000063c0000001a00000000
000006400000001b00000640
000006440000001b00000640
00000648000000010000064c
0000064c000000190000003b
000006500000000000000000
0000065c0000001c00000003
000006600000000000000000
000006380000001a00000001
0000063c0000001a00000008
000006400000001b00000640
000006440000001b00000648
00000648000000010000064c
00000654000000190000003e
000006580000000000000000
0000065c0000001c00000002
000006600000000000000000
000006380000001a00000000
0000063c0000001a00000000
000006400000001b00000640
000006440000001b00000640
00000648000000010000064c
0000064c000000190000003f
000006500000000000000000
0000065c0000001c00000001
000006600000000000000000
000006380000001a00000001
0000063c0000001a00000008
000006400000001b00000640
000006440000001b00000648
00000648000000010000064c
000006540000001900000042
000006580000000000000000
0000065c0000001c00000000
000006600000000000000000
000006640000001c00000005
000006680000001a00000001
0000066c0000001a00000008
000006700000001b00000670
000006740000001b00000678
000006780000000000000000
000006840000001900000045
000006880000000000000000
0000068c0000001c00000004
000006900000000000000000
000006680000001a00000000
0000066c0000001a00000000
000006700000001b00000670
000006740000001b00000670
000006780000000000000000
0000067c0000001900000046
000006800000000000000000
0000068c0000001c00000003
000006900000000000000000
000006680000001a00000001
0000066c0000001a00000008
000006700000001b00000670
000006740000001b00000678
000006780000000000000000
000006840000001900000049
000006880000000000000000
0000068c0000001c00000002
000006900000000000000000
000006680000001a00000000
0000066c0000001a00000000
000006700000001b00000670
000006740000001b00000670
000006780000000000000000
0000067c000000190000004a
000006800000000000000000
0000068c0000001c00000001
000006900000000000000000
000006680000001a00000001
0000066c0000001a00000008
000006700000001b00000670
000006740000001b00000678
000006780000000000000000
00000684000000190000004d
000006880000000000000000
0000068c0000001c00000000
000006900000000000000000
000006940000001300000000
000006980000001000000000
0000069c00000001000006a0
000006a400000014b67e8000
000006a80000000000000000
000006a00000000000000000
000006ac00000005000006a1
000006b00000001600000002
000006b40000000000000000
000006b80000000400000000
000006bc0000001300000000
000006c00000000cffffffff
000006c40000001d00000003
000006c80000001400000000
000006cc0000001700000000
000006d00000001300000000
000006d40000001400000001
000006d80000001000000001
000006dc0000000ee54cd000
000006e00000001d00000002
000006e40000000000000000
000006c80000001400000000
000006cc0000001700000000
000006d00000001300000000
000006d40000001400000001
000006d80000001000000001
000006dc0000000ee54cd000
000006e00000001d00000001
000006e40000000000000000
000006c80000001400000000
000006cc0000001700000000
000006d00000001300000000
000006d40000001400000001
000006d80000001000000001
000006dc0000000ee54cd000
000006e00000001d00000000
000006e40000000000000000
000006e80000000a004d0000
000006ec0000000d00000001
000006f000000002fffff808
000006f40000000200000000
000006f80000000000000000
000006fc0000000000000000
000007000000000000000000
0000070c00000006ffffffff
0000071000000010004d0000
000007140000001500000000
000007180000000000000000
0000071c00000017a5aa171c
000007200000000400000001
000007240000000f00000000
000007280000001c00000003
0000072c0000001a00000001
000007300000001a00000008
000007340000001b00000734
000007380000001b0000073c
0000073c0000000000000000
000007480000001900000050
0000074c0000000000000000
000007500000001c00000002
000007540000000000000000
0000072c0000001a00000000
000007300000001a00000000
000007340000001b00000734
000007380000001b00000734
0000073c0000000000000000
000007400000001900000051
000007440000000000000000
000007500000001c00000001
000007540000000000000000
0000072c0000001a00000001
000007300000001a00000008
000007340000001b00000734
000007380000001b0000073c
0000073c0000000000000000
000007480000001900000054
0000074c0000000000000000
000007500000001c00000000
000007540000000000000000
000007580000001d00000004
0000075c00000007a5aa171c
000007600000001d00000003
000007640000000000000000
0000075c0000000700000000
000007600000001d00000002
000007640000000000000000
0000075c00000007a5aa171c
000007600000001d00000001
000007640000000000000000
0000075c0000000700000000
000007600000001d00000000
000007640000000000000000
000007680000001200000000
0000076c0000001c00000005
000007700000001a00000001
000007740000001a00000008
000007780000001b00000778
0000077c0000001b00000780
000007800000000100000784
0000078c0000001900000057
000007900000000000000000
000007940000001c00000004
000007980000000000000000
000007700000001a00000000
000007740000001a00000000
000007780000001b00000778
0000077c0000001b00000778
000007800000000100000784
000007840000001900000058
000007880000000000000000
000007940000001c00000003
000007980000000000000000
000007700000001a00000001
000007740000001a00000008
000007780000001b00000778
0000077c0000001b00000780
000007800000000100000784
0000078c000000190000005b
000007900000000000000000
000007940000001c00000002
000007980000000000000000
000007700000001a00000000
000007740000001a00000000
000007780000001b00000778
0000077c0000001b00000778
000007800000000100000784
00000784000000190000005c
000007880000000000000000
000007940000001c00000001
000007980000000000000000
000007700000001a00000001
000007740000001a00000008
000007780000001b00000778
0000077c0000001b00000780
000007800000000100000784
0000078c000000190000005f
000007900000000000000000
000007940000001c00000000
000007980000000000000000
0000079c0000000000000000
000007a00000000000000000
000007a40000000c00000000
000007a80000000265fa0000
000007ac0000001700000000
000007b00000001c00000003
000007b40000001a00000001
000007b80000001a00000008
000007bc0000001b000007bc
000007c00000001b000007c4
000007c40000000000000000
000007d00000001900000062
000007d40000000000000000
000007d80000001c00000002
000007dc0000000000000000
000007b40000001a00000000
000007b80000001a00000000
000007bc0000001b000007bc
000007c00000001b000007bc
000007c40000000000000000
000007c80000001900000063
000007cc0000000000000000
000007d80000001c00000001
000007dc0000000000000000
000007b40000001a00000001
000007b80000001a00000008
000007bc0000001b000007bc
000007c00000001b000007c4
000007c40000000000000000
000007d00000001900000066
000007d40000000000000000
000007d80000001c00000000
000007dc0000000000000000
000007e00000000600000000
000007e40000000c42000000
000007e80000000e00000000
000007ec0000001300000001
000007f000000001000007f4
000007f80000000a000007f4
000007fc0000000100000800
0000080c0000001500000000
000008100000000000000000
0000080000000006ffffffff
0000080400000001000007f4
000008080000000000000000
000007f40000000000000000
000008140000000e00000000
000008180000000000000000
0000081c0000000200000000
000008200000001100000001
000008240000001057dbb000
000008280000001700000848
0000082c0000001400000000
0000083000000015fffffa1b
000008340000001000000001
000008380000000000000000
0000083c0000000100000840
000008440000000a00000840
00000848000000010000084c
000008580000000b0000084c
0000085c0000000100000860
0000086c0000000c00000860
000008700000000100000874
000008800000000d00000874
000008840000000100000888
000008940000000e00000888
00000898000000010000089c
000008a80000000800000000
000008ac0000000000000000
0000089c0000000000000000
000008a00000000100000888
000008a40000000000000000
000008880000000800000066
0000088c0000000100000874
000008900000000000000000
000008740000001557a75874
000008780000000100000860
0000087c0000000000000000
000008600000000800000861
00000864000000010000084c
000008680000000000000000
0000084c0000000900000007
000008500000000100000840
000008540000000000000000
000008400000000000000000
000008b00000001d00000004
000008b40000000000000000
000008b80000000800000000
000008bc000000029f0328bc
000008c00000000300000807
000008c40000000400000847
000008c80000001d00000003
000008cc0000000000000000
000008b40000000000000000
000008b80000000800000000
000008bc000000029f0328bc
000008c00000000300000807
000008c40000000400000847
000008c80000001d00000002
000008cc0000000000000000
000008b40000000000000000
000008b80000000800000000
000008bc000000029f0328bc
000008c00000000300000807
000008c40000000400000847
000008c80000001d00000001
000008cc0000000000000000
000008b40000000000000000
000008b80000000800000000
000008bc000000029f0328bc
000008c00000000300000807
000008c40000000400000847
000008c80000001d00000000
000008cc0000000000000000
000008d00000001200000000
000008d40000001400000000
000008d80000001c00000004
000008dc0000001a00000000
000008e00000001a00000000
000008e40000001b000008e4
000008e80000001b000008e4
000008ec00000001000008f0
000008f00000001900000067
000008f40000000000000000
000009000000001c00000003
000009040000000000000000
000008dc0000001a00000001
000008e00000001a00000008
000008e40000001b000008e4
000008e80000001b000008ec
000008ec00000001000008f0
000008f8000000190000006a
000008fc0000000000000000
000009000000001c00000002
000009040000000000000000
000008dc0000001a00000000
000008e00000001a00000000
000008e40000001b000008e4
000008e80000001b000008e4
000008ec00000001000008f0
000008f0000000190000006b
000008f40000000000000000
000009000000001c00000001
000009040000000000000000
000008dc0000001a00000001
000008e00000001a00000008
000008e40000001b000008e4
000008e80000001b000008ec
000008ec00000001000008f0
000008f8000000190000006e
000008fc0000000000000000
000009000000001c00000000
000009040000000000000000
000009080000001200000033
0000090c0000000100000910
000009140000000a00000910
00000918000000010000091c
000009280000000b0000091c
0000092c0000000100000930
0000093c00000002ffffffff
000009400000000000000000
000009300000000900000000
00000934000000010000091c
000009380000000000000000
0000091c0000000300000000
000009200000000100000910
000009240000000000000000
000009100000000000000000
000009440000000aeab50000
0000094800000016fffffffc
0000094c0000000e00000fbd
000009500000000f00000000
00000954000000160000006e
00000958000000119c13b958
0000095c0000000f0000091d
000009600000000000000000
000009640000000200000008
000009680000000000000000
0000096c0000001200000001
000009700000001201382772
000009740000001d00000003
000009780000000e00000000
0000097c0000000d00000910
0000098000000011000004ae
0000098400000002000006a1
000009880000001000423800
0000098c0000001d00000002
000009900000000000000000
000009780000000e00000000
0000097c0000000d00000910
0000098000000011000006af
0000098400000002000006a1
000009880000001000423800
0000098c0000001d00000001
000009900000000000000000
000009780000000e00000000
0000097c0000000d00000910
0000098000000011000006af
0000098400000002000006a1
000009880000001000423800
0000098c0000001d00000000
000009900000000000000000
000009940000001d00000006
000009980000000000000000
0000099c0000000bffffffff
000009a00000000b00000000
000009a40000001100000000
000009a80000001400000000
000009ac0000001d00000005
000009b00000000000000000
000009980000000000000000
0000099c0000000bffffffff
000009a00000000b00000000
000009a40000001100000000
000009a80000001400000000
000009ac0000001d00000004
000009b00000000000000000
000009980000000000000000
0000099c0000000bffffffff
000009a00000000b00000000
000009a40000001100000000
000009a80000001400000000
000009ac0000001d00000003
000009b00000000000000000
000009980000000000000000
0000099c0000000bffffffff
000009a00000000b00000000
000009a40000001100000000
000009a80000001400000000
000009ac0000001d00000002
000009b00000000000000000
000009980000000000000000
0000099c0000000bffffffff
000009a00000000b00000000
000009a40000001100000000
000009a80000001400000000
000009ac0000001d00000001
000009b00000000000000000
000009980000000000000000
0000099c0000000bffffffff
000009a00000000b00000000
000009a40000001100000000
000009a80000001400000000
000009ac0000001d00000000
000009b00000000000000000
000009b40000000000000000
000009b80000001100000000
000009bc0000001d00000004
000009c000000001adb1f9c0
000009c400000008000000ec
000009c80000000c00000000
000009cc0000000300004e09
000009d00000001d00000003
000009d40000000000000000
000009c000000001adb1f9c0
000009c400000008000000ec
000009c80000000c00004e09
000009cc0000000300004e09
000009d00000001d00000002
000009d40000000000000000
000009c000000001adb1f9c0
000009c400000008000000ec
000009c80000000c00004e09
000009cc0000000300004e09
000009d00000001d00000001
000009d40000000000000000
000009c000000001adb1f9c0
000009c400000008000000ec
000009c80000000c00004e09
000009cc0000000300004e09
000009d00000001d00000000
000009d40000000000000000
000009d80000000700000000
000009dc0000001701382772
000009e000000014eab50001
000009e400000001000006a1
000009e80000001c00000004
000009ec0000001a00000000
000009f00000001a00000000
000009f40000001b000009f4
000009f80000001b000009f4
000009fc0000000100000a00
00000a00000000190000006f
00000a040000000000000000
00000a100000001c00000003
00000a140000000000000000
000009ec0000001a00000001
000009f00000001a00000008
000009f40000001b000009f4
000009f80000001b000009fc
000009fc0000000100000a00
00000a080000001900000072
00000a0c0000000000000000
00000a100000001c00000002
00000a140000000000000000
000009ec0000001a00000000
000009f00000001a00000000
000009f40000001b000009f4
000009f80000001b000009f4
000009fc0000000100000a00
00000a000000001900000073
00000a040000000000000000
00000a100000001c00000001
00000a140000000000000000
000009ec0000001a00000001
000009f00000001a00000008
000009f40000001b000009f4
000009f80000001b000009fc
000009fc0000000100000a00
00000a080000001900000076
00000a0c0000000000000000
00000a100000001c00000000
00000a140000000000000000
00000a180000000000000000
00000a2000000013eab50001
00000a2400000012000006a1
00000a280000000000000000
00000a3c0000001000000001
00000a400000000357a75ed5
00000a440000000100000a48
00000a4c0000000a00000a48
00000a500000000100000a54
00000a600000000b00000a54
00000a640000000100000a68
00000a740000000c00000a68
00000a780000000100000a7c
00000a880000000d00000a7c
00000a8c0000000100000a90
00000a9c0000000e00000a90
00000aa00000000100000aa4
00000ab000000015fffff874
00000ab40000000000000000
00000aa40000000600000aa6
00000aa80000000100000a90
00000aac0000000000000000
00000a900000001500000a54
00000a940000000100000a7c
00000a980000000000000000
00000a7c00000017a2a88000
00000a800000000100000a68
00000a840000000000000000
00000a6800000017a2a880ec
00000a6c0000000100000a54
00000a700000000000000000
00000a5400000002fffffea1
00000a580000000100000a48
00000a5c0000000000000000
00000a480000000000000000
00000ab80000000000000000
00000abc0000001300000000
00000ac000000013a2a878ec
00000ac40000000000000000
00000ac80000001700000000
00000acc0000000000000000
00000ad80000001200000001
00000adc0000001200000000
00000ae00000000500000a90
00000ae4000000179a9b2ae4
00000ae80000000400000000
00000aec0000000000000000
00000af40000000ffffff570
00000af80000000000000000
00000b0800000006ffffdfff
00000b0c0000000c00000000
00000b100000000000000000
00000b240000001d00000002
00000b2800000002236f3000
00000b2c0000000000000000
00000b300000000000000000
00000b3400000002fffffa94
00000b380000000b00000a90
00000b3c0000001700000000
00000b400000001d00000001
00000b440000000000000000
00000b2800000002236f3000
00000b2c0000000000000000
00000b300000000000000000
00000b3400000002fffffa94
00000b380000000b00000a90
00000b3c0000001700000000
00000b400000001d00000000
00000b440000000000000000
00000b48000000103c721b48
00000b4c00000001ffffffff
00000b500000001200000a90
00000b540000000100000b58
00000b5c0000000a00000b58
00000b600000000100000b64
00000b700000000b00000b64
00000b740000000100000b78
00000b840000000c00000b78
00000b880000000100000b8c
00000b980000000d00000b8c
00000b9c0000000100000ba0
00000bac0000000e00000ba0
00000bb00000000100000bb4
00000bc00000000f00000bb4
00000bc40000000100000bc8
00000bd40000001000000bc8
00000bd80000000100000bdc
00000be80000001100000bdc
00000bec0000000100000bf0
00000bfc0000000500000001
00000c000000000000000000
00000bf00000001700000000
00000bf40000000100000bdc
00000bf80000000000000000
00000bdc0000000400000000
00000be00000000100000bc8
00000be40000000000000000
00000bc80000000865f13bc8
00000bcc0000000100000bb4
00000bd00000000000000000
00000bb40000000260000000
00000bb80000000100000ba0
00000bbc0000000000000000
00000ba00000000800000000
00000ba40000000100000b8c
00000ba80000000000000000
00000b8c0000000500000000
00000b900000000100000b78
00000b940000000000000000
00000b7800000008d9cd4b78
00000b7c0000000100000b64
00000b800000000000000000
00000b640000001757a75eff
00000b680000000100000b58
00000b6c0000000000000000
00000b580000000000000000
00000c040000000100000c08
00000c0c0000000a00000c08
00000c100000000100000c14
00000c200000000b00000c14
00000c240000000100000c28
00000c340000000c00000c28
00000c380000000100000c3c
00000c480000000d00000c3c
00000c4c0000000100000c50
00000c5c0000000e00000c50
00000c600000000100000c64
00000c700000000f00000c64
00000c740000000100000c78
00000c840000001000000c78
00000c880000000100000c8c
00000c980000001100000c8c
00000c9c0000000100000ca0
00000cac000000077522c000
00000cb00000000000000000
00000ca00000001400000000
00000ca40000000100000c8c
00000ca80000000000000000
00000c8c0000000331114c8c
00000c900000000100000c78
00000c940000000000000000
00000c780000000660000000
00000c7c0000000100000c64
00000c800000000000000000
00000c640000000900000000
00000c680000000100000c50
00000c6c0000000000000000
00000c50000000158225ec79
00000c540000000100000c3c
00000c580000000000000000
00000c3c0000000000000000
00000c400000000100000c28
00000c440000000000000000
00000c280000000500000000
00000c2c0000000100000c14
00000c300000000000000000
00000c140000000000000000
00000c180000000100000c08
00000c1c0000000000000000
00000c080000000000000000
00000cb40000000c00000001
00000cb80000000c37a75eff
00000cbc0000000100000cc0
00000cc40000000a00000cc0
00000cc80000000100000ccc
00000cd80000000700000c52
00000cdc0000000000000000
00000ccc00000015000029fc
00000cd00000000100000cc0
00000cd40000000000000000
00000cc00000000000000000
00000ce00000001d00000004
00000ce40000000300000000
00000ce80000000300000000
00000cec0000000da2450cec
00000cf00000000600000c8c
00000cf40000000f00000000
00000cf80000000a00000cf8
00000cfc0000001d00000003
00000d000000000000000000
00000ce40000000300000000
00000ce80000000300000000
00000cec0000000da2450cec
00000cf00000000600000c8c
00000cf40000000f00000000
00000cf80000000a00000cf8
00000cfc0000001d00000002
00000d000000000000000000
00000ce40000000300000000
00000ce80000000300000000
00000cec0000000da2450cec
00000cf00000000600000c8c
00000cf40000000f00000000
00000cf80000000a00000cf8
00000cfc0000001d00000001
00000d000000000000000000
00000ce40000000300000000
00000ce80000000300000000
00000cec0000000da2450cec
00000cf00000000600000c8c
00000cf40000000f00000000
00000cf80000000a00000cf8
00000cfc0000001d00000000
00000d000000000000000000
00000d040000001c00000003
00000d080000001a00000001
00000d0c0000001a00000008
00000d100000001b00000d10
00000d140000001b00000d18
00000d180000000000000000
00000d240000001900000079
00000d280000000000000000
00000d2c0000001c00000002
00000d300000000000000000
00000d080000001a00000000
00000d0c0000001a00000000
00000d100000001b00000d10
00000d140000001b00000d10
00000d180000000000000000
00000d1c000000190000007a
00000d200000000000000000
00000d2c0000001c00000001
00000d300000000000000000
00000d080000001a00000001
00000d0c0000001a00000008
00000d100000001b00000d10
00000d140000001b00000d18
00000d180000000000000000
00000d24000000190000007d
00000d280000000000000000
00000d2c0000001c00000000
00000d300000000000000000
00000d340000001000000000
00000d380000000800000000
00000d3c0000000800000000
00000d400000000200000000
00000d440000000400000000
00000d480000000100000d4c
00000d500000000a00000d4c
00000d540000000100000d58
00000d640000000b00000d58
00000d680000000100000d6c
00000d780000000c00000d6c
00000d7c0000000100000d80
00000d8c0000000d00000d80
00000d900000000100000d94
00000da00000000200000c0c
00000da40000000000000000
00000d940000000200002800
00000d980000000100000d80
00000d9c0000000000000000
00000d800000000600000001
00000d840000000100000d6c
00000d880000000000000000
00000d6c0000000800000001
00000d700000000100000d58
00000d740000000000000000
00000d580000001400002e50
00000d5c0000000100000d4c
00000d600000000000000000
00000d4c0000000000000000
00000da80000000800000001
00000dac00000013000029ff
00000db00000001500000c8c
00000db40000000100000db8
00000dbc0000000a00000db8
00000dc00000000100000dc4
00000dd00000000b00000dc4
00000dd40000000100000dd8
00000de40000000700000c8c
00000de80000000000000000
00000dd80000000000000000
00000ddc0000000100000dc4
00000de00000000000000000
00000dc4000000147b44c000
00000dc80000000100000db8
00000dcc0000000000000000
00000db80000000000000000
00000dec00000013c0000000
00000df00000000000000000
00000df40000000000000000
00000df80000001400000000
00000dfc0000000b00000000
00000e00000000090af4ebdf
00000e040000001200000001
00000e080000000700000000
00000e0c0000000600000001
00000e100000001d00000005
00000e1400000016a94b4000
00000e18000000150000068c
00000e1c0000001d00000004
00000e200000000000000000
00000e1400000016a94b4000
00000e18000000150000068c
00000e1c0000001d00000003
00000e200000000000000000
00000e1400000016a94b4000
00000e18000000150000068c
00000e1c0000001d00000002
00000e200000000000000000
00000e1400000016a94b4000
00000e18000000150000068c
00000e1c0000001d00000001
00000e200000000000000000
00000e1400000016a94b4000
00000e18000000150000068c
00000e1c0000001d00000000
00000e200000000000000000
00000e240000001500000002
00000e280000000800000000
00000e2c000000050af4ebe7
00000e300000001000000000
00000e340000000100000001
00000e380000001d00000006
00000e3c0000000000000000
00000e400000001200000000
00000e440000001500000000
00000e480000000c00000001
00000e4c0000000300000000
00000e500000001000002206
00000e540000001d00000005
00000e580000000000000000
00000e3c0000000000000000
00000e400000001200000000
00000e440000001500000000
00000e480000000c00000001
00000e4c0000000300000000
00000e500000001000002205
00000e540000001d00000004
00000e580000000000000000
00000e3c0000000000000000
00000e400000001200000000
00000e440000001500000000
00000e480000000c00000001
00000e4c0000000300000000
00000e500000001000002204
00000e540000001d00000003
00000e580000000000000000
00000e3c0000000000000000
00000e400000001200000000
00000e440000001500000000
00000e480000000c00000001
00000e4c0000000300000000
00000e500000001000002203
00000e540000001d00000002
00000e580000000000000000
00000e3c0000000000000000
00000e400000001200000000
00000e440000001500000000
00000e480000000c00000001
00000e4c0000000300000000
00000e500000001000002202
00000e540000001d00000001
00000e580000000000000000
00000e3c0000000000000000
00000e400000001200000000
00000e440000001500000000
00000e480000000c00000001
00000e4c0000000300000000
00000e500000001000002201
00000e540000001d00000000
00000e580000000000000000
00000e5c0000000000000000
00000e600000001300000001
00000e640000000800000001
00000e680000001500000000
00000e6c0000000300000200
00000e7000000001fffff801
00000e740000000200000001
00000e78000000169c02c000
00000e7c0000000100000e80
00000e840000000a00000e80
00000e880000000100000e8c
00000e980000000b00000e8c
00000e9c0000000100000ea0
00000eac0000000c00000ea0
00000eb00000000100000eb4
00000ec00000000d00000eb4
00000ec40000000100000ec8
00000ed40000000300000000
00000ed80000000000000000
00000ec8000000058c000000
00000ecc0000000100000eb4
00000ed00000000000000000
00000eb400000014000007ff
00000eb80000000100000ea0
00000ebc0000000000000000
00000ea00000001500000000
00000ea40000000100000e8c
00000ea80000000000000000
00000e8c0000000400000ea0
00000e900000000100000e80
00000e940000000000000000
00000e800000000000000000
00000edc0000000000000000
00000ee00000001c00000004
00000ee40000001a00000000
00000ee80000001a00000000
00000eec0000001b00000eec
00000ef00000001b00000eec
00000ef40000000100000ef8
00000ef8000000190000007e
00000efc0000000000000000
00000f080000001c00000003
00000f0c0000000000000000
00000ee40000001a00000001
00000ee80000001a00000008
00000eec0000001b00000eec
00000ef00000001b00000ef4
00000ef40000000100000ef8
00000f000000001900000081
00000f040000000000000000
00000f080000001c00000002
00000f0c0000000000000000
00000ee40000001a00000000
00000ee80000001a00000000
00000eec0000001b00000eec
00000ef00000001b00000eec
00000ef40000000100000ef8
00000ef80000001900000082
00000efc0000000000000000
00000f080000001c00000001
00000f0c0000000000000000
00000ee40000001a00000001
00000ee80000001a00000008
00000eec0000001b00000eec
00000ef00000001b00000ef4
00000ef40000000100000ef8
00000f000000001900000085
00000f040000000000000000
00000f080000001c00000000
00000f0c0000000000000000
00000f100000000600000000
00000f140000000000000000
00000f280000000100000f2c
00000f300000000a00000f2c
00000f340000000100000f38
00000f440000000b00000f38
00000f480000000100000f4c
00000f580000000c00000f4c
00000f5c0000000100000f60
00000f6c0000000d00000f60
00000f700000000100000f74
00000f800000000e00000f74
00000f840000000100000f88
00000f940000000f00000f88
00000f980000000100000f9c
00000fa80000000600000000
00000fac0000000000000000
00000f9c00000007fffffffd
00000fa00000000100000f88
00000fa40000000000000000
00000f880000000200000ea8
00000f8c0000000100000f74
00000f900000000000000000
00000f740000000600000f88
00000f780000000100000f60
00000f7c0000000000000000
00000f600000001700000f61
00000f640000000100000f4c
00000f680000000000000000
00000f4c00000004a6000000
00000f500000000100000f38
00000f540000000000000000
00000f380000000200000000
00000f3c0000000100000f2c
00000f400000000000000000
00000f2c0000000000000000
00000fb0000000158c000000
00000fb40000000b00002200
00000fb80000001400000001
00000fbc0000000000000000
00000fc00000000d00000001
00000fc40000000000000000
00000fd40000001700000000
00000fd80000000000000000
00000fdc0000000200000000
00000fe00000000500000001
00000fe40000000000000000
00000fe800000015c113f000
00000fec0000000f00000001
00000ff00000000300000000
00000ff40000001200000000
00000ff80000000500000001
00000ffc0000001d00000002
000010000000000d15238000
000010040000001d00000001
000010080000000000000000
000010000000000d15238000
000010040000001d00000000
000010080000000000000000
0000100c0000001d00000004
000010100000000300000001
000010140000001d00000003
000010180000000000000000
000010100000000300000001
000010140000001d00000002
000010180000000000000000
000010100000000300000001
000010140000001d00000001
000010180000000000000000
000010100000000300000001
000010140000001d00000000
000010180000000000000000
0000101c00000002694d1000
000010200000000000000000
000010280000000200000000
0000102c0000000bfffffffa
000010300000000500000002
00001034000000060000069b
000010380000001d00000006
0000103c0000001200000000
000010400000000b01038000
000010440000001d00000005
000010480000000000000000
0000103c0000001200000000
000010400000000b01038000
000010440000001d00000004
000010480000000000000000
0000103c0000001200000000
000010400000000b01038000
000010440000001d00000003
000010480000000000000000
0000103c0000001200000000
000010400000000b01038000
000010440000001d00000002
000010480000000000000000
0000103c0000001200000000
000010400000000b01038000
000010440000001d00000001
000010480000000000000000
0000103c0000001200000000
000010400000000b01038000
000010440000001d00000000
000010480000000000000000
0000104c0000001600000000
000010500000000500000ffc
000010540000000000000000
000010580000001d00000002
0000105c0000000759fffffd
000010600000001600000085
0000106400000011b1ba3064
00001068000000013992f000
0000106c0000000300000001
000010700000001d00000001
000010740000000000000000
0000105c00000007b3fffffd
000010600000001600000085
0000106400000011b1ba3064
00001068000000013992f000
0000106c0000000300000001
000010700000001d00000000
000010740000000000000000
000010780000001300000001
0000107c0000001700000000
000010800000000000000000
000010840000001d00000003
0000108800000009d9dbb088
0000108c0000001d00000002
000010900000000000000000
0000108800000009d9dbb088
0000108c0000001d00000001
000010900000000000000000
0000108800000009d9dbb088
0000108c0000001d00000000
000010900000000000000000
000010940000000800000000
000010980000000700000018
0000109c00000008fffffe9b
000010a00000000400000000
000010a40000000f00000085
000010a80000001d00000004
000010ac000000174e45cf9b
000010b000000006d9dbb088
000010b40000000000000000
000010b80000001600000000
000010bc0000001d00000003
000010c00000000000000000
000010ac000000174e45cf9b
000010b000000006d9dbb088
000010b40000000000000000
000010b80000001600000000
000010bc0000001d00000002
000010c00000000000000000
000010ac000000174e45cf9b
000010b000000006d9dbb088
000010b40000000000000000
000010b80000001600000000
000010bc0000001d00000001
000010c00000000000000000
000010ac000000174e45cf9b
000010b000000006d9dbb088
000010b40000000000000000
000010b80000001600000000
000010bc0000001d00000000
000010c00000000000000000
000010c40000001186f33000
000010c80000000000000000
000010cc0000001d00000005
000010d00000000b00000018
000010d40000000a00000001
000010d80000000786f33018
000010dc0000001d00000004
000010e00000000000000000
000010d00000000b86f33018
000010d40000000a00000001
000010d80000000700000018
000010dc0000001d00000003
000010e00000000000000000
000010d00000000b00000018
000010d40000000a00000001
000010d80000000786f33018
000010dc0000001d00000002
000010e00000000000000000
000010d00000000b86f33018
000010d40000000a00000001
000010d80000000700000018
000010dc0000001d00000001
000010e00000000000000000
000010d00000000b00000018
000010d40000000a00000001
000010d80000000786f33018
000010dc0000001d00000000
000010e00000000000000000
000010e40000000100000000
000010e80000000900000001
000010ec0000000c00000000
000010f00000000b08000000
000010f40000001d00000006
000010f80000001700000ec9
000010fc0000001400000000
0000110000000007000006dc
000011040000001008002201
0000110800000008ffffff7b
0000110c0000000a00000000
000011100000001d00000005
000011140000000000000000
000010f80000001700000ec9
000010fc0000001400000000
0000110000000007000006dc
000011040000001008002201
0000110800000008ffffff7b
0000110c0000000a00000000
000011100000001d00000004
000011140000000000000000
000010f80000001700000ec9
000010fc0000001400000000
0000110000000007000006dc
000011040000001008002201
0000110800000008ffffff7b
0000110c0000000a00000000
000011100000001d00000003
000011140000000000000000
000010f80000001700000ec9
000010fc0000001400000000
0000110000000007000006dc
000011040000001008002201
0000110800000008ffffff7b
0000110c0000000a00000000
000011100000001d00000002
000011140000000000000000
000010f80000001700000ec9
000010fc0000001400000000
0000110000000007000006dc
000011040000001008002201
0000110800000008ffffff7b
0000110c0000000a00000000
000011100000001d00000001
000011140000000000000000
000010f80000001700000ec9
000010fc0000001400000000
0000110000000007000006dc
000011040000001008002201
0000110800000008ffffff7b
0000110c0000000a00000000
000011100000001d00000000
000011140000000000000000
000011180000000b00000000
0000111c0000000000000000
000011200000001d00000005
000011240000001500000001
000011280000000ffffffa19
0000112c0000000f00000000
000011300000001486f33000
00001134000000059c647000
000011380000001d00000004
0000113c0000000000000000
000011240000001500000001
000011280000000ffffffa18
0000112c0000000f00000000
000011300000001486f33000
00001134000000059c647000
000011380000001d00000003
0000113c0000000000000000
000011240000001500000001
000011280000000ffffffa17
0000112c0000000f00000000
000011300000001486f33000
00001134000000059c647000
000011380000001d00000002
0000113c0000000000000000
000011240000001500000001
000011280000000ffffffa16
0000112c0000000f00000000
000011300000001486f33000
00001134000000059c647000
000011380000001d00000001
0000113c0000000000000000
000011240000001500000001
000011280000000ffffffa15
0000112c0000000f00000000
000011300000001486f33000
00001134000000059c647000
000011380000001d00000000
0000113c0000000000000000
000011400000000100001144
000011480000000a00001144
0000114c0000000100001150
0000115c0000000b00001150
000011600000000100001164
000011700000000c00001164
000011740000000100001178
000011840000000d00001178
00001188000000010000118c
000011980000000e0000118c
0000119c00000001000011a0
000011ac0000000000000000
000011b00000000000000000
000011a000000003fffff800
000011a4000000010000118c
000011a80000000000000000
0000118c0000000400000000
000011900000000100001178
000011940000000000000000
000011780000000400000001
0000117c0000000100001164
000011800000000000000000
0000116400000003fffffd9d
000011680000000100001150
0000116c0000000000000000
000011500000000900000000
000011540000000100001144
000011580000000000000000
000011440000000000000000
000011b40000001646b691b4
000011b80000001600000000
000011bc0000000000000000
000011c000000001000011c4
000011c80000000a000011c4
000011cc00000001000011d0
000011dc0000000b000011d0
000011e000000001000011e4
000011f00000000c000011e4
000011f400000001000011f8
000012040000000d000011f8
00001208000000010000120c
000012180000000e0000120c
0000121c0000000100001220
0000122c0000000f00001220
000012300000000100001234
000012400000001000001234
000012440000000100001248
0000125400000016c3f09000
000012580000000000000000
000012480000000000000000
0000124c0000000100001234
000012500000000000000000
0000123400000002d9dbb088
000012380000000100001220
0000123c0000000000000000
000012200000000900000001
00001224000000010000120c
000012280000000000000000
0000120c00000002fffff800
0000121000000001000011f8
000012140000000000000000
000011f80000001500000000
000011fc00000001000011e4
000012000000000000000000
000011e400000014ffffee10
000011e800000001000011d0
000011ec0000000000000000
000011d0000000041606b1d0
000011d400000001000011c4
000011d80000000000000000
000011c40000000000000000
0000125c0000000d00000000
000012600000001158cd6000
000012640000000100000000
00001268000000010000126c
000012700000000a0000126c
000012740000000100001278
000012840000000b00001278
00001288000000010000128c
000012980000000c0000128c
0000129c00000001000012a0
000012ac0000000d000012a0
000012b000000001000012b4
000012c00000000e000012b4
000012c400000001000012c8
000012d40000000f000012c8
000012d800000001000012dc
000012e800000010000012dc
000012ec00000001000012f0
000012fc00000011000012f0
000013000000000100001304
0000131000000007fffff800
000013140000000000000000
000013040000001600000001
0000130800000001000012f0
0000130c0000000000000000
000012f000000003bcfac2f0
000012f400000001000012dc
000012f80000000000000000
000012dc000000087d6f92dc
000012e000000001000012c8
000012e40000000000000000
000012c80000000000000000
000012cc00000001000012b4
000012d00000000000000000
000012b4000000090fffff80
000012b800000001000012a0
000012bc0000000000000000
000012a0000000030fffff80
000012a4000000010000128c
000012a80000000000000000
0000128c00000009bbdf228c
000012900000000100001278
000012940000000000000000
000012780000000500000000
0000127c000000010000126c
000012800000000000000000
0000126c0000000000000000
000013180000000fbbdf228c
0000131c0000000f00000000
000013200000000b00000049
000013240000000f000012b4
0000132800000016ffffee10
0000132c0000000000000000
00001330000000090fffff80
000013340000000000000000
0000133c0000000500000001
0000134000000001f5f6f000
000013440000000d00000ec9
000013480000001d00000006
0000134c0000000300000006
000013500000000300000004
000013540000000900000000
000013580000001400002000
0000135c000000131606a30c
0000136000000009000032dc
000013640000001d00000005
000013680000000000000000
0000134c0000000300000005
000013500000000300000004
000013540000000900000000
000013580000001400002000
0000135c000000131606a30c
0000136000000009000032dc
000013640000001d00000004
000013680000000000000000
0000134c0000000300000004
000013500000000300000004
000013540000000900000000
000013580000001400002000
0000135c000000131606a30c
0000136000000009000032dc
000013640000001d00000003
000013680000000000000000
0000134c0000000300000003
000013500000000300000004
000013540000000900000000
000013580000001400002000
0000135c000000131606a30c
0000136000000009000032dc
000013640000001d00000002
000013680000000000000000
0000134c0000000300000002
000013500000000300000004
000013540000000900000000
000013580000001400002000
0000135c000000131606a30c
0000136000000009000032dc
000013640000001d00000001
000013680000000000000000
0000134c0000000300000001
000013500000000300000004
000013540000000900000000
000013580000001400002000
0000135c000000131606a30c
0000136000000009000032dc
000013640000001d00000000
000013680000000000000000
0000136c0000000100001370
000013740000000a00001370
00001378000000010000137c
000013880000000b0000137c
0000138c0000000100001390
0000139c00000005fffff800
000013a00000000000000000
000013900000000000000000
00001394000000010000137c
000013980000000000000000
0000137c000000141606a30d
000013800000000100001370
000013840000000000000000
000013700000000000000000
000013a40000001100000000
000013a80000000000000000
000013ac0000000a00000000
000013b00000000ffffff808
000013b40000000000000000
000013bc0000000300000000
000013c00000000e00000000
000013c40000000700000000
000013c80000000000000000
000013d00000000e00000000
000013d40000000000000000
000013d80000000b00000000
000013dc0000000000000000
000013e00000001d00000003
000013e40000000c000012df
000013e80000000700000000
000013ec0000001000002201
000013f000000003dbe473f0
000013f40000001197fdd000
000013f80000001d00000002
000013fc0000000000000000
000013e40000000c0000225b
000013e80000000700000000
000013ec0000001000002201
000013f000000003dbe473f0
000013f40000001197fdd000
000013f80000001d00000001
000013fc0000000000000000
000013e40000000c0000225b
000013e80000000700000000
000013ec0000001000002201
000013f000000003dbe473f0
000013f40000001197fdd000
000013f80000001d00000000
000013fc0000000000000000
000014000000000700000013
000014040000000e0000084d
000014080000000a00000001
0000140c0000000000000000
0000141000000001ffffffff
000014140000000000000000
000014180000000300000000
0000141c0000000300000001
000014200000001100002200
000014240000000500000100
000014280000000000000000
0000142c0000001d00000006
0000143000000010ebf24000
000014340000001d00000005
000014380000000000000000
0000143000000010ebf24000
000014340000001d00000004
000014380000000000000000
0000143000000010ebf24000
000014340000001d00000003
000014380000000000000000
0000143000000010ebf24000
000014340000001d00000002
000014380000000000000000
0000143000000010ebf24000
000014340000001d00000001
000014380000000000000000
0000143000000010ebf24000
000014340000001d00000000
000014380000000000000000
0000143c0000000100001440
000014440000000a00001440
00001448000000010000144c
000014580000000b0000144c
0000145c0000000100001460
0000146c0000000c00001460
000014700000000100001474
000014800000000d00001474
000014840000000100001488
000014940000000e00001488
00001498000000010000149c
000014a8000000171606b1d1
000014ac0000000000000000
0000149c00000017000032dc
000014a00000000100001488
000014a40000000000000000
000014880000000700000000
0000148c0000000100001474
000014900000000000000000
000014740000000200000001
000014780000000100001460
0000147c0000000000000000
000014600000001713000000
00001464000000010000144c
000014680000000000000000
0000144c0000000800000000
000014500000000100001440
000014540000000000000000
000014400000000000000000
000014b000000008000001d0
000014b40000000c00000000
000014b80000000400000000
000014bc00000014ffffffee
000014c00000001500000000
000014c40000000800000000
000014c80000001400000ef4
000014cc000000069249b000
000014d000000010e8000000
000014d40000000f00002200
000014d80000000400000000
000014dc0000000000000000
000014e00000000000000000
000014e40000000f00000000
000014e80000000c00000000
000014ec0000000000000000
000014f40000001d00000004
000014f80000000a00000001
000014fc0000000300002000
000015000000000600000000
000015040000000500000000
000015080000000600000000
0000150c00000012fffff10b
000015100000001d00000003
000015140000000000000000
000014f80000000a00000001
000014fc00000003ffffd10b
000015000000000600000000
000015040000000500000000
000015080000000600000000
0000150c00000012fffff10b
000015100000001d00000002
000015140000000000000000
000014f80000000a00000001
000014fc00000003ffffd10b
000015000000000600000000
000015040000000500000000
000015080000000600000000
0000150c00000012fffff10b
000015100000001d00000001
000015140000000000000000
000014f80000000a00000001
000014fc00000003ffffd10b
000015000000000600000000
000015040000000500000000
000015080000000600000000
0000150c00000012fffff10b
000015100000001d00000000
000015140000000000000000
000015180000000000000000
000015280000000b00001474
0000152c0000000e000017a3
00001530000000112608f000
000015340000000000000000
000015440000000000000000
000015480000001d00000003
0000154c00000011aa2d7000
000015500000001d00000002
000015540000000000000000
0000154c00000011aa2d7000
000015500000001d00000001
000015540000000000000000
0000154c00000011aa2d7000
000015500000001d00000000
000015540000000000000000
000015580000000c00000000
0000155c0000000000000000
000015600000000000000000
000015640000001500000000
000015680000000400000000
0000156c00000006ffffd18f
000015700000000300000000
000015740000000d00000002
000015780000000000000000
0000157c0000000d97eee000
000015800000000100001584
000015880000000a00001584
0000158c0000000100001590
0000159c0000000b00001590
000015a000000001000015a4
000015b00000000c000015a4
000015b400000001000015b8
000015c40000000d000015b8
000015c800000001000015cc
000015d80000000e000015cc
000015dc00000001000015e0
000015ec0000000f000015e0
000015f000000001000015f4
0000160000000010000015f4
000016040000000100001608
000016140000001100001608
00001618000000010000161c
00001628000000120000161c
0000162c0000000100001630
0000163c0000001300001630
000016400000000100001644
000016500000000200000001
000016540000000000000000
000016440000000600000001
000016480000000100001630
0000164c0000000000000000
000016300000000600000000
00001634000000010000161c
000016380000000000000000
0000161c0000001600000001
000016200000000100001608
000016240000000000000000
000016080000001700000000
0000160c00000001000015f4
000016100000000000000000
000015f40000001400200000
000015f800000001000015e0
000015fc0000000000000000
000015e00000001700003630
000015e400000001000015cc
000015e80000000000000000
000015cc0000001716300000
000015d000000001000015b8
000015d40000000000000000
000015b80000000000000000
000015bc00000001000015a4
000015c00000000000000000
000015a40000000400002758
000015a80000000100001590
000015ac0000000000000000
000015900000001400000001
000015940000000100001584
000015980000000000000000
000015840000000000000000
000016580000000800000000
0000165c0000001d00000003
000016600000000600000000
000016640000000700000002
0000166800000013c6849668
0000166c0000001d00000002
000016700000000000000000
000016600000000600000000
000016640000000700000001
0000166800000013c6849668
0000166c0000001d00000001
000016700000000000000000
000016600000000600000000
000016640000000700000000
0000166800000013c6849668
0000166c0000001d00000000
000016700000000000000000
000016740000001d00000006
000016780000000800000150
0000167c0000000000000000
000016800000000000000000
000016840000000000000000
0000168800000017000027ff
0000168c0000000800000000
000016900000001d00000005
000016940000000000000000
000016780000000800000150
0000167c0000000000000000
000016800000000000000000
000016840000000000000000
0000168800000017000027ff
0000168c0000000800000000
000016900000001d00000004
000016940000000000000000
000016780000000800000150
0000167c0000000000000000
000016800000000000000000
000016840000000000000000
0000168800000017000027ff
0000168c0000000800000000
000016900000001d00000003
000016940000000000000000
000016780000000800000150
0000167c0000000000000000
000016800000000000000000
000016840000000000000000
0000168800000017000027ff
0000168c0000000800000000
000016900000001d00000002
000016940000000000000000
000016780000000800000150
0000167c0000000000000000
000016800000000000000000
000016840000000000000000
0000168800000017000027ff
0000168c0000000800000000
000016900000001d00000001
000016940000000000000000
000016780000000800000150
0000167c0000000000000000
000016800000000000000000
000016840000000000000000
0000168800000017000027ff
0000168c0000000800000000
000016900000001d00000000
000016940000000000000000
000016980000000dd801f000
0000169c0000000000000000
000016a00000000800001fff
000016a40000000800000000
000016a80000000f000015f4
000016ac0000001500000001
000016b00000000d00000000
000016b40000001c00000004
000016b80000001a00000000
000016bc0000001a00000000
000016c00000001b000016c0
000016c40000001b000016c0
000016c80000000000000000
000016cc0000001900000086
000016d00000000000000000
000016dc0000001c00000003
000016e00000000000000000
000016b80000001a00000001
000016bc0000001a00000008
000016c00000001b000016c0
000016c40000001b000016c8
000016c80000000000000000
000016d40000001900000089
000016d80000000000000000
000016dc0000001c00000002
000016e00000000000000000
000016b80000001a00000000
000016bc0000001a00000000
000016c00000001b000016c0
000016c40000001b000016c0
000016c80000000000000000
000016cc000000190000008a
000016d00000000000000000
000016dc0000001c00000001
000016e00000000000000000
000016b80000001a00000001
000016bc0000001a00000008
000016c00000001b000016c0
000016c40000001b000016c8
000016c80000000000000000
000016d4000000190000008d
000016d80000000000000000
000016dc0000001c00000000
000016e00000000000000000
000016e40000000000000000
000016e80000000000000000
000016f40000001500016080
000016f8000000035d6c1000
000016fc00000012ef9ca000
000017000000000000000000
000017040000000100001708
0000170c0000000a00001708
000017100000000100001714
000017200000000b00001714
000017240000000100001728
000017340000000c00001728
00001738000000010000173c
000017480000000d0000173c
0000174c0000000100001750
0000175c0000000e00001750
000017600000000100001764
000017700000000f00001764
000017740000000100001778
000017840000001000001778
00001788000000010000178c
00001798000000110000178c
0000179c00000001000017a0
000017ac0000000000000000
000017b00000000000000000
000017a00000000200000000
000017a4000000010000178c
000017a80000000000000000
0000178c0000000200000000
000017900000000100001778
000017940000000000000000
000017780000000000000000
0000177c0000000100001764
000017800000000000000000
000017640000001600000807
000017680000000100001750
0000176c0000000000000000
0000175000000014000027ff
00001754000000010000173c
000017580000000000000000
0000173c0000000700000000
000017400000000100001728
000017440000000000000000
000017280000001500000000
0000172c0000000100001714
000017300000000000000000
0000171400000017783d9714
000017180000000100001708
0000171c0000000000000000
000017080000000000000000
000017b40000001800000001
000017b80000000000000000
000017bc0000000000000000
000000c80000001d00000005
000000cc00000002ffffffff
000000d0000000160000177d
000000d40000001600000000
000000d80000001d00000004
000000dc0000000000000000
000000cc00000002ffffffff
000000d0000000160000177c
000000d40000001600000000
000000d80000001d00000003
000000dc0000000000000000
000000cc00000002ffffffff
000000d0000000160000177b
000000d40000001600000000
000000d80000001d00000002
000000dc0000000000000000
000000cc00000002ffffffff
000000d0000000160000177a
000000d40000001600000000
000000d80000001d00000001
000000dc0000000000000000
000000cc00000002ffffffff
000000d00000001600001779
000000d40000001600000000
000000d80000001d00000000
000000dc0000000000000000
000000e00000000100001764
000000e4000000087ff00000
000000e80000001c00000003
000000ec0000001a00000001
000000f00000001a00000008
000000f40000001b000000f4
000000f80000001b000000fc
000000fc0000000000000000
000001080000001900000090
0000010c0000000000000000
000001100000001c00000002
000001140000000000000000
000000ec0000001a00000000
000000f00000001a00000000
000000f40000001b000000f4
000000f80000001b000000f4
000000fc0000000000000000
000001000000001900000091
000001040000000000000000
000001100000001c00000001
000001140000000000000000
000000ec0000001a00000001
000000f00000001a00000008
000000f40000001b000000f4
000000f80000001b000000fc
000000fc0000000000000000
000001080000001900000094
0000010c0000000000000000
000001100000001c00000000
000001140000000000000000
000001180000000200000ef4
0000011c0000001c00000005
000001200000001a00000001
000001240000001a00000008
000001280000001b00000128
0000012c0000001b00000130
000001300000000000000000
0000013c0000001900000097
000001400000000000000000
000001440000001c00000004
000001480000000000000000
000001200000001a00000000
000001240000001a00000000
000001280000001b00000128
0000012c0000001b00000128
000001300000000000000000
000001340000001900000098
000001380000000000000000
000001440000001c00000003
000001480000000000000000
000001200000001a00000001
000001240000001a00000008
000001280000001b00000128
0000012c0000001b00000130
000001300000000000000000
0000013c000000190000009b
000001400000000000000000
000001440000001c00000002
000001480000000000000000
000001200000001a00000000
000001240000001a00000000
000001280000001b00000128
0000012c0000001b00000128
000001300000000000000000
00000134000000190000009c
000001380000000000000000
000001440000001c00000001
000001480000000000000000
000001200000001a00000001
000001240000001a00000008
000001280000001b00000128
0000012c0000001b00000130
000001300000000000000000
0000013c000000190000009f
000001400000000000000000
000001440000001c00000000
000001480000000000000000
0000014c0000000300000019
000001500000001d00000004
000001540000000000000000
000001580000001d00000003
0000015c0000000000000000
000001540000000000000000
000001580000001d00000002
0000015c0000000000000000
000001540000000000000000
000001580000001d00000001
0000015c0000000000000000
000001540000000000000000
000001580000001d00000000
0000015c0000000000000000
000001600000001100001714
000001640000001500000000
000001680000001700000000
0000016c0000001000001000
000001700000000f00000000
000001740000000f00000000
000001780000000400002000
0000017c0000001d00000003
000001800000000b00000000
0000018400000014000008c4
000001880000000a000004c0
0000018c0000001400000000
000001900000001d00000002
000001940000000000000000
000001800000000b00000000
0000018400000014000008c4
000001880000000a000004c0
0000018c0000001400000000
000001900000001d00000001
000001940000000000000000
000001800000000b00000000
0000018400000014000008c4
000001880000000a000004c0
0000018c0000001400000000
000001900000001d00000000
000001940000000000000000
000001980000000d00000000
0000019c0000000400000000
000001a00000000c00000000
000001a400000001000001a8
000001ac0000000a000001a8
000001b000000001000001b4
000001c00000000b000001b4
000001c400000001000001c8
000001d40000000c000001c8
000001d800000001000001dc
000001e80000000d000001dc
000001ec00000001000001f0
000001fc0000000e000001f0
000002000000000100000204
000002100000000f00000204
000002140000000100000218
000002240000001000000218
00000228000000010000022c
00000238000000110000022c
0000023c0000000100000240
0000024c0000001200000240
000002500000000100000254
000002600000001300000254
000002640000000100000268
0000027400000015fd0100c9
000002780000000000000000
000002680000000500000000
0000026c0000000100000254
000002700000000000000000
000002540000000364000000
000002580000000100000240
0000025c0000000000000000
000002400000001500000001
00000244000000010000022c
000002480000000000000000
0000022c0000001500000025
000002300000000100000218
000002340000000000000000
000002180000000810c3d000
0000021c0000000100000204
000002200000000000000000
000002040000000900002200
0000020800000001000001f0
0000020c0000000000000000
000001f0000000097b8b7000
000001f400000001000001dc
000001f80000000000000000
000001dc0000000500000000
000001e000000001000001c8
000001e40000000000000000
000001c80000000200000218
000001cc00000001000001b4
000001d00000000000000000
000001b400000005d2ea31b4
000001b800000001000001a8
000001bc0000000000000000
000001a80000000000000000
0000027c0000001c00000004
000002800000001a00000000
000002840000001a00000000
000002880000001b00000288
0000028c0000001b00000288
000002900000000100000294
0000029400000019000000a0
000002980000000000000000
000002a40000001c00000003
000002a80000000000000000
000002800000001a00000001
000002840000001a00000008
000002880000001b00000288
0000028c0000001b00000290
000002900000000100000294
0000029c00000019000000a3
000002a00000000000000000
000002a40000001c00000002
000002a80000000000000000
000002800000001a00000000
000002840000001a00000000
000002880000001b00000288
0000028c0000001b00000288
000002900000000100000294
0000029400000019000000a4
000002980000000000000000
000002a40000001c00000001
000002a80000000000000000
000002800000001a00000001
000002840000001a00000008
000002880000001b00000288
0000028c0000001b00000290
000002900000000100000294
0000029c00000019000000a7
000002a00000000000000000
000002a40000001c00000000
000002a80000000000000000
000002ac0000000600000000
000002b000000001000002b4
000002b80000000a000002b4
000002bc00000001000002c0
000002cc0000000b000002c0
000002d000000001000002d4
000002e00000000c000002d4
000002e400000001000002e8
000002f40000000d000002e8
000002f800000001000002fc
000003080000000e000002fc
0000030c0000000100000310
0000031c0000000f00000310
000003200000000100000324
000003300000001000000324
000003340000000100000338
000003440000001100000338
00000348000000010000034c
000003580000000400000000
0000035c0000000000000000
0000034c000000087dddc000
000003500000000100000338
000003540000000000000000
0000033800000003fffffd40
0000033c0000000100000324
000003400000000000000000
000003240000000400000001
000003280000000100000310
0000032c0000000000000000
000003100000000000000000
0000031400000001000002fc
000003180000000000000000
000002fc0000000300000001
0000030000000001000002e8
000003040000000000000000
000002e80000001500000000
000002ec00000001000002d4
000002f00000000000000000
000002d400000009fc6c3000
000002d800000001000002c0
000002dc0000000000000000
000002c000000007fa5d4636
000002c400000001000002b4
000002c80000000000000000
000002b40000000000000000
000003600000001c00000003
000003640000001a00000001
000003680000001a00000008
0000036c0000001b0000036c
000003700000001b00000374
000003740000000100000378
0000038000000019000000aa
000003840000000000000000
000003880000001c00000002
0000038c0000000000000000
000003640000001a00000000
000003680000001a00000000
0000036c0000001b0000036c
000003700000001b0000036c
000003740000000100000378
0000037800000019000000ab
0000037c0000000000000000
000003880000001c00000001
0000038c0000000000000000
000003640000001a00000001
000003680000001a00000008
0000036c0000001b0000036c
000003700000001b00000374
000003740000000100000378
0000038000000019000000ae
000003840000000000000000
000003880000001c00000000
0000038c0000000000000000
0000039000000015000000ae
000003940000000e95000000
000003980000001c00000005
0000039c0000001a00000001
000003a00000001a00000008
000003a40000001b000003a4
000003a80000001b000003ac
000003ac00000001000003b0
000003b800000019000000b1
000003bc0000000000000000
000003c00000001c00000004
000003c40000000000000000
0000039c0000001a00000000
000003a00000001a00000000
000003a40000001b000003a4
000003a80000001b000003a4
000003ac00000001000003b0
000003b000000019000000b2
000003b40000000000000000
000003c00000001c00000003
000003c40000000000000000
0000039c0000001a00000001
000003a00000001a00000008
000003a40000001b000003a4
000003a80000001b000003ac
000003ac00000001000003b0
000003b800000019000000b5
000003bc0000000000000000
000003c00000001c00000002
000003c40000000000000000
0000039c0000001a00000000
000003a00000001a00000000
000003a40000001b000003a4
000003a80000001b000003a4
000003ac00000001000003b0
000003b000000019000000b6
000003b40000000000000000
000003c00000001c00000001
000003c40000000000000000
0000039c0000001a00000001
000003a00000001a00000008
000003a40000001b000003a4
000003a80000001b000003ac
000003ac00000001000003b0
000003b800000019000000b9
000003bc0000000000000000
000003c00000001c00000000
000003c40000000000000000
000003c800000012ffffff53
000003cc000000100000035f
000003d000000014ffffffff
000003d40000000200000b14
000003d80000000e5bc1c000
000003dc0000001000000104
000003e000000008ffffffff
000003e40000001400080000
000003e800000002000002c0
000003ec0000000000000000
000003f00000000600000000
000003f4000000020000000b
000003f80000000300000000
000003fc0000000100000400
000004040000000a00000400
00000408000000010000040c
000004180000000b0000040c
0000041c0000000100000420
0000042c0000000c00000420
000004300000000100000434
000004400000000d00000434
000004440000000100000448
000004540000000600000000
000004580000000000000000
000004480000000400000000
0000044c0000000100000434
000004500000000000000000
000004340000001400000434
000004380000000100000420
0000043c0000000000000000
000004200000001500000000
00000424000000010000040c
000004280000000000000000
0000040c0000000400000000
000004100000000100000400
000004140000000000000000
000004000000000000000000
0000045c0000001400000001
000004600000000000000000
0000046c0000001600000000
000004700000000100000474
000004780000000000000000
0000047c0000000000000000
000004740000000000000000
000004800000000c00000001
000004840000001d00000005
000004880000001200000001
0000048c0000001430d2648c
0000049000000003ffffffff
000004940000000000000000
000004980000001d00000004
0000049c0000000000000000
000004880000001200000001
0000048c0000001430d2648c
0000049000000003ffffffff
000004940000000000000000
000004980000001d00000003
0000049c0000000000000000
000004880000001200000001
0000048c0000001430d2648c
0000049000000003ffffffff
000004940000000000000000
000004980000001d00000002
0000049c0000000000000000
000004880000001200000001
0000048c0000001430d2648c
0000049000000003ffffffff
000004940000000000000000
000004980000001d00000001
0000049c0000000000000000
000004880000001200000001
0000048c0000001430d2648c
0000049000000003ffffffff
000004940000000000000000
000004980000001d00000000
0000049c0000000000000000
000004a00000000000000000
000004ac00000001000004b0
000004b40000000a000004b0
000004b800000001000004bc
000004c80000000000000000
000004cc0000000000000000
000004bc0000000800000000
000004c000000001000004b0
000004c40000000000000000
000004b00000000000000000
000004d000000001000004d4
000004d80000000a000004d4
000004dc00000001000004e0
000004ec0000001600000000
000004f00000000000000000
000004e00000000800000000
000004e400000001000004d4
000004e80000000000000000
000004d40000000000000000
000004f400000008000027ff
000004f80000000f00000000
000004fc0000000cfffffcd4
000005000000000a000004d4
000005040000001100000000
000005080000000c00000000
0000050c0000000500000000
000005100000000e00000000
000005140000000000000000
000005240000000700000000
000005280000000000000000
0000052c0000001d00000002
000005300000001400000000
000005340000001700000000
000005380000001700000000
0000053c0000000300000001
00000540000000100000260c
000005440000000f00000000
000005480000001d00000001
0000054c0000000000000000
000005300000001400000000
000005340000001700000000
000005380000001700000000
0000053c0000000300000001
00000540000000100000260c
000005440000000f00000000
000005480000001d00000000
0000054c0000000000000000
000005500000000300000000
0000055400000005000007ff
000005580000000d000004d4
0000055c0000000600000000
000005600000000100000564
00000568000000090000000b
0000056c0000000000000000
000005640000000000000000
000005700000000a00000000
000005740000000900010000
000005780000000000000000
0000057c0000000600000000
0000058000000001ffffffff
000005840000000700000000
000005880000001200000000
0000058c0000000900000000
000005900000001d00000005
000005940000000f00000001
000005980000000effffffff
0000059c0000001d00000004
000005a00000000000000000
000005940000000f00000000
000005980000000effffffff
0000059c0000001d00000003
000005a00000000000000000
000005940000000f00000001
000005980000000effffffff
0000059c0000001d00000002
000005a00000000000000000
000005940000000f00000000
000005980000000effffffff
0000059c0000001d00000001
000005a00000000000000000
000005940000000f00000001
000005980000000effffffff
0000059c0000001d00000000
000005a00000000000000000
000005a40000001200000000
000005a80000000dffffffff
000005ac0000000b000007ff
000005b000000006fffff800
000005b40000001300000000
000005b800000002000005ff
000005bc00000011fffff99d
000005c00000000600000000
000005c40000000000000000
000005c80000001300000000
000005cc0000001400000000
000005d00000001300000000
000005d40000000200000001
000005d80000000000000000
000005dc0000001c00000005
000005e00000001a00000001
000005e40000001a00000008
000005e80000001b000005e8
000005ec0000001b000005f0
000005f000000001000005f4
000005fc00000019000000bc
000006000000000000000000
000006040000001c00000004
000006080000000000000000
000005e00000001a00000000
000005e40000001a00000000
000005e80000001b000005e8
000005ec0000001b000005e8
000005f000000001000005f4
000005f400000019000000bd
000005f80000000000000000
000006040000001c00000003
000006080000000000000000
000005e00000001a00000001
000005e40000001a00000008
000005e80000001b000005e8
000005ec0000001b000005f0
000005f000000001000005f4
000005fc00000019000000c0
000006000000000000000000
000006040000001c00000002
000006080000000000000000
000005e00000001a00000000
000005e40000001a00000000
000005e80000001b000005e8
000005ec0000001b000005e8
000005f000000001000005f4
000005f400000019000000c1
000005f80000000000000000
000006040000001c00000001
000006080000000000000000
000005e00000001a00000001
000005e40000001a00000008
000005e80000001b000005e8
000005ec0000001b000005f0
000005f000000001000005f4
000005fc00000019000000c4
000006000000000000000000
000006040000001c00000000
000006080000000000000000
0000060c0000000500000000
000006100000000a79aac610
000006140000000200002200
000006180000001100000001
0000061c0000000800000008
000006200000000100000624
000006280000000000000000
0000062c0000000000000000
000006240000000000000000
000006300000000d00000000
000006340000001c00000005
000006380000001a00000001
0000063c0000001a00000008
000006400000001b00000640
000006440000001b00000648
00000648000000010000064c
0000065400000019000000c7
000006580000000000000000
0000065c0000001c00000004
000006600000000000000000
000006380000001a00000000
0000063c0000001a00000000
000006400000001b00000640
000006440000001b00000640
00000648000000010000064c
0000064c00000019000000c8
000006500000000000000000
0000065c0000001c00000003
000006600000000000000000
000006380000001a00000001
0000063c0000001a00000008
000006400000001b00000640
000006440000001b00000648
00000648000000010000064c
0000065400000019000000cb
000006580000000000000000
0000065c0000001c00000002
000006600000000000000000
000006380000001a00000000
0000063c0000001a00000000
000006400000001b00000640
000006440000001b00000640
00000648000000010000064c
0000064c00000019000000cc
000006500000000000000000
0000065c0000001c00000001
000006600000000000000000
000006380000001a00000001
0000063c0000001a00000008
000006400000001b00000640
000006440000001b00000648
00000648000000010000064c
0000065400000019000000cf
000006580000000000000000
0000065c0000001c00000000
000006600000000000000000
000006640000001c00000005
000006680000001a00000001
0000066c0000001a00000008
000006700000001b00000670
000006740000001b00000678
000006780000000000000000
0000068400000019000000d2
000006880000000000000000
0000068c0000001c00000004
000006900000000000000000
000006680000001a00000000
0000066c0000001a00000000
000006700000001b00000670
000006740000001b00000670
000006780000000000000000
0000067c00000019000000d3
000006800000000000000000
0000068c0000001c00000003
000006900000000000000000
000006680000001a00000001
0000066c0000001a00000008
000006700000001b00000670
000006740000001b00000678
000006780000000000000000
0000068400000019000000d6
000006880000000000000000
0000068c0000001c00000002
000006900000000000000000
000006680000001a00000000
0000066c0000001a00000000
000006700000001b00000670
000006740000001b00000670
000006780000000000000000
0000067c00000019000000d7
000006800000000000000000
0000068c0000001c00000001
000006900000000000000000
000006680000001a00000001
0000066c0000001a00000008
000006700000001b00000670
000006740000001b00000678
000006780000000000000000
0000068400000019000000da
000006880000000000000000
0000068c0000001c00000000
000006900000000000000000
000006940000001300000000
000006980000001000000000
0000069c00000001000006a0
000006a400000014b67e8000
000006a80000000000000000
000006a00000000000000000
000006ac00000005000006a1
000006b00000001600000001
000006b40000000000000000
000006b80000000400000000
000006bc0000001300000000
000006c00000000cffffffff
000006c40000001d00000003
000006c80000001400000000
000006cc0000001700000000
000006d00000001300000000
000006d40000001400000001
000006d80000001000000001
000006dc0000000ee54cd000
000006e00000001d00000002
000006e40000000000000000
000006c80000001400000000
000006cc0000001700000000
000006d00000001300000000
000006d40000001400000001
000006d80000001000000001
000006dc0000000ee54cd000
000006e00000001d00000001
000006e40000000000000000
000006c80000001400000000
000006cc0000001700000000
000006d00000001300000000
000006d40000001400000001
000006d80000001000000001
000006dc0000000ee54cd000
000006e00000001d00000000
000006e40000000000000000
000006e80000000a00da0000
000006ec0000000d00000001
000006f000000002fffff808
000006f40000000200000000
000006f80000000000000000
000006fc0000000000000000
000007000000000000000000
0000070c00000006ffffffff
000007100000001000da0000
000007140000001500000000
000007180000000000000000
0000071c00000017a5aa171c
000007200000000400000001
000007240000000f00000000
000007280000001c00000003
0000072c0000001a00000001
000007300000001a00000008
000007340000001b00000734
000007380000001b0000073c
0000073c0000000000000000
0000074800000019000000dd
0000074c0000000000000000
000007500000001c00000002
000007540000000000000000
0000072c0000001a00000000
000007300000001a00000000
000007340000001b00000734
000007380000001b00000734
0000073c0000000000000000
0000074000000019000000de
000007440000000000000000
000007500000001c00000001
000007540000000000000000
0000072c0000001a00000001
000007300000001a00000008
000007340000001b00000734
000007380000001b0000073c
0000073c0000000000000000
0000074800000019000000e1
0000074c0000000000000000
000007500000001c00000000
000007540000000000000000
000007580000001d00000004
0000075c00000007a5aa171c
000007600000001d00000003
000007640000000000000000
0000075c0000000700000000
000007600000001d00000002
000007640000000000000000
0000075c00000007a5aa171c
000007600000001d00000001
000007640000000000000000
0000075c0000000700000000
000007600000001d00000000
000007640000000000000000
000007680000001200000000
0000076c0000001c00000005
000007700000001a00000001
000007740000001a00000008
000007780000001b00000778
0000077c0000001b00000780
000007800000000100000784
0000078c00000019000000e4
000007900000000000000000
000007940000001c00000004
000007980000000000000000
000007700000001a00000000
000007740000001a00000000
000007780000001b00000778
0000077c0000001b00000778
000007800000000100000784
0000078400000019000000e5
000007880000000000000000
000007940000001c00000003
000007980000000000000000
000007700000001a00000001
000007740000001a00000008
000007780000001b00000778
0000077c0000001b00000780
000007800000000100000784
0000078c00000019000000e8
000007900000000000000000
000007940000001c00000002
000007980000000000000000
000007700000001a00000000
000007740000001a00000000
000007780000001b00000778
0000077c0000001b00000778
000007800000000100000784
0000078400000019000000e9
000007880000000000000000
000007940000001c00000001
000007980000000000000000
000007700000001a00000001
000007740000001a00000008
000007780000001b00000778
0000077c0000001b00000780
000007800000000100000784
0000078c00000019000000ec
000007900000000000000000
000007940000001c00000000
000007980000000000000000
0000079c0000000000000000
000007a00000000000000000
000007a40000000c00000000
000007a80000000265fa0000
000007ac0000001700000000
000007b00000001c00000003
000007b40000001a00000001
000007b80000001a00000008
000007bc0000001b000007bc
000007c00000001b000007c4
000007c40000000000000000
000007d000000019000000ef
000007d40000000000000000
000007d80000001c00000002
000007dc0000000000000000
000007b40000001a00000000
000007b80000001a00000000
000007bc0000001b000007bc
000007c00000001b000007bc
000007c40000000000000000
000007c800000019000000f0
000007cc0000000000000000
000007d80000001c00000001
000007dc0000000000000000
000007b40000001a00000001
000007b80000001a00000008
000007bc0000001b000007bc
000007c00000001b000007c4
000007c40000000000000000
000007d000000019000000f3
000007d40000000000000000
000007d80000001c00000000
000007dc0000000000000000
000007e00000000600000000
000007e40000000c42000000
000007e80000000e00000000
000007ec0000001300000001
000007f000000001000007f4
000007f80000000a000007f4
000007fc0000000100000800
0000080c0000001500000000
000008100000000000000000
0000080000000006ffffffff
0000080400000001000007f4
000008080000000000000000
000007f40000000000000000
000008140000000e00000000
000008180000000000000000
0000081c0000000200000000
000008200000001100000001
000008240000001057dbb000
000008280000001700000848
0000082c0000001400000000
0000083000000015fffffa1b
000008340000001000000001
000008380000000000000000
0000083c0000000100000840
000008440000000a00000840
00000848000000010000084c
000008580000000b0000084c
0000085c0000000100000860
0000086c0000000c00000860
000008700000000100000874
000008800000000d00000874
000008840000000100000888
000008940000000e00000888
00000898000000010000089c
000008a80000000800000000
000008ac0000000000000000
0000089c0000000000000000
000008a00000000100000888
000008a40000000000000000
0000088800000008000000f3
0000088c0000000100000874
000008900000000000000000
000008740000001557a75874
000008780000000100000860
0000087c0000000000000000
000008600000000800000861
00000864000000010000084c
000008680000000000000000
0000084c0000000900000007
000008500000000100000840
000008540000000000000000
000008400000000000000000
000008b00000001d00000004
000008b40000000000000000
000008b80000000800000000
000008bc000000029f0328bc
000008c00000000300000894
000008c400000004000008d4
000008c80000001d00000003
000008cc0000000000000000
000008b40000000000000000
000008b80000000800000000
000008bc000000029f0328bc
000008c00000000300000894
000008c400000004000008d4
000008c80000001d00000002
000008cc0000000000000000
000008b40000000000000000
000008b80000000800000000
000008bc000000029f0328bc
000008c00000000300000894
000008c400000004000008d4
000008c80000001d00000001
000008cc0000000000000000
000008b40000000000000000
000008b80000000800000000
000008bc000000029f0328bc
000008c00000000300000894
000008c400000004000008d4
000008c80000001d00000000
000008cc0000000000000000
000008d00000001200000000
000008d40000001400000000
000008d80000001c00000004
000008dc0000001a00000000
000008e00000001a00000000
000008e40000001b000008e4
000008e80000001b000008e4
000008ec00000001000008f0
000008f000000019000000f4
000008f40000000000000000
000009000000001c00000003
000009040000000000000000
000008dc0000001a00000001
000008e00000001a00000008
000008e40000001b000008e4
000008e80000001b000008ec
000008ec00000001000008f0
000008f800000019000000f7
000008fc0000000000000000
000009000000001c00000002
000009040000000000000000
000008dc0000001a00000000
000008e00000001a00000000
000008e40000001b000008e4
000008e80000001b000008e4
000008ec00000001000008f0
000008f000000019000000f8
000008f40000000000000000
000009000000001c00000001
000009040000000000000000
000008dc0000001a00000001
000008e00000001a00000008
000008e40000001b000008e4
000008e80000001b000008ec
000008ec00000001000008f0
000008f800000019000000fb
000008fc0000000000000000
000009000000001c00000000
000009040000000000000000
0000090800000012000000a0
0000090c0000000100000910
000009140000000a00000910
00000918000000010000091c
000009280000000b0000091c
0000092c0000000100000930
0000093c00000002ffffffff
000009400000000000000000
000009300000000900000000
00000934000000010000091c
000009380000000000000000
0000091c0000000300000000
000009200000000100000910
000009240000000000000000
000009100000000000000000
000009440000000aeab50000
0000094800000016fffffffe
0000094c0000000e00000fbd
000009500000000f00000000
0000095400000016000000fb
00000958000000119c13b958
0000095c0000000f0000091d
000009600000000000000000
000009640000000200000008
000009680000000000000000
0000096c0000001200000001
0000097000000012000009c1
000009740000001d00000003
000009780000000e00000000
0000097c0000000d00000910
0000098000000011000004ae
0000098400000002000006a1
00000988000000100046a000
0000098c0000001d00000002
000009900000000000000000
000009780000000e00000000
0000097c0000000d00000910
0000098000000011000006af
0000098400000002000006a1
00000988000000100046a000
0000098c0000001d00000001
000009900000000000000000
000009780000000e00000000
0000097c0000000d00000910
0000098000000011000006af
0000098400000002000006a1
00000988000000100046a000
0000098c0000001d00000000
000009900000000000000000
000009940000001d00000006
000009980000000000000000
0000099c0000000bffffffff
000009a00000000b00000000
000009a40000001100000000
000009a80000001400000000
000009ac0000001d00000005
000009b00000000000000000
000009980000000000000000
0000099c0000000bffffffff
000009a00000000b00000000
000009a40000001100000000
000009a80000001400000000
000009ac0000001d00000004
000009b00000000000000000
000009980000000000000000
0000099c0000000bffffffff
000009a00000000b00000000
000009a40000001100000000
000009a80000001400000000
000009ac0000001d00000003
000009b00000000000000000
000009980000000000000000
0000099c0000000bffffffff
000009a00000000b00000000
000009a40000001100000000
000009a80000001400000000
000009ac0000001d00000002
000009b00000000000000000
000009980000000000000000
0000099c0000000bffffffff
000009a00000000b00000000
000009a40000001100000000
000009a80000001400000000
000009ac0000001d00000001
000009b00000000000000000
000009980000000000000000
0000099c0000000bffffffff
000009a00000000b00000000
000009a40000001100000000
000009a80000001400000000
000009ac0000001d00000000
000009b00000000000000000
000009b40000000000000000
000009b80000001100000000
000009bc0000001d00000004
000009c000000001adb1f9c0
000009c400000008000000ec
000009c80000000c00000000
000009cc0000000300000002
000009d00000001d00000003
000009d40000000000000000
000009c000000001adb1f9c0
000009c400000008000000ec
000009c80000000c00000002
000009cc0000000300000002
000009d00000001d00000002
000009d40000000000000000
000009c000000001adb1f9c0
000009c400000008000000ec
000009c80000000c00000002
000009cc0000000300000002
000009d00000001d00000001
000009d40000000000000000
000009c000000001adb1f9c0
000009c400000008000000ec
000009c80000000c00000002
000009cc0000000300000002
000009d00000001d00000000
000009d40000000000000000
000009d80000000700000000
000009dc00000017000009c1
000009e000000014eab50001
000009e400000001000006a1
000009e80000001c00000004
000009ec0000001a00000000
000009f00000001a00000000
000009f40000001b000009f4
000009f80000001b000009f4
000009fc0000000100000a00
00000a0000000019000000fc
00000a040000000000000000
00000a100000001c00000003
00000a140000000000000000
000009ec0000001a00000001
000009f00000001a00000008
000009f40000001b000009f4
000009f80000001b000009fc
000009fc0000000100000a00
00000a0800000019000000ff
00000a0c0000000000000000
00000a100000001c00000002
00000a140000000000000000
000009ec0000001a00000000
000009f00000001a00000000
000009f40000001b000009f4
000009f80000001b000009f4
000009fc0000000100000a00
00000a000000001900000100
00000a040000000000000000
00000a100000001c00000001
00000a140000000000000000
000009ec0000001a00000001
000009f00000001a00000008
000009f40000001b000009f4
000009f80000001b000009fc
000009fc0000000100000a00
00000a080000001900000103
00000a0c0000000000000000
00000a100000001c00000000
00000a140000000000000000
00000a180000000000000000
00000a2000000013eab50001
00000a2400000012000006a1
00000a280000000000000000
00000a3c0000001000000001
00000a400000000357a75ed5
00000a440000000100000a48
00000a4c0000000a00000a48
00000a500000000100000a54
00000a600000000b00000a54
00000a640000000100000a68
00000a740000000c00000a68
00000a780000000100000a7c
00000a880000000d00000a7c
00000a8c0000000100000a90
00000a9c0000000e00000a90
00000aa00000000100000aa4
00000ab000000015fffff874
00000ab40000000000000000
00000aa40000000600000aa5
00000aa80000000100000a90
00000aac0000000000000000
00000a900000001500000a54
00000a940000000100000a7c
00000a980000000000000000
00000a7c00000017a2a88000
00000a800000000100000a68
00000a840000000000000000
00000a6800000017a2a880ec
00000a6c0000000100000a54
00000a700000000000000000
00000a5400000002fffffea1
00000a580000000100000a48
00000a5c0000000000000000
00000a480000000000000000
00000ab80000000000000000
00000abc0000001300000000
00000ac000000013a2a878ec
00000ac40000000000000000
00000ac80000001700000000
00000acc0000000000000000
00000ad80000001200000001
00000adc0000001200000000
00000ae00000000500000a90
00000ae4000000179a9b2ae4
00000ae80000000400000000
00000aec0000000000000000
00000af40000000ffffff570
00000af80000000000000000
00000b0800000006ffffdfff
00000b0c0000000c00000000
00000b100000000000000000
00000b240000001d00000002
00000b2800000002236f3000
00000b2c0000000000000000
00000b300000000000000000
00000b3400000002fffffa94
00000b380000000b00000a90
00000b3c0000001700000000
00000b400000001d00000001
00000b440000000000000000
00000b2800000002236f3000
00000b2c0000000000000000
00000b300000000000000000
00000b3400000002fffffa94
00000b380000000b00000a90
00000b3c0000001700000000
00000b400000001d00000000
00000b440000000000000000
00000b48000000103c721b48
00000b4c00000001ffffffff
00000b500000001200000a90
00000b540000000100000b58
00000b5c0000000a00000b58
00000b600000000100000b64
00000b700000000b00000b64
00000b740000000100000b78
00000b840000000c00000b78
00000b880000000100000b8c
00000b980000000d00000b8c
00000b9c0000000100000ba0
00000bac0000000e00000ba0
00000bb00000000100000bb4
00000bc00000000f00000bb4
00000bc40000000100000bc8
00000bd40000001000000bc8
00000bd80000000100000bdc
00000be80000001100000bdc
00000bec0000000100000bf0
00000bfc0000000500000001
00000c000000000000000000
00000bf00000001700000000
00000bf40000000100000bdc
00000bf80000000000000000
00000bdc0000000400000000
00000be00000000100000bc8
00000be40000000000000000
00000bc80000000865f13bc8
00000bcc0000000100000bb4
00000bd00000000000000000
00000bb40000000260000000
00000bb80000000100000ba0
00000bbc0000000000000000
00000ba00000000800000000
00000ba40000000100000b8c
00000ba80000000000000000
00000b8c0000000500000000
00000b900000000100000b78
00000b940000000000000000
00000b7800000008d9cd4b78
00000b7c0000000100000b64
00000b800000000000000000
00000b640000001757a75eff
00000b680000000100000b58
00000b6c0000000000000000
00000b580000000000000000
00000c040000000100000c08
00000c0c0000000a00000c08
00000c100000000100000c14
00000c200000000b00000c14
00000c240000000100000c28
00000c340000000c00000c28
00000c380000000100000c3c
00000c480000000d00000c3c
00000c4c0000000100000c50
00000c5c0000000e00000c50
00000c600000000100000c64
00000c700000000f00000c64
00000c740000000100000c78
00000c840000001000000c78
00000c880000000100000c8c
00000c980000001100000c8c
00000c9c0000000100000ca0
00000cac000000077522c000
00000cb00000000000000000
00000ca00000001400000000
00000ca40000000100000c8c
00000ca80000000000000000
00000c8c0000000331114c8c
00000c900000000100000c78
00000c940000000000000000
00000c780000000660000000
00000c7c0000000100000c64
00000c800000000000000000
00000c640000000900000000
00000c680000000100000c50
00000c6c0000000000000000
00000c50000000158225ec79
00000c540000000100000c3c
00000c580000000000000000
00000c3c0000000000000000
00000c400000000100000c28
00000c440000000000000000
00000c280000000500000000
00000c2c0000000100000c14
00000c300000000000000000
00000c140000000000000000
00000c180000000100000c08
00000c1c0000000000000000
00000c080000000000000000
00000cb40000000c00000001
00000cb80000000c37a75eff
00000cbc0000000100000cc0
00000cc40000000a00000cc0
00000cc80000000100000ccc
00000cd80000000700000c51
00000cdc0000000000000000
00000ccc00000015000029fc
00000cd00000000100000cc0
00000cd40000000000000000
00000cc00000000000000000
00000ce00000001d00000004
00000ce40000000300000000
00000ce80000000300000000
00000cec0000000da2450cec
00000cf00000000600000c8c
00000cf40000000f00000000
00000cf80000000a00000cf8
00000cfc0000001d00000003
00000d000000000000000000
00000ce40000000300000000
00000ce80000000300000000
00000cec0000000da2450cec
00000cf00000000600000c8c
00000cf40000000f00000000
00000cf80000000a00000cf8
00000cfc0000001d00000002
00000d000000000000000000
00000ce40000000300000000
00000ce80000000300000000
00000cec0000000da2450cec
00000cf00000000600000c8c
00000cf40000000f00000000
00000cf80000000a00000cf8
00000cfc0000001d00000001
00000d000000000000000000
00000ce40000000300000000
00000ce80000000300000000
00000cec0000000da2450cec
00000cf00000000600000c8c
00000cf40000000f00000000
00000cf80000000a00000cf8
00000cfc0000001d00000000
00000d000000000000000000
00000d040000001c00000003
00000d080000001a00000001
00000d0c0000001a00000008
00000d100000001b00000d10
00000d140000001b00000d18
00000d180000000000000000
00000d240000001900000106
00000d280000000000000000
00000d2c0000001c00000002
00000d300000000000000000
00000d080000001a00000000
00000d0c0000001a00000000
00000d100000001b00000d10
00000d140000001b00000d10
00000d180000000000000000
00000d1c0000001900000107
00000d200000000000000000
00000d2c0000001c00000001
00000d300000000000000000
00000d080000001a00000001
00000d0c0000001a00000008
00000d100000001b00000d10
00000d140000001b00000d18
00000d180000000000000000
00000d24000000190000010a
00000d280000000000000000
00000d2c0000001c00000000
00000d300000000000000000
00000d340000001000000000
00000d380000000800000000
00000d3c0000000800000000
00000d400000000200000000
00000d440000000400000000
00000d480000000100000d4c
00000d500000000a00000d4c
00000d540000000100000d58
00000d640000000b00000d58
00000d680000000100000d6c
00000d780000000c00000d6c
00000d7c0000000100000d80
00000d8c0000000d00000d80
00000d900000000100000d94
00000da00000000200000c0c
00000da40000000000000000
00000d940000000200002800
00000d980000000100000d80
00000d9c0000000000000000
00000d800000000600000001
00000d840000000100000d6c
00000d880000000000000000
00000d6c0000000800000001
00000d700000000100000d58
00000d740000000000000000
00000d580000001400002e50
00000d5c0000000100000d4c
00000d600000000000000000
00000d4c0000000000000000
00000da80000000800000001
00000dac00000013000029ff
00000db00000001500000c8c
00000db40000000100000db8
00000dbc0000000a00000db8
00000dc00000000100000dc4
00000dd00000000b00000dc4
00000dd40000000100000dd8
00000de40000000700000c8c
00000de80000000000000000
00000dd80000000000000000
00000ddc0000000100000dc4
00000de00000000000000000
00000dc4000000147b44c000
00000dc80000000100000db8
00000dcc0000000000000000
00000db80000000000000000
00000dec0000001360000000
00000df00000000000000000
00000df40000000000000000
00000df80000001400000000
00000dfc0000000b00000000
00000e00000000090af4ebdf
00000e040000001200000001
00000e080000000700000000
00000e0c0000000600000001
00000e100000001d00000005
00000e1400000016a94b4000
00000e18000000150000068c
00000e1c0000001d00000004
00000e200000000000000000
00000e1400000016a94b4000
00000e18000000150000068c
00000e1c0000001d00000003
00000e200000000000000000
00000e1400000016a94b4000
00000e18000000150000068c
00000e1c0000001d00000002
00000e200000000000000000
00000e1400000016a94b4000
00000e18000000150000068c
00000e1c0000001d00000001
00000e200000000000000000
00000e1400000016a94b4000
00000e18000000150000068c
00000e1c0000001d00000000
00000e200000000000000000
00000e240000001500000002
00000e280000000800000000
00000e2c000000050af4ebe7
00000e300000001000000000
00000e340000000100000001
00000e380000001d00000006
00000e3c0000000000000000
00000e400000001200000000
00000e440000001500000000
00000e480000000c00000001
00000e4c0000000300000000
00000e500000001000002206
00000e540000001d00000005
00000e580000000000000000
00000e3c0000000000000000
00000e400000001200000000
00000e440000001500000000
00000e480000000c00000001
00000e4c0000000300000000
00000e500000001000002205
00000e540000001d00000004
00000e580000000000000000
00000e3c0000000000000000
00000e400000001200000000
00000e440000001500000000
00000e480000000c00000001
00000e4c0000000300000000
00000e500000001000002204
00000e540000001d00000003
00000e580000000000000000
00000e3c0000000000000000
00000e400000001200000000
00000e440000001500000000
00000e480000000c00000001
00000e4c0000000300000000
00000e500000001000002203
00000e540000001d00000002
00000e580000000000000000
00000e3c0000000000000000
00000e400000001200000000
00000e440000001500000000
00000e480000000c00000001
00000e4c0000000300000000
00000e500000001000002202
00000e540000001d00000001
00000e580000000000000000
00000e3c0000000000000000
00000e400000001200000000
00000e440000001500000000
00000e480000000c00000001
00000e4c0000000300000000
00000e500000001000002201
00000e540000001d00000000
00000e580000000000000000
00000e5c0000000000000000
00000e600000001300000001
00000e640000000800000001
00000e680000001500000000
00000e6c0000000300000200
00000e7000000001fffff801
00000e740000000200000001
00000e78000000169c02c000
00000e7c0000000100000e80
00000e840000000a00000e80
00000e880000000100000e8c
00000e980000000b00000e8c
00000e9c0000000100000ea0
00000eac0000000c00000ea0
00000eb00000000100000eb4
00000ec00000000d00000eb4
00000ec40000000100000ec8
00000ed40000000300000000
00000ed80000000000000000
00000ec8000000058c000000
00000ecc0000000100000eb4
00000ed00000000000000000
00000eb400000014000007ff
00000eb80000000100000ea0
00000ebc0000000000000000
00000ea00000001500000000
00000ea40000000100000e8c
00000ea80000000000000000
00000e8c0000000400000ea0
00000e900000000100000e80
00000e940000000000000000
00000e800000000000000000
00000edc0000000000000000
00000ee00000001c00000004
00000ee40000001a00000000
00000ee80000001a00000000
00000eec0000001b00000eec
00000ef00000001b00000eec
00000ef40000000100000ef8
00000ef8000000190000010b
00000efc0000000000000000
00000f080000001c00000003
00000f0c0000000000000000
00000ee40000001a00000001
00000ee80000001a00000008
00000eec0000001b00000eec
00000ef00000001b00000ef4
00000ef40000000100000ef8
00000f00000000190000010e
00000f040000000000000000
00000f080000001c00000002
00000f0c0000000000000000
00000ee40000001a00000000
00000ee80000001a00000000
00000eec0000001b00000eec
00000ef00000001b00000eec
00000ef40000000100000ef8
00000ef8000000190000010f
00000efc0000000000000000
00000f080000001c00000001
00000f0c0000000000000000
00000ee40000001a00000001
00000ee80000001a00000008
00000eec0000001b00000eec
00000ef00000001b00000ef4
00000ef40000000100000ef8
00000f000000001900000112
00000f040000000000000000
00000f080000001c00000000
00000f0c0000000000000000
00000f100000000600000000
00000f140000000000000000
00000f280000000100000f2c
00000f300000000a00000f2c
00000f340000000100000f38
00000f440000000b00000f38
00000f480000000100000f4c
00000f580000000c00000f4c
00000f5c0000000100000f60
00000f6c0000000d00000f60
00000f700000000100000f74
00000f800000000e00000f74
00000f840000000100000f88
00000f940000000f00000f88
00000f980000000100000f9c
00000fa80000000600000000
00000fac0000000000000000
00000f9c00000007fffffffd
00000fa00000000100000f88
00000fa40000000000000000
00000f880000000200000ea8
00000f8c0000000100000f74
00000f900000000000000000
00000f740000000600000f88
00000f780000000100000f60
00000f7c0000000000000000
00000f600000001700000f61
00000f640000000100000f4c
00000f680000000000000000
00000f4c00000004a6000000
00000f500000000100000f38
00000f540000000000000000
00000f380000000200000000
00000f3c0000000100000f2c
00000f400000000000000000
00000f2c0000000000000000
00000fb0000000158c000000
00000fb40000000b00002200
00000fb80000001400000001
00000fbc0000000000000000
00000fc00000000d00000001
00000fc40000000000000000
00000fd40000001700000000
00000fd80000000000000000
00000fdc0000000200000000
00000fe00000000500000001
00000fe40000000000000000
00000fe800000015c113f000
00000fec0000000f00000001
00000ff00000000300000000
00000ff40000001200000000
00000ff80000000500000001
00000ffc0000001d00000002
000010000000000d15238000
000010040000001d00000001
000010080000000000000000
000010000000000d15238000
000010040000001d00000000
000010080000000000000000
0000100c0000001d00000004
000010100000000300000001
000010140000001d00000003
000010180000000000000000
000010100000000300000001
000010140000001d00000002
000010180000000000000000
000010100000000300000001
000010140000001d00000001
000010180000000000000000
000010100000000300000001
000010140000001d00000000
000010180000000000000000
0000101c00000002694d1000
000010200000000000000000
000010280000000200000000
0000102c0000000bfffffffa
000010300000000500000002
000010340000000600001014
000010380000001d00000006
0000103c0000001200000000
000010400000000b01038000
000010440000001d00000005
000010480000000000000000
0000103c0000001200000000
000010400000000b01038000
000010440000001d00000004
000010480000000000000000
0000103c0000001200000000
000010400000000b01038000
000010440000001d00000003
000010480000000000000000
0000103c0000001200000000
000010400000000b01038000
000010440000001d00000002
000010480000000000000000
0000103c0000001200000000
000010400000000b01038000
000010440000001d00000001
000010480000000000000000
0000103c0000001200000000
000010400000000b01038000
000010440000001d00000000
000010480000000000000000
0000104c0000001600000000
000010500000000500000ffc
000010540000000000000000
000010580000001d00000002
0000105c0000000759fffffd
000010600000001600000112
0000106400000011b1ba3064
00001068000000013992f000
0000106c0000000300000001
000010700000001d00000001
000010740000000000000000
0000105c00000007b3fffffd
000010600000001600000112
0000106400000011b1ba3064
00001068000000013992f000
0000106c0000000300000001
000010700000001d00000000
000010740000000000000000
000010780000001300000001
0000107c0000001700000000
000010800000000000000000
000010840000001d00000003
0000108800000009d9dbb088
0000108c0000001d00000002
000010900000000000000000
0000108800000009d9dbb088
0000108c0000001d00000001
000010900000000000000000
0000108800000009d9dbb088
0000108c0000001d00000000
000010900000000000000000
000010940000000800000000
000010980000000700000018
0000109c00000008ffffe814
000010a00000000400000000
000010a40000000f00000112
000010a80000001d00000004
000010ac000000174e45cf9b
000010b000000006d9dbb088
000010b40000000000000000
000010b80000001600000000
000010bc0000001d00000003
000010c00000000000000000
000010ac000000174e45cf9b
000010b000000006d9dbb088
000010b40000000000000000
000010b80000001600000000
000010bc0000001d00000002
000010c00000000000000000
000010ac000000174e45cf9b
000010b000000006d9dbb088
000010b40000000000000000
000010b80000001600000000
000010bc0000001d00000001
000010c00000000000000000
000010ac000000174e45cf9b
000010b000000006d9dbb088
000010b40000000000000000
000010b80000001600000000
000010bc0000001d00000000
000010c00000000000000000
000010c40000001186f33000
000010c80000000000000000
000010cc0000001d00000005
000010d00000000b00000018
000010d40000000a00000001
000010d80000000786f33018
000010dc0000001d00000004
000010e00000000000000000
000010d00000000b86f33018
000010d40000000a00000001
000010d80000000700000018
000010dc0000001d00000003
000010e00000000000000000
000010d00000000b00000018
000010d40000000a00000001
000010d80000000786f33018
000010dc0000001d00000002
000010e00000000000000000
000010d00000000b86f33018
000010d40000000a00000001
000010d80000000700000018
000010dc0000001d00000001
000010e00000000000000000
000010d00000000b00000018
000010d40000000a00000001
000010d80000000786f33018
000010dc0000001d00000000
000010e00000000000000000
000010e40000000100000000
000010e80000000900000001
000010ec0000000c00000000
000010f00000000b08000000
000010f40000001d00000006
000010f80000001700000ec9
000010fc0000001400000000
0000110000000007000006dc
000011040000001008002201
0000110800000008fffffeee
0000110c0000000a00000000
000011100000001d00000005
000011140000000000000000
000010f80000001700000ec9
000010fc0000001400000000
0000110000000007000006dc
000011040000001008002201
0000110800000008fffffeee
0000110c0000000a00000000
000011100000001d00000004
000011140000000000000000
000010f80000001700000ec9
000010fc0000001400000000
0000110000000007000006dc
000011040000001008002201
0000110800000008fffffeee
0000110c0000000a00000000
000011100000001d00000003
000011140000000000000000
000010f80000001700000ec9
000010fc0000001400000000
0000110000000007000006dc
000011040000001008002201
0000110800000008fffffeee
0000110c0000000a00000000
000011100000001d00000002
000011140000000000000000
000010f80000001700000ec9
000010fc0000001400000000
0000110000000007000006dc
000011040000001008002201
0000110800000008fffffeee
0000110c0000000a00000000
000011100000001d00000001
000011140000000000000000
000010f80000001700000ec9
000010fc0000001400000000
0000110000000007000006dc
000011040000001008002201
0000110800000008fffffeee
0000110c0000000a00000000
000011100000001d00000000
000011140000000000000000
000011180000000b00000000
0000111c0000000000000000
000011200000001d00000005
000011240000001500000001
000011280000000ffffffa19
0000112c0000000f00000000
000011300000001486f33000
00001134000000059c647000
000011380000001d00000004
0000113c0000000000000000
000011240000001500000001
000011280000000ffffffa18
0000112c0000000f00000000
000011300000001486f33000
00001134000000059c647000
000011380000001d00000003
0000113c0000000000000000
000011240000001500000001
000011280000000ffffffa17
0000112c0000000f00000000
000011300000001486f33000
00001134000000059c647000
000011380000001d00000002
0000113c0000000000000000
000011240000001500000001
000011280000000ffffffa16
0000112c0000000f00000000
000011300000001486f33000
00001134000000059c647000
000011380000001d00000001
0000113c0000000000000000
000011240000001500000001
000011280000000ffffffa15
0000112c0000000f00000000
000011300000001486f33000
00001134000000059c647000
000011380000001d00000000
0000113c0000000000000000
000011400000000100001144
000011480000000a00001144
0000114c0000000100001150
0000115c0000000b00001150
000011600000000100001164
000011700000000c00001164
000011740000000100001178
000011840000000d00001178
00001188000000010000118c
000011980000000e0000118c
0000119c00000001000011a0
000011ac0000000000000000
000011b00000000000000000
000011a000000003fffff800
000011a4000000010000118c
000011a80000000000000000
0000118c0000000400000000
000011900000000100001178
000011940000000000000000
000011780000000400000001
0000117c0000000100001164
000011800000000000000000
0000116400000003fffffd9d
000011680000000100001150
0000116c0000000000000000
000011500000000986f33000
000011540000000100001144
000011580000000000000000
000011440000000000000000
000011b40000001646b691b4
000011b80000001600000000
000011bc0000000000000000
000011c000000001000011c4
000011c80000000a000011c4
000011cc00000001000011d0
000011dc0000000b000011d0
000011e000000001000011e4
000011f00000000c000011e4
000011f400000001000011f8
000012040000000d000011f8
00001208000000010000120c
000012180000000e0000120c
0000121c0000000100001220
0000122c0000000f00001220
000012300000000100001234
000012400000001000001234
000012440000000100001248
0000125400000016c3f09000
000012580000000000000000
000012480000000000000000
0000124c0000000100001234
000012500000000000000000
0000123400000002d9dbb088
000012380000000100001220
0000123c0000000000000000
000012200000000900000001
00001224000000010000120c
000012280000000000000000
0000120c00000002fffff800
0000121000000001000011f8
000012140000000000000000
000011f80000001500000000
000011fc00000001000011e4
000012000000000000000000
000011e400000014ffffee10
000011e800000001000011d0
000011ec0000000000000000
000011d0000000041606b1d0
000011d400000001000011c4
000011d80000000000000000
000011c40000000000000000
0000125c0000000d00000000
000012600000001158cd6000
000012640000000100000000
00001268000000010000126c
000012700000000a0000126c
000012740000000100001278
000012840000000b00001278
00001288000000010000128c
000012980000000c0000128c
0000129c00000001000012a0
000012ac0000000d000012a0
000012b000000001000012b4
000012c00000000e000012b4
000012c400000001000012c8
000012d40000000f000012c8
000012d800000001000012dc
000012e800000010000012dc
000012ec00000001000012f0
000012fc00000011000012f0
000013000000000100001304
0000131000000007fffff800
000013140000000000000000
000013040000001600000001
0000130800000001000012f0
0000130c0000000000000000
000012f000000003bcfac2f0
000012f400000001000012dc
000012f80000000000000000
000012dc000000087d6f92dc
000012e000000001000012c8
000012e40000000000000000
000012c80000000000000000
000012cc00000001000012b4
000012d00000000000000000
000012b4000000090fffff80
000012b800000001000012a0
000012bc0000000000000000
000012a0000000030fffff80
000012a4000000010000128c
000012a80000000000000000
0000128c00000009bbdf228c
000012900000000100001278
000012940000000000000000
000012780000000500000000
0000127c000000010000126c
000012800000000000000000
0000126c0000000000000000
000013180000000fbbdf228c
0000131c0000000f00000000
000013200000000b00000049
000013240000000f000012b4
0000132800000016ffffee10
0000132c0000000000000000
00001330000000090fffff80
000013340000000000000000
0000133c0000000500000001
0000134000000001f5f6f000
000013440000000d00000ec9
000013480000001d00000006
0000134c0000000300000006
000013500000000300000000
000013540000000900000001
000013580000001400002000
0000135c000000131606a30c
0000136000000009000032dc
000013640000001d00000005
000013680000000000000000
0000134c0000000300000005
000013500000000300000000
000013540000000900000001
000013580000001400002000
0000135c000000131606a30c
0000136000000009000032dc
000013640000001d00000004
000013680000000000000000
0000134c0000000300000004
000013500000000300000000
000013540000000900000001
000013580000001400002000
0000135c000000131606a30c
0000136000000009000032dc
000013640000001d00000003
000013680000000000000000
0000134c0000000300000003
000013500000000300000000
000013540000000900000001
000013580000001400002000
0000135c000000131606a30c
0000136000000009000032dc
000013640000001d00000002
000013680000000000000000
0000134c0000000300000002
000013500000000300000000
000013540000000900000001
000013580000001400002000
0000135c000000131606a30c
0000136000000009000032dc
000013640000001d00000001
000013680000000000000000
0000134c0000000300000001
000013500000000300000000
000013540000000900000001
000013580000001400002000
0000135c000000131606a30c
0000136000000009000032dc
000013640000001d00000000
000013680000000000000000
0000136c0000000100001370
000013740000000a00001370
00001378000000010000137c
000013880000000b0000137c
0000138c0000000100001390
0000139c00000005fffff800
000013a00000000000000000
000013900000000000000000
00001394000000010000137c
000013980000000000000000
0000137c000000141606a30d
000013800000000100001370
000013840000000000000000
000013700000000000000000
000013a40000001100000000
000013a80000000000000000
000013ac0000000a00000000
000013b00000000ffffff808
000013b40000000000000000
000013bc0000000300000000
000013c00000000e00000000
000013c40000000700000000
000013c80000000000000000
000013d00000000e00000000
000013d40000000000000000
000013d80000000b00000000
000013dc0000000000000000
000013e00000001d00000003
000013e40000000c000012df
000013e80000000700000000
000013ec0000001000002201
000013f000000003dbe473f0
000013f40000001197fdd000
000013f80000001d00000002
000013fc0000000000000000
000013e40000000c0000225b
000013e80000000700000000
000013ec0000001000002201
000013f000000003dbe473f0
000013f40000001197fdd000
000013f80000001d00000001
000013fc0000000000000000
000013e40000000c0000225b
000013e80000000700000000
000013ec0000001000002201
000013f000000003dbe473f0
000013f40000001197fdd000
000013f80000001d00000000
000013fc0000000000000000
000014000000000700000013
000014040000000e000011c6
000014080000000a00000001
0000140c0000000000000000
0000141000000001ffffffff
000014140000000000000000
000014180000000300000000
0000141c0000000300000001
000014200000001100002200
000014240000000500000100
000014280000000000000000
0000142c0000001d00000006
0000143000000010ebf24000
000014340000001d00000005
000014380000000000000000
0000143000000010ebf24000
000014340000001d00000004
000014380000000000000000
0000143000000010ebf24000
000014340000001d00000003
000014380000000000000000
0000143000000010ebf24000
000014340000001d00000002
000014380000000000000000
0000143000000010ebf24000
000014340000001d00000001
000014380000000000000000
0000143000000010ebf24000
000014340000001d00000000
000014380000000000000000
0000143c0000000100001440
000014440000000a00001440
00001448000000010000144c
000014580000000b0000144c
0000145c0000000100001460
0000146c0000000c00001460
000014700000000100001474
000014800000000d00001474
000014840000000100001488
000014940000000e00001488
00001498000000010000149c
000014a8000000171606b1d1
000014ac0000000000000000
0000149c00000017000032dc
000014a00000000100001488
000014a40000000000000000
000014880000000700000000
0000148c0000000100001474
000014900000000000000000
000014740000000200000001
000014780000000100001460
0000147c0000000000000000
000014600000001713000000
00001464000000010000144c
000014680000000000000000
0000144c0000000800000000
000014500000000100001440
000014540000000000000000
000014400000000000000000
000014b000000008000001d0
000014b40000000c00000000
000014b80000000400000000
000014bc00000014ffffffee
000014c00000001500000000
000014c40000000800000000
000014c80000001400000ef4
000014cc000000069249b000
000014d000000010e8000000
000014d40000000f00002200
000014d80000000400000000
000014dc0000000000000000
000014e00000000000000000
000014e40000000f00000000
000014e80000000c00000000
000014ec0000000000000000
000014f40000001d00000004
000014f80000000a00000001
000014fc0000000300002000
000015000000000600000000
000015040000000500000000
000015080000000600000000
0000150c00000012fffff10b
000015100000001d00000003
000015140000000000000000
000014f80000000a00000001
000014fc00000003ffffd10b
000015000000000600000000
000015040000000500000000
000015080000000600000000
0000150c00000012fffff10b
000015100000001d00000002
000015140000000000000000
000014f80000000a00000001
000014fc00000003ffffd10b
000015000000000600000000
000015040000000500000000
000015080000000600000000
0000150c00000012fffff10b
000015100000001d00000001
000015140000000000000000
000014f80000000a00000001
000014fc00000003ffffd10b
000015000000000600000000
000015040000000500000000
000015080000000600000000
0000150c00000012fffff10b
000015100000001d00000000
000015140000000000000000
000015180000000000000000
000015280000000b00001474
0000152c0000000e000017a3
00001530000000112608f000
000015340000000000000000
000015440000000000000000
000015480000001d00000003
0000154c00000011aa2d7000
000015500000001d00000002
000015540000000000000000
0000154c00000011aa2d7000
000015500000001d00000001
000015540000000000000000
0000154c00000011aa2d7000
000015500000001d00000000
000015540000000000000000
000015580000000c00000000
0000155c0000000000000000
000015600000000000000000
000015640000001500000000
000015680000000400000000
0000156c00000006ffffd11b
000015700000000300000000
000015740000000d00000001
000015780000000000000000
0000157c0000000d97eee000
000015800000000100001584
000015880000000a00001584
0000158c0000000100001590
0000159c0000000b00001590
000015a000000001000015a4
000015b00000000c000015a4
000015b400000001000015b8
000015c40000000d000015b8
000015c800000001000015cc
000015d80000000e000015cc
000015dc00000001000015e0
000015ec0000000f000015e0
000015f000000001000015f4
0000160000000010000015f4
000016040000000100001608
000016140000001100001608
00001618000000010000161c
00001628000000120000161c
0000162c0000000100001630
0000163c0000001300001630
000016400000000100001644
000016500000000200000001
000016540000000000000000
000016440000000600000001
000016480000000100001630
0000164c0000000000000000
000016300000000600000000
00001634000000010000161c
000016380000000000000000
0000161c0000001600000001
000016200000000100001608
000016240000000000000000
000016080000001700000000
0000160c00000001000015f4
000016100000000000000000
000015f40000001400200000
000015f800000001000015e0
000015fc0000000000000000
000015e00000001700003630
000015e400000001000015cc
000015e80000000000000000
000015cc0000001716300000
000015d000000001000015b8
000015d40000000000000000
000015b80000000000000000
000015bc00000001000015a4
000015c00000000000000000
000015a40000000400002758
000015a80000000100001590
000015ac0000000000000000
000015900000001400000001
000015940000000100001584
000015980000000000000000
000015840000000000000000
000016580000000800000000
0000165c0000001d00000003
000016600000000600000000
000016640000000700000002
0000166800000013c6849668
0000166c0000001d00000002
000016700000000000000000
000016600000000600000000
000016640000000700000001
0000166800000013c6849668
0000166c0000001d00000001
000016700000000000000000
000016600000000600000000
000016640000000700000000
0000166800000013c6849668
0000166c0000001d00000000
000016700000000000000000
000016740000001d00000006
000016780000000800000150
0000167c0000000000000000
000016800000000000000000
000016840000000000000000
0000168800000017000027ff
0000168c0000000800000000
000016900000001d00000005
000016940000000000000000
000016780000000800000150
0000167c0000000000000000
000016800000000000000000
000016840000000000000000
0000168800000017000027ff
0000168c0000000800000000
000016900000001d00000004
000016940000000000000000
000016780000000800000150
0000167c0000000000000000
000016800000000000000000
000016840000000000000000
0000168800000017000027ff
0000168c0000000800000000
000016900000001d00000003
000016940000000000000000
000016780000000800000150
0000167c0000000000000000
000016800000000000000000
000016840000000000000000
0000168800000017000027ff
0000168c0000000800000000
000016900000001d00000002
000016940000000000000000
000016780000000800000150
0000167c0000000000000000
000016800000000000000000
000016840000000000000000
0000168800000017000027ff
0000168c0000000800000000
000016900000001d00000001
000016940000000000000000
000016780000000800000150
0000167c0000000000000000
000016800000000000000000
000016840000000000000000
0000168800000017000027ff
0000168c0000000800000000
000016900000001d00000000
000016940000000000000000
000016980000000dd801f000
0000169c0000000000000000
000016a00000000800001fff
000016a40000000800000000
000016a80000000f000015f4
000016ac0000001500000001
000016b00000000d00000000
000016b40000001c00000004
000016b80000001a00000000
000016bc0000001a00000000
000016c00000001b000016c0
000016c40000001b000016c0
000016c80000000000000000
000016cc0000001900000113
000016d00000000000000000
000016dc0000001c00000003
000016e00000000000000000
000016b80000001a00000001
000016bc0000001a00000008
000016c00000001b000016c0
000016c40000001b000016c8
000016c80000000000000000
000016d40000001900000116
000016d80000000000000000
000016dc0000001c00000002
000016e00000000000000000
000016b80000001a00000000
000016bc0000001a00000000
000016c00000001b000016c0
000016c40000001b000016c0
000016c80000000000000000
000016cc0000001900000117
000016d00000000000000000
000016dc0000001c00000001
000016e00000000000000000
000016b80000001a00000001
000016bc0000001a00000008
000016c00000001b000016c0
000016c40000001b000016c8
000016c80000000000000000
000016d4000000190000011a
000016d80000000000000000
000016dc0000001c00000000
000016e00000000000000000
000016e40000000000000000
000016e80000000000000000
000016f40000001500016080
000016f8000000035d6c1000
000016fc00000012ef9ca000
000017000000000000000000
000017040000000100001708
0000170c0000000a00001708
000017100000000100001714
000017200000000b00001714
000017240000000100001728
000017340000000c00001728
00001738000000010000173c
000017480000000d0000173c
0000174c0000000100001750
0000175c0000000e00001750
000017600000000100001764
000017700000000f00001764
000017740000000100001778
000017840000001000001778
00001788000000010000178c
00001798000000110000178c
0000179c00000001000017a0
000017ac0000000000000000
000017b00000000000000000
000017a00000000200000000
000017a4000000010000178c
000017a80000000000000000
0000178c0000000200000000
000017900000000100001778
000017940000000000000000
000017780000000000000000
0000177c0000000100001764
000017800000000000000000
000017640000001600000807
000017680000000100001750
0000176c0000000000000000
0000175000000014000027ff
00001754000000010000173c
000017580000000000000000
0000173c0000000700000000
000017400000000100001728
000017440000000000000000
000017280000001500000000
0000172c0000000100001714
000017300000000000000000
0000171400000017783d9714
000017180000000100001708
0000171c0000000000000000
000017080000000000000000
000017b40000001800000000
000017b80000000000000000
000017c00000000000000000
