000000000000001f00002000
000000040000001e00002000
000000080000001e00002200
0000000c000000012265b000
00000010000000012265b1f5
000000140000000291b76000
000000180000000291b7584a
0000001c00000003d8f17000
0000002000000003d8f16adf
0000002400000004cd614000
0000002800000004cd613e30
0000002c00000005c386c000
0000003000000005c386bbc4
00000034000000061027c000
00000038000000061027c4d1
0000003c00000007414c3000
0000004000000007414c343c
00000044000000081e2ff000
00000048000000081e2feb89
0000004c000000097ed4d000
00000050000000097ed4d57b
000000540000000ac2ce7000
000000580000000ac2ce6f44
0000005c0000000b7311e000
000000600000000b7311d8a3
000000640000000c78e51000
000000680000000c78e51061
0000006c0000000da6ced000
000000700000000da6cecc1b
000000740000000e612e7000
000000780000000e612e7696
0000007c0000000fc9e9c000
000000800000000fc9e9c616
000000840000001035bfa000
000000880000001035bf992d
0000008c0000001118073000
000000900000001118072e8c
00000094000000127ce43000
00000098000000127ce42c82
0000009c000000130741c000
000000a0000000130741c7a8
000000a400000014e4b07000
000000a800000014e4b06ce6
000000ac00000015d5f4b000
000000b000000015d5f4b3b2
000000b40000001663ca8000
000000b80000001663ca828d
000000bc000000176ec9d000
000000c0000000176ec9d286
000000c40000001800000002
000000c8000000013a902000
000000cc000000041f408ce6
000000d00000000700000000
000000d40000000000000000
000000d80000000000000000
000000dc0000001700000000
000000e000000011000007ff
000000e40000000600000000
000000e80000001d00000006
000000ec0000000d78255000
000000f00000000200000000
000000f40000000700000003
000000f800000016d20b50f8
000000fc000000111e2feb88
000001000000001d00000005
000001040000000000000000
000000ec0000000d78255000
000000f00000000200000000
000000f40000000700000003
000000f800000016d20b50f8
000000fc000000111e2feb88
000001000000001d00000004
000001040000000000000000
000000ec0000000d78255000
000000f00000000200000000
000000f40000000700000003
000000f800000016d20b50f8
000000fc000000111e2feb88
000001000000001d00000003
000001040000000000000000
000000ec0000000d78255000
000000f00000000200000000
000000f40000000700000003
000000f800000016d20b50f8
000000fc000000111e2feb88
000001000000001d00000002
000001040000000000000000
000000ec0000000d78255000
000000f00000000200000000
000000f40000000700000003
000000f800000016d20b50f8
000000fc000000111e2feb88
000001000000001d00000001
000001040000000000000000
000000ec0000000d78255000
000000f00000000200000000
000000f40000000700000003
000000f800000016d20b50f8
000000fc000000111e2feb88
000001000000001d00000000
000001040000000000000000
000001080000001100000000
0000010c0000001c00000005
000001100000001a00000001
000001140000001a00000008
000001180000001b00000118
0000011c0000001b00000120
000001200000000000000000
0000012c0000001900000003
000001300000000000000000
000001340000001c00000004
000001380000000000000000
000001100000001a00000000
000001140000001a00000000
000001180000001b00000118
0000011c0000001b00000118
000001200000000000000000
000001240000001900000004
000001280000000000000000
000001340000001c00000003
000001380000000000000000
000001100000001a00000001
000001140000001a00000008
000001180000001b00000118
0000011c0000001b00000120
000001200000000000000000
0000012c0000001900000007
000001300000000000000000
000001340000001c00000002
000001380000000000000000
000001100000001a00000000
000001140000001a00000000
000001180000001b00000118
0000011c0000001b00000118
000001200000000000000000
000001240000001900000008
000001280000000000000000
000001340000001c00000001
000001380000000000000000
000001100000001a00000001
000001140000001a00000008
000001180000001b00000118
0000011c0000001b00000120
000001200000000000000000
0000012c000000190000000b
000001300000000000000000
000001340000001c00000000
000001380000000000000000
0000013c00000006d7788000
000001400000000147fc8000
000001440000000400000000
0000014800000011c2ce68bb
0000014c0000001000000003
000001500000000000000000
0000015400000005000007ff
000001580000001d00000004
0000015c0000000f612e7696
000001600000000e00000000
000001640000000200000000
00000168000000131e2feb8c
0000016c0000000700000000
000001700000001d00000003
000001740000000000000000
0000015c0000000f00000000
000001600000000e00000000
000001640000000200000000
00000168000000131e2feb8c
0000016c0000000700000000
000001700000001d00000002
000001740000000000000000
0000015c0000000f00000000
000001600000000e00000000
000001640000000200000000
00000168000000131e2feb8c
0000016c0000000700000000
000001700000001d00000001
000001740000000000000000
0000015c0000000f00000000
000001600000000e00000000
000001640000000200000000
00000168000000131e2feb8c
0000016c0000000700000000
000001700000001d00000000
000001740000000000000000
000001780000001300000121
0000017c0000000b00000001
000001800000001c00000005
000001840000001a00000001
000001880000001a00000008
0000018c0000001b0000018c
000001900000001b00000194
000001940000000000000000
000001a0000000190000000e
000001a40000000000000000
000001a80000001c00000004
000001ac0000000000000000
000001840000001a00000000
000001880000001a00000000
0000018c0000001b0000018c
000001900000001b0000018c
000001940000000000000000
00000198000000190000000f
0000019c0000000000000000
000001a80000001c00000003
000001ac0000000000000000
000001840000001a00000001
000001880000001a00000008
0000018c0000001b0000018c
000001900000001b00000194
000001940000000000000000
000001a00000001900000012
000001a40000000000000000
000001a80000001c00000002
000001ac0000000000000000
000001840000001a00000000
000001880000001a00000000
0000018c0000001b0000018c
000001900000001b0000018c
000001940000000000000000
000001980000001900000013
0000019c0000000000000000
000001a80000001c00000001
000001ac0000000000000000
000001840000001a00000001
000001880000001a00000008
0000018c0000001b0000018c
000001900000001b00000194
000001940000000000000000
000001a00000001900000016
000001a40000000000000000
000001a80000001c00000000
000001ac0000000000000000
000001b00000000700000000
000001b40000001d00000004
000001b80000000000000000
000001bc0000001d00000003
000001c00000000000000000
000001b80000000000000000
000001bc0000001d00000002
000001c00000000000000000
000001b80000000000000000
000001bc0000001d00000001
000001c00000000000000000
000001b80000000000000000
000001bc0000001d00000000
000001c00000000000000000
000001c40000000400000000
000001c80000000e00000000
000001cc0000000000000000
000001d000000001000001d4
000001d80000000a000001d4
000001dc00000001000001e0
000001ec0000000378e51061
000001f00000000000000000
000001e0000000027ce42c82
000001e400000001000001d4
000001e80000000000000000
000001d40000000000000000
000001f40000000f000001d4
000001f80000000d01f390b2
000001fc0000000151fbf000
000002000000000b00000016
000002040000000900000000
000002080000001d00000003
0000020c0000001700000001
000002100000000a78e511b5
000002140000000300000000
000002180000000a98544064
0000021c0000000859d90000
000002200000001d00000002
000002240000000000000000
0000020c0000001700000001
000002100000000a78e511b5
000002140000000300000000
000002180000000a98544064
0000021c0000000859d90000
000002200000001d00000001
000002240000000000000000
0000020c0000001700000001
000002100000000a78e511b5
000002140000000300000000
000002180000000a98544064
0000021c0000000859d90000
000002200000001d00000000
000002240000000000000000
000002280000000800000016
0000022c0000001d00000005
00000230000000155bf3f000
000002340000001d00000004
000002380000000000000000
00000230000000155bf3f000
000002340000001d00000003
000002380000000000000000
00000230000000155bf3f000
000002340000001d00000002
000002380000000000000000
00000230000000155bf3f000
000002340000001d00000001
000002380000000000000000
00000230000000155bf3f000
000002340000001d00000000
000002380000000000000000
0000023c0000000500000001
0000024000000005e4b06ce6
0000024400000007d22f0244
00000248000000010000024c
000002500000000a0000024c
000002540000000100000258
000002640000000b00000258
00000268000000010000026c
000002780000000c0000026c
0000027c0000000100000280
0000028c0000000d00000280
000002900000000100000294
000002a00000000e00000294
000002a400000001000002a8
000002b40000000f000002a8
000002b800000001000002bc
000002c800000010000002bc
000002cc00000001000002d0
000002dc00000011000002d0
000002e000000001000002e4
000002f000000012000002e4
000002f400000001000002f8
0000030400000013000002f8
00000308000000010000030c
000003180000001400000000
0000031c0000000000000000
0000030c00000007000000cc
0000031000000001000002f8
000003140000000000000000
000002f800000005a5319000
000002fc00000001000002e4
000003000000000000000000
000002e40000000900000000
000002e800000001000002d0
000002ec0000000000000000
000002d00000000000000000
000002d400000001000002bc
000002d80000000000000000
000002bc0000000800000001
000002c000000001000002a8
000002c40000000000000000
000002a80000001700000001
000002ac0000000100000294
000002b00000000000000000
0000029400000007fffffade
000002980000000100000280
0000029c0000000000000000
000002800000000900000000
00000284000000010000026c
000002880000000000000000
0000026c00000002ae9c826c
000002700000000100000258
000002740000000000000000
000002580000001400000000
0000025c000000010000024c
000002600000000000000000
0000024c0000000000000000
000003200000000100000324
000003280000000a00000324
0000032c0000000100000330
0000033c0000000b00000330
000003400000000100000344
000003500000000c00000344
000003540000000100000358
000003640000000d00000358
00000368000000010000036c
000003780000000e0000036c
0000037c0000000100000380
0000038c0000000f00000380
000003900000000100000394
000003a00000001000000394
000003a400000001000003a8
000003b400000011000003a8
000003b800000001000003bc
000003c80000000600000000
000003cc0000000000000000
000003bc0000000600000000
000003c000000001000003a8
000003c40000000000000000
000003a80000001400000001
000003ac0000000100000394
000003b00000000000000000
00000394000000030000068c
000003980000000100000380
0000039c0000000000000000
000003800000000400002358
00000384000000010000036c
000003880000000000000000
0000036c0000000000000000
000003700000000100000358
000003740000000000000000
000003580000000400000000
0000035c0000000100000344
000003600000000000000000
000003440000000500000000
000003480000000100000330
0000034c0000000000000000
000003300000001500000332
000003340000000100000324
000003380000000000000000
000003240000000000000000
000003d00000000400000d60
000003d400000001000003d8
000003dc0000000000000000
000003e00000000000000000
000003d80000000000000000
000003e40000001300000000
000003e80000000fffffffff
000003ec00000001000003f0
000003f40000000a000003f0
000003f800000001000003fc
000004080000000b000003fc
0000040c0000000100000410
0000041c0000000c00000410
000004200000000100000424
000004300000000d00000424
000004340000000100000438
000004440000000e00000438
00000448000000010000044c
000004580000000f0000044c
0000045c0000000100000460
0000046c0000001700000008
000004700000000000000000
000004600000000400000d60
00000464000000010000044c
000004680000000000000000
0000044c00000008d8a5044c
000004500000000100000438
000004540000000000000000
000004380000000000000000
0000043c0000000100000424
000004400000000000000000
000004240000001400000001
000004280000000100000410
0000042c0000000000000000
000004100000001400000008
0000041400000001000003fc
000004180000000000000000
000003fc0000000500000001
0000040000000001000003f0
000004040000000000000000
000003f00000000000000000
000004740000000fffffffff
000004780000000f00000000
0000047c0000000000000000
0000048c000000100000046b
000004900000000000000000
000004940000000000000000
000004980000000900000001
0000049c0000001700000008
000004a00000001700000000
000004a400000010000003fc
000004a80000000200002000
000004ac0000001700000000
000004b00000000d000007c8
000004b40000001300000002
000004b80000000700002001
000004bc0000000d00000001
000004c00000001d00000002
000004c40000000100000000
000004c80000001d00000001
000004cc0000000000000000
000004c40000000100000000
000004c80000001d00000000
000004cc0000000000000000
000004d00000000a00000000
000004d40000001d00000002
000004d80000000300000001
000004dc0000000700000002
000004e00000000900000000
000004e40000000000000000
000004e80000001d00000001
000004ec0000000000000000
000004d80000000300000001
000004dc0000000700000002
000004e00000000900000000
000004e40000000000000000
000004e80000001d00000000
000004ec0000000000000000
000004f00000000000000000
000004f80000000b00000000
000004fc0000001d00000006
0000050000000001000001d4
0000050400000002502e5000
000005080000000500000000
0000050c0000000000000000
000005100000001d00000005
000005140000000000000000
0000050000000001000003a8
0000050400000002502e5000
000005080000000500000000
0000050c0000000000000000
000005100000001d00000004
000005140000000000000000
0000050000000001000003a8
0000050400000002502e5000
000005080000000500000000
0000050c0000000000000000
000005100000001d00000003
000005140000000000000000
0000050000000001000003a8
0000050400000002502e5000
000005080000000500000000
0000050c0000000000000000
000005100000001d00000002
000005140000000000000000
0000050000000001000003a8
0000050400000002502e5000
000005080000000500000000
0000050c0000000000000000
000005100000001d00000001
000005140000000000000000
0000050000000001000003a8
0000050400000002502e5000
000005080000000500000000
0000050c0000000000000000
000005100000001d00000000
000005140000000000000000
000005180000000000000000
0000051c0000000000000000
000005240000000a00000000
000005280000001d00000003
0000052c0000001100000000
000005300000000000000000
000005340000000300000000
000005380000001300000000
0000053c0000001500000000
000005400000001d00000002
000005440000000000000000
0000052c0000001100000000
000005300000000000000000
000005340000000300000000
000005380000001300000000
0000053c0000001500000000
000005400000001d00000001
000005440000000000000000
0000052c0000001100000000
000005300000000000000000
000005340000000300000000
000005380000001300000000
0000053c0000001500000000
000005400000001d00000000
000005440000000000000000
000005480000000000000000
0000054c0000000000000000
000005500000000000000000
000005540000001537a64554
000005580000000000000000
000005640000001d00000004
000005680000000ec5348000
0000056c0000000dffffffff
000005700000000000000000
000005740000001d00000003
000005780000000000000000
000005680000000ec5348000
0000056c0000000dffffffff
000005700000000000000000
000005740000001d00000002
000005780000000000000000
000005680000000ec5348000
0000056c0000000dffffffff
000005700000000000000000
000005740000001d00000001
000005780000000000000000
000005680000000ec5348000
0000056c0000000dffffffff
000005700000000000000000
000005740000001d00000000
000005780000000000000000
0000057c0000000b000002e4
000005800000001100000001
000005840000000eafd1a896
00000588000000010000058c
000005900000000800000001
000005940000000000000000
0000058c0000000000000000
000005980000001c00000004
0000059c0000001a00000000
000005a00000001a00000000
000005a40000001b000005a4
000005a80000001b000005a4
000005ac00000001000005b0
000005b00000001900000017
000005b40000000000000000
000005c00000001c00000003
000005c40000000000000000
0000059c0000001a00000001
000005a00000001a00000008
000005a40000001b000005a4
000005a80000001b000005ac
000005ac00000001000005b0
000005b8000000190000001a
000005bc0000000000000000
000005c00000001c00000002
000005c40000000000000000
0000059c0000001a00000000
000005a00000001a00000000
000005a40000001b000005a4
000005a80000001b000005a4
000005ac00000001000005b0
000005b0000000190000001b
000005b40000000000000000
000005c00000001c00000001
000005c40000000000000000
0000059c0000001a00000001
000005a00000001a00000008
000005a40000001b000005a4
000005a80000001b000005ac
000005ac00000001000005b0
000005b8000000190000001e
000005bc0000000000000000
000005c00000001c00000000
000005c40000000000000000
000005c80000000400000000
000005cc0000000600000000
000005d00000001d00000004
000005d4000000097c5d05d4
000005d80000000700020000
000005dc0000000583a2fa2b
000005e00000000500000000
000005e40000000100000001
000005e80000000000000000
000005ec0000001d00000003
000005f00000000000000000
000005d4000000097c5d05d4
000005d80000000700020000
000005dc0000000583a2fa2b
000005e00000000500000000
000005e40000000100000001
000005e80000000000000000
000005ec0000001d00000002
000005f00000000000000000
000005d4000000097c5d05d4
000005d80000000700020000
000005dc0000000583a2fa2b
000005e00000000500000000
000005e40000000100000001
000005e80000000000000000
000005ec0000001d00000001
000005f00000000000000000
000005d4000000097c5d05d4
000005d80000000700020000
000005dc0000000583a2fa2b
000005e00000000500000000
000005e40000000100000001
000005e80000000000000000
000005ec0000001d00000000
000005f00000000000000000
000005f40000000000000000
000006000000000d00000410
000006040000000000000000
000006080000000100000000
0000060c0000000a00000000
000006100000000900000410
000006140000001000000000
000006180000000b949eb000
0000061c0000000000000000
000006280000000000000000
0000062c00000006fffdffff
000006300000000100000000
000006340000001100000002
000006380000000500000000
0000063c0000000800000002
000006400000000d00000000
000006440000000000000000
0000064800000016fffffa00
0000064c0000000000000000
000006580000001d00000002
0000065c0000001500000000
000006600000001d00000001
000006640000000000000000
0000065c0000001500000000
000006600000001d00000000
000006640000000000000000
00000668000000010000066c
000006700000000a0000066c
000006740000000100000678
000006840000000b00000678
00000688000000010000068c
0000069800000006000002e4
0000069c0000000000000000
0000068c0000000800000001
000006900000000100000678
000006940000000000000000
000006780000001600000000
0000067c000000010000066c
000006800000000000000000
0000066c0000000000000000
000006a00000001d00000005
000006a40000000fffffffff
000006a80000001d00000004
000006ac0000000000000000
000006a40000000fffffffff
000006a80000001d00000003
000006ac0000000000000000
000006a40000000fffffffff
000006a80000001d00000002
000006ac0000000000000000
000006a40000000fffffffff
000006a80000001d00000001
000006ac0000000000000000
000006a40000000fffffffff
000006a80000001d00000000
000006ac0000000000000000
000006b00000000ffffff804
000006b40000001c00000005
000006b80000001a00000001
000006bc0000001a00000008
000006c00000001b000006c0
000006c40000001b000006c8
000006c80000000000000000
000006d40000001900000021
000006d80000000000000000
000006dc0000001c00000004
000006e00000000000000000
000006b80000001a00000000
000006bc0000001a00000000
000006c00000001b000006c0
000006c40000001b000006c0
000006c80000000000000000
000006cc0000001900000022
000006d00000000000000000
000006dc0000001c00000003
000006e00000000000000000
000006b80000001a00000001
000006bc0000001a00000008
000006c00000001b000006c0
000006c40000001b000006c8
000006c80000000000000000
000006d40000001900000025
000006d80000000000000000
000006dc0000001c00000002
000006e00000000000000000
000006b80000001a00000000
000006bc0000001a00000000
000006c00000001b000006c0
000006c40000001b000006c0
000006c80000000000000000
000006cc0000001900000026
000006d00000000000000000
000006dc0000001c00000001
000006e00000000000000000
000006b80000001a00000001
000006bc0000001a00000008
000006c00000001b000006c0
000006c40000001b000006c8
000006c80000000000000000
000006d40000001900000029
000006d80000000000000000
000006dc0000001c00000000
000006e00000000000000000
000006e40000000c00000000
000006e800000001000006ec
000006f00000000a000006ec
000006f400000001000006f8
0000070400000008575b3000
000007080000000000000000
000006f80000000200000000
000006fc00000001000006ec
000007000000000000000000
000006ec0000000000000000
0000070c00000017f8040000
000007100000000100000714
000007180000000a00000714
0000071c0000000100000720
0000072c0000000b00000720
000007300000000100000734
000007400000000000000000
000007440000000000000000
000007340000001500000000
000007380000000100000720
0000073c0000000000000000
00000720000000141f197000
000007240000000100000714
000007280000000000000000
000007140000000000000000
000007480000001500000000
0000074c0000000100000750
000007540000000a00000750
00000758000000010000075c
000007680000000b0000075c
0000076c0000000100000770
0000077c0000000200000000
000007800000000000000000
000007700000000000000000
00000774000000010000075c
000007780000000000000000
0000075c00000004fffff800
000007600000000100000750
000007640000000000000000
000007500000000000000000
000007840000000800000000
000007880000001200000eac
0000078c0000000200000000
000007900000001500000000
000007940000000000000000
000007980000000100000000
0000079c00000006a2f1c79c
000007a00000000f00000008
000007a400000009f8040410
000007a80000001c00000005
000007ac0000001a00000001
000007b00000001a00000008
000007b40000001b000007b4
000007b80000001b000007bc
000007bc0000000000000000
000007c8000000190000002c
000007cc0000000000000000
000007d00000001c00000004
000007d40000000000000000
000007ac0000001a00000000
000007b00000001a00000000
000007b40000001b000007b4
000007b80000001b000007b4
000007bc0000000000000000
000007c0000000190000002d
000007c40000000000000000
000007d00000001c00000003
000007d40000000000000000
000007ac0000001a00000001
000007b00000001a00000008
000007b40000001b000007b4
000007b80000001b000007bc
000007bc0000000000000000
000007c80000001900000030
000007cc0000000000000000
000007d00000001c00000002
000007d40000000000000000
000007ac0000001a00000000
000007b00000001a00000000
000007b40000001b000007b4
000007b80000001b000007b4
000007bc0000000000000000
000007c00000001900000031
000007c40000000000000000
000007d00000001c00000001
000007d40000000000000000
000007ac0000001a00000001
000007b00000001a00000008
000007b40000001b000007b4
000007b80000001b000007bc
000007bc0000000000000000
000007c80000001900000034
000007cc0000000000000000
000007d00000001c00000000
000007d40000000000000000
000007d80000001d00000006
000007dc0000000500000000
000007e00000000900000000
000007e40000000900000000
000007e80000001d00000005
000007ec0000000000000000
000007dc0000000500000000
000007e00000000900000000
000007e40000000900000000
000007e80000001d00000004
000007ec0000000000000000
000007dc0000000500000000
000007e00000000900000000
000007e40000000900000000
000007e80000001d00000003
000007ec0000000000000000
000007dc0000000500000000
000007e00000000900000000
000007e40000000900000000
000007e80000001d00000002
000007ec0000000000000000
000007dc0000000500000000
000007e00000000900000000
000007e40000000900000000
000007e80000001d00000001
000007ec0000000000000000
000007dc0000000500000000
000007e00000000900000000
000007e40000000900000000
000007e80000001d00000000
000007ec0000000000000000
000007f00000000800000000
000007f40000000300000000
000007f80000001600000000
000007fc0000001c00000003
000008000000001a00000001
000008040000001a00000008
000008080000001b00000808
0000080c0000001b00000810
000008100000000100000814
0000081c0000001900000037
000008200000000000000000
000008240000001c00000002
000008280000000000000000
000008000000001a00000000
000008040000001a00000000
000008080000001b00000808
0000080c0000001b00000808
000008100000000100000814
000008140000001900000038
000008180000000000000000
000008240000001c00000001
000008280000000000000000
000008000000001a00000001
000008040000001a00000008
000008080000001b00000808
0000080c0000001b00000810
000008100000000100000814
0000081c000000190000003b
000008200000000000000000
000008240000001c00000000
000008280000000000000000
0000082c0000000d00000001
000008300000001200000953
000008340000000a4140e000
000008380000000200000000
0000083c0000001d00000003
000008400000000000000000
000008440000001700000001
000008480000001000000001
0000084c0000000000000000
000008500000000400000000
000008540000001d00000002
000008580000000000000000
000008400000000000000000
000008440000001700000001
000008480000001000000001
0000084c0000000000000000
000008500000000400000000
000008540000001d00000001
000008580000000000000000
000008400000000000000000
000008440000001700000001
000008480000001000000001
0000084c0000000000000000
000008500000000400000000
000008540000001d00000000
000008580000000000000000
0000085c0000001200000008
000008600000001c00000003
000008640000001a00000001
000008680000001a00000008
0000086c0000001b0000086c
000008700000001b00000874
000008740000000000000000
00000880000000190000003e
000008840000000000000000
000008880000001c00000002
0000088c0000000000000000
000008640000001a00000000
000008680000001a00000000
0000086c0000001b0000086c
000008700000001b0000086c
000008740000000000000000
00000878000000190000003f
0000087c0000000000000000
000008880000001c00000001
0000088c0000000000000000
000008640000001a00000001
000008680000001a00000008
0000086c0000001b0000086c
000008700000001b00000874
000008740000000000000000
000008800000001900000042
000008840000000000000000
000008880000001c00000000
0000088c0000000000000000
000008900000000700000001
000008940000000300000000
000008980000001300000042
0000089c0000001d00000003
000008a00000001500000010
000008a40000000200000011
000008a80000001200000000
000008ac0000000000000000
000008b00000001300000000
000008b40000001d00000002
000008b80000000000000000
000008a00000001500000000
000008a40000000200000011
000008a80000001200000000
000008ac0000000000000000
000008b00000001300000000
000008b40000001d00000001
000008b80000000000000000
000008a00000001500000000
000008a40000000200000011
000008a80000001200000000
000008ac0000000000000000
000008b00000001300000000
000008b40000001d00000000
000008b80000000000000000
000008bc00000001000008c0
000008c40000000a000008c0
000008c800000001000008cc
000008d80000000b000008cc
000008dc00000001000008e0
000008ec0000000c000008e0
000008f000000001000008f4
000009000000000d000008f4
000009040000000100000908
000009140000000e00000908
00000918000000010000091c
000009280000000200000000
0000092c0000000000000000
0000091c0000000500000094
000009200000000100000908
000009240000000000000000
00000908000000060000009c
0000090c00000001000008f4
000009100000000000000000
000008f40000000800000001
000008f800000001000008e0
000008fc0000000000000000
000008e00000000800000000
000008e400000001000008cc
000008e80000000000000000
000008cc0000000500000001
000008d000000001000008c0
000008d40000000000000000
000008c00000000000000000
000009300000000000000000
000009340000000712100000
000009380000000200000001
0000093c0000000101f390b2
0000094000000009000003ff
000009440000000100000948
0000094c0000000200000000
000009500000000000000000
000009480000000000000000
000009540000000f00000000
000009580000000000000000
0000095c0000001400000000
000009600000000400000874
000009640000001100002000
000009680000001c00000005
0000096c0000001a00000001
000009700000001a00000008
000009740000001b00000974
000009780000001b0000097c
0000097c0000000100000980
000009880000001900000045
0000098c0000000000000000
000009900000001c00000004
000009940000000000000000
0000096c0000001a00000000
000009700000001a00000000
000009740000001b00000974
000009780000001b00000974
0000097c0000000100000980
000009800000001900000046
000009840000000000000000
000009900000001c00000003
000009940000000000000000
0000096c0000001a00000001
000009700000001a00000008
000009740000001b00000974
000009780000001b0000097c
0000097c0000000100000980
000009880000001900000049
0000098c0000000000000000
000009900000001c00000002
000009940000000000000000
0000096c0000001a00000000
000009700000001a00000000
000009740000001b00000974
000009780000001b00000974
0000097c0000000100000980
00000980000000190000004a
000009840000000000000000
000009900000001c00000001
000009940000000000000000
0000096c0000001a00000001
000009700000001a00000008
000009740000001b00000974
000009780000001b0000097c
0000097c0000000100000980
00000988000000190000004d
0000098c0000000000000000
000009900000001c00000000
000009940000000000000000
000009980000000d00000002
0000099c0000000c00000000
000009a000000001000009a4
000009a80000000a000009a4
000009ac00000001000009b0
000009bc0000000b000009b0
000009c000000001000009c4
000009d00000000c000009c4
000009d400000001000009d8
000009e40000000d000009d8
000009e800000001000009ec
000009f80000000e000009ec
000009fc0000000100000a00
00000a0c0000000f00000a00
00000a100000000100000a14
00000a200000001000000a14
00000a240000000100000a28
00000a340000001100000a28
00000a380000000100000a3c
00000a480000001200000a3c
00000a4c0000000100000a50
00000a5c0000001300000a50
00000a600000000100000a64
00000a700000001400000000
00000a740000000000000000
00000a640000000900002000
00000a680000000100000a50
00000a6c0000000000000000
00000a500000000400000a51
00000a540000000100000a3c
00000a580000000000000000
00000a3c00000016000009ed
00000a400000000100000a28
00000a440000000000000000
00000a280000000000000000
00000a2c0000000100000a14
00000a300000000000000000
00000a1400000017000009b1
00000a180000000100000a00
00000a1c0000000000000000
00000a000000000400000000
00000a0400000001000009ec
00000a080000000000000000
000009ec00000002000013b0
000009f000000001000009d8
000009f40000000000000000
000009d80000000200000294
000009dc00000001000009c4
000009e00000000000000000
000009c400000007bdf6c000
000009c800000001000009b0
000009cc0000000000000000
000009b00000000420000000
000009b400000001000009a4
000009b80000000000000000
000009a40000000000000000
00000a780000000a00000354
00000a7c0000001d00000002
00000a800000001000000000
00000a840000000800000000
00000a88000000021ffff628
00000a8c00000017200009a4
00000a900000000b000009a4
00000a940000000a000009ec
00000a980000001d00000001
00000a9c0000000000000000
00000a800000001000000000
00000a840000000800000000
00000a88000000021ffff628
00000a8c00000017200009a4
00000a900000000b000009a4
00000a940000000a000009ec
00000a980000001d00000000
00000a9c0000000000000000
00000aa0000000121ffff628
00000aa40000001337e71000
00000aa80000000ae0c80aa8
00000aac0000001d00000004
00000ab00000000f000029ec
00000ab40000001d00000003
00000ab80000000000000000
00000ab00000000f000029ec
00000ab40000001d00000002
00000ab80000000000000000
00000ab00000000f000029ec
00000ab40000001d00000001
00000ab80000000000000000
00000ab00000000f000029ec
00000ab40000001d00000000
00000ab80000000000000000
00000abc00000003aa2e2abc
00000ac0000000021dade000
00000ac40000000800000000
00000ac800000007000009ed
00000acc0000000100000ad0
00000ad40000000a00000ad0
00000ad80000000100000adc
00000ae80000000b00000adc
00000aec0000000100000af0
00000afc0000000c00000af0
00000b000000000100000b04
00000b100000000d00000b04
00000b140000000100000b18
00000b240000000e00000b18
00000b280000000100000b2c
00000b380000000f00000b2c
00000b3c0000000100000b40
00000b4c0000000900000003
00000b500000000000000000
00000b400000000400000000
00000b440000000100000b2c
00000b480000000000000000
00000b2c0000000600000001
00000b300000000100000b18
00000b340000000000000000
00000b180000001400000001
00000b1c0000000100000b04
00000b200000000000000000
00000b040000000700000001
00000b080000000100000af0
00000b0c0000000000000000
00000af00000000300000000
00000af40000000100000adc
00000af80000000000000000
00000adc0000000300000000
00000ae00000000100000ad0
00000ae40000000000000000
00000ad00000000000000000
00000b540000001c00000005
00000b580000001a00000001
00000b5c0000001a00000008
00000b600000001b00000b60
00000b640000001b00000b68
00000b680000000100000b6c
00000b740000001900000050
00000b780000000000000000
00000b7c0000001c00000004
00000b800000000000000000
00000b580000001a00000000
00000b5c0000001a00000000
00000b600000001b00000b60
00000b640000001b00000b60
00000b680000000100000b6c
00000b6c0000001900000051
00000b700000000000000000
00000b7c0000001c00000003
00000b800000000000000000
00000b580000001a00000001
00000b5c0000001a00000008
00000b600000001b00000b60
00000b640000001b00000b68
00000b680000000100000b6c
00000b740000001900000054
00000b780000000000000000
00000b7c0000001c00000002
00000b800000000000000000
00000b580000001a00000000
00000b5c0000001a00000000
00000b600000001b00000b60
00000b640000001b00000b60
00000b680000000100000b6c
00000b6c0000001900000055
00000b700000000000000000
00000b7c0000001c00000001
00000b800000000000000000
00000b580000001a00000001
00000b5c0000001a00000008
00000b600000001b00000b60
00000b640000001b00000b68
00000b680000000100000b6c
00000b740000001900000058
00000b780000000000000000
00000b7c0000001c00000000
00000b800000000000000000
00000b840000000000000000
00000b880000000c00000000
00000b8c0000000000000000
00000b900000000100000b94
00000b980000000a00000b94
00000b9c0000000100000ba0
00000bac0000000b00000ba0
00000bb00000000100000bb4
00000bc00000000c00000bb4
00000bc40000000100000bc8
00000bd40000000500000000
00000bd80000000000000000
00000bc80000001700000001
00000bcc0000000100000bb4
00000bd00000000000000000
00000bb40000000500000001
00000bb80000000100000ba0
00000bbc0000000000000000
00000ba00000000237e71b2c
00000ba40000000100000b94
00000ba80000000000000000
00000b940000000000000000
00000bdc0000001300000000
00000be00000000100000be4
00000be80000000a00000be4
00000bec0000000100000bf0
00000bfc0000000b00000bf0
00000c000000000100000c04
00000c100000000c00000c04
00000c140000000100000c18
00000c240000001600000c04
00000c280000000000000000
00000c180000000700000000
00000c1c0000000100000c04
00000c200000000000000000
00000c0400000004000000b0
00000c080000000100000bf0
00000c0c0000000000000000
00000bf00000000800000001
00000bf40000000100000be4
00000bf80000000000000000
00000be40000000000000000
00000c2c0000000100000c30
00000c340000000a00000c30
00000c380000000100000c3c
00000c480000000b00000c3c
00000c4c0000000100000c50
00000c5c0000000c00000c50
00000c600000000100000c64
00000c700000000d00000c64
00000c740000000100000c78
00000c840000000e00000c78
00000c880000000100000c8c
00000c980000000f00000c8c
00000c9c0000000100000ca0
00000cac0000001000000ca0
00000cb00000000100000cb4
00000cc00000001100000cb4
00000cc40000000100000cc8
00000cd40000001709dce000
00000cd80000000000000000
00000cc80000000000000000
00000ccc0000000100000cb4
00000cd00000000000000000
00000cb40000001500000000
00000cb80000000100000ca0
00000cbc0000000000000000
00000ca00000000000000000
00000ca40000000100000c8c
00000ca80000000000000000
00000c8c0000000000000000
00000c900000000100000c78
00000c940000000000000000
00000c780000000400000c79
00000c7c0000000100000c64
00000c800000000000000000
00000c640000000700000000
00000c680000000100000c50
00000c6c0000000000000000
00000c500000001440000000
00000c540000000100000c3c
00000c580000000000000000
00000c3c0000000200000000
00000c400000000100000c30
00000c440000000000000000
00000c300000000000000000
00000cdc0000000000000000
00000ce00000001200000000
00000ce40000000c00000000
00000ce80000001d00000003
00000cec0000000700000c31
00000cf00000000b00000000
00000cf40000000000000000
00000cf80000001d00000002
00000cfc0000000000000000
00000cec0000000700000c31
00000cf00000000b00000000
00000cf40000000000000000
00000cf80000001d00000001
00000cfc0000000000000000
00000cec0000000700000c31
00000cf00000000b00000000
00000cf40000000000000000
00000cf80000001d00000000
00000cfc0000000000000000
00000d000000000600000000
00000d040000000a00000000
00000d080000000100000000
00000d0c0000001c00000004
00000d100000001a00000000
00000d140000001a00000000
00000d180000001b00000d18
00000d1c0000001b00000d18
00000d200000000100000d24
00000d240000001900000059
00000d280000000000000000
00000d340000001c00000003
00000d380000000000000000
00000d100000001a00000001
00000d140000001a00000008
00000d180000001b00000d18
00000d1c0000001b00000d20
00000d200000000100000d24
00000d2c000000190000005c
00000d300000000000000000
00000d340000001c00000002
00000d380000000000000000
00000d100000001a00000000
00000d140000001a00000000
00000d180000001b00000d18
00000d1c0000001b00000d18
00000d200000000100000d24
00000d24000000190000005d
00000d280000000000000000
00000d340000001c00000001
00000d380000000000000000
00000d100000001a00000001
00000d140000001a00000008
00000d180000001b00000d18
00000d1c0000001b00000d20
00000d200000000100000d24
00000d2c0000001900000060
00000d300000000000000000
00000d340000001c00000000
00000d380000000000000000
00000d3c0000001c00000003
00000d400000001a00000001
00000d440000001a00000008
00000d480000001b00000d48
00000d4c0000001b00000d50
00000d500000000000000000
00000d5c0000001900000063
00000d600000000000000000
00000d640000001c00000002
00000d680000000000000000
00000d400000001a00000000
00000d440000001a00000000
00000d480000001b00000d48
00000d4c0000001b00000d48
00000d500000000000000000
00000d540000001900000064
00000d580000000000000000
00000d640000001c00000001
00000d680000000000000000
00000d400000001a00000001
00000d440000001a00000008
00000d480000001b00000d48
00000d4c0000001b00000d50
00000d500000000000000000
00000d5c0000001900000067
00000d600000000000000000
00000d640000001c00000000
00000d680000000000000000
00000d6c0000001d00000006
00000d700000001200000000
00000d740000001d00000005
00000d780000000000000000
00000d700000001200000000
00000d740000001d00000004
00000d780000000000000000
00000d700000001200000000
00000d740000001d00000003
00000d780000000000000000
00000d700000001200000000
00000d740000001d00000002
00000d780000000000000000
00000d700000001200000000
00000d740000001d00000001
00000d780000000000000000
00000d700000001200000000
00000d740000001d00000000
00000d780000000000000000
00000d7c0000001c00000003
00000d800000001a00000001
00000d840000001a00000008
00000d880000001b00000d88
00000d8c0000001b00000d90
00000d900000000000000000
00000d9c000000190000006a
00000da00000000000000000
00000da40000001c00000002
00000da80000000000000000
00000d800000001a00000000
00000d840000001a00000000
00000d880000001b00000d88
00000d8c0000001b00000d88
00000d900000000000000000
00000d94000000190000006b
00000d980000000000000000
00000da40000001c00000001
00000da80000000000000000
00000d800000001a00000001
00000d840000001a00000008
00000d880000001b00000d88
00000d8c0000001b00000d90
00000d900000000000000000
00000d9c000000190000006e
00000da00000000000000000
00000da40000001c00000000
00000da80000000000000000
00000dac0000000f00002000
00000db00000000100000db4
00000db80000000a00000db4
00000dbc0000000100000dc0
00000dcc0000000b00000dc0
00000dd00000000100000dd4
00000de00000000900000000
00000de40000000000000000
00000dd40000000700000000
00000dd80000000100000dc0
00000ddc0000000000000000
00000dc00000001500000000
00000dc40000000100000db4
00000dc80000000000000000
00000db40000000000000000
00000de80000000100000dec
00000df00000000a00000dec
00000df40000000100000df8
00000e040000000b00000df8
00000e080000000100000e0c
00000e180000000c00000e0c
00000e1c0000000100000e20
00000e2c0000000d00000e20
00000e300000000100000e34
00000e400000000e00000e34
00000e440000000100000e48
00000e540000000f00000e48
00000e580000000100000e5c
00000e680000001000000e5c
00000e6c0000000100000e70
00000e7c0000001100000e70
00000e800000000100000e84
00000e900000001200000e84
00000e940000000100000e98
00000ea40000001700000001
00000ea80000000000000000
00000e980000001400000000
00000e9c0000000100000e84
00000ea00000000000000000
00000e840000000900000000
00000e880000000100000e70
00000e8c0000000000000000
00000e700000000400000001
00000e740000000100000e5c
00000e780000000000000000
00000e5c0000000600000002
00000e600000000100000e48
00000e640000000000000000
00000e480000000600000000
00000e4c0000000100000e34
00000e500000000000000000
00000e340000000800000000
00000e380000000100000e20
00000e3c0000000000000000
00000e200000000500000000
00000e240000000100000e0c
00000e280000000000000000
00000e0c00000015fbc76e0c
00000e100000000100000df8
00000e140000000000000000
00000df80000001700002200
00000dfc0000000100000dec
00000e000000000000000000
00000dec0000000000000000
00000eac0000001c00000003
00000eb00000001a00000001
00000eb40000001a00000008
00000eb80000001b00000eb8
00000ebc0000001b00000ec0
00000ec00000000000000000
00000ecc0000001900000071
00000ed00000000000000000
00000ed40000001c00000002
00000ed80000000000000000
00000eb00000001a00000000
00000eb40000001a00000000
00000eb80000001b00000eb8
00000ebc0000001b00000eb8
00000ec00000000000000000
00000ec40000001900000072
00000ec80000000000000000
00000ed40000001c00000001
00000ed80000000000000000
00000eb00000001a00000001
00000eb40000001a00000008
00000eb80000001b00000eb8
00000ebc0000001b00000ec0
00000ec00000000000000000
00000ecc0000001900000075
00000ed00000000000000000
00000ed40000001c00000000
00000ed80000000000000000
00000edc0000001d00000003
00000ee00000000000000000
00000ee40000000a00000e34
00000ee80000001600000df8
00000eec0000001400000000
00000ef00000001700000074
00000ef40000001d00000002
00000ef80000000000000000
00000ee00000000000000000
00000ee40000000a00000e34
00000ee80000001600000df8
00000eec0000001400000000
00000ef00000001700000074
00000ef40000001d00000001
00000ef80000000000000000
00000ee00000000000000000
00000ee40000000a00000e34
00000ee80000001600000df8
00000eec0000001400000000
00000ef00000001700000074
00000ef40000001d00000000
00000ef80000000000000000
00000efc00000006fbc76e0c
00000f000000000000000000
00000f100000001200000000
00000f140000000c00000001
00000f180000001700000000
00000f1c0000000400000000
00000f200000000000000000
00000f340000000200000000
00000f380000001c00000003
00000f3c0000001a00000001
00000f400000001a00000008
00000f440000001b00000f44
00000f480000001b00000f4c
00000f4c0000000000000000
00000f580000001900000078
00000f5c0000000000000000
00000f600000001c00000002
00000f640000000000000000
00000f3c0000001a00000000
00000f400000001a00000000
00000f440000001b00000f44
00000f480000001b00000f44
00000f4c0000000000000000
00000f500000001900000079
00000f540000000000000000
00000f600000001c00000001
00000f640000000000000000
00000f3c0000001a00000001
00000f400000001a00000008
00000f440000001b00000f44
00000f480000001b00000f4c
00000f4c0000000000000000
00000f58000000190000007c
00000f5c0000000000000000
00000f600000001c00000000
00000f640000000000000000
00000f680000000500000dec
00000f6c0000001500002fec
00000f7000000012fffffe0c
00000f740000000100000f78
00000f7c0000000a00000f78
00000f800000000100000f84
00000f900000000b00000f84
00000f940000000100000f98
00000fa40000000c00000f98
00000fa80000000100000fac
00000fb80000000d00000fac
00000fbc0000000100000fc0
00000fcc0000000e00000fc0
00000fd00000000100000fd4
00000fe00000000f00000fd4
00000fe40000000100000fe8
00000ff40000001000000fe8
00000ff80000000100000ffc
000010080000001100000ffc
0000100c0000000100001010
0000101c0000000000000000
000010200000000000000000
000010100000001700000000
000010140000000100000ffc
000010180000000000000000
00000ffc0000000900000000
000010000000000100000fe8
000010040000000000000000
00000fe80000000900000000
00000fec0000000100000fd4
00000ff00000000000000000
00000fd4000000060000007d
00000fd80000000100000fc0
00000fdc0000000000000000
00000fc00000000500000ded
00000fc40000000100000fac
00000fc80000000000000000
00000fac0000000500000ded
00000fb00000000100000f98
00000fb40000000000000000
00000f980000001500000000
00000f9c0000000100000f84
00000fa00000000000000000
00000f840000000804400000
00000f880000000100000f78
00000f8c0000000000000000
00000f780000000000000000
000010240000000000000000
000010280000001d00000006
0000102c0000000a00000000
000010300000000f00000000
00001034000000074886f034
00001038000000010003ff00
0000103c0000001600000000
000010400000001d00000005
000010440000000000000000
0000102c0000000a00000000
000010300000000f00000000
00001034000000074886f034
00001038000000010003ff00
0000103c0000001600000000
000010400000001d00000004
000010440000000000000000
0000102c0000000a00000000
000010300000000f00000000
00001034000000074886f034
00001038000000010003ff00
0000103c0000001600000000
000010400000001d00000003
000010440000000000000000
0000102c0000000a00000000
000010300000000f00000000
00001034000000074886f034
00001038000000010003ff00
0000103c0000001600000000
000010400000001d00000002
000010440000000000000000
0000102c0000000a00000000
000010300000000f00000000
00001034000000074886f034
00001038000000010003ff00
0000103c0000001600000000
000010400000001d00000001
000010440000000000000000
0000102c0000000a00000000
000010300000000f00000000
00001034000000074886f034
00001038000000010003ff00
0000103c0000001600000000
000010400000001d00000000
000010440000000000000000
000010480000001600000000
0000104c0000001c00000003
000010500000001a00000001
000010540000001a00000008
000010580000001b00001058
0000105c0000001b00001060
000010600000000100001064
0000106c000000190000007f
000010700000000000000000
000010740000001c00000002
000010780000000000000000
000010500000001a00000000
000010540000001a00000000
000010580000001b00001058
0000105c0000001b00001058
000010600000000100001064
000010640000001900000080
000010680000000000000000
000010740000001c00000001
000010780000000000000000
000010500000001a00000001
000010540000001a00000008
000010580000001b00001058
0000105c0000001b00001060
000010600000000100001064
0000106c0000001900000083
000010700000000000000000
000010740000001c00000000
000010780000000000000000
0000107c0000001d00000005
000010800000000600000000
000010840000000a00000000
000010880000001d00000004
0000108c0000000000000000
000010800000000600000000
000010840000000a00000000
000010880000001d00000003
0000108c0000000000000000
000010800000000600000000
000010840000000a00000000
000010880000001d00000002
0000108c0000000000000000
000010800000000600000000
000010840000000a00000000
000010880000001d00000001
0000108c0000000000000000
000010800000000600000000
000010840000000a00000000
000010880000001d00000000
0000108c0000000000000000
000010900000000308b74000
000010940000000e0000201f
0000109800000005ffffef65
0000109c00000001000010a0
000010a40000000a000010a0
000010a800000001000010ac
000010b80000000b000010ac
000010bc00000001000010c0
000010cc0000000c000010c0
000010d000000001000010d4
000010e00000000d000010d4
000010e400000001000010e8
000010f40000000e000010e8
000010f800000001000010fc
000011080000000700000000
0000110c0000000000000000
000010fc0000001600000001
0000110000000001000010e8
000011040000000000000000
000010e80000000900000000
000010ec00000001000010d4
000010f00000000000000000
000010d40000000461ef00d4
000010d800000001000010c0
000010dc0000000000000000
000010c000000003ffffda00
000010c400000001000010ac
000010c80000000000000000
000010ac0000000500001fe8
000010b000000001000010a0
000010b40000000000000000
000010a00000000000000000
000011100000000c000017ff
000011140000000504401060
000011180000001500000000
0000111c0000000400000001
000011200000000000000000
000011240000000400000000
000011280000000500000000
0000112c0000000800000000
000011300000000300000000
000011340000001400000000
000011380000000000000000
0000113c0000001600000000
000011400000000700000000
00001144000000070000077c
000011480000000000000000
0000115c0000000f00000000
000011600000000700000000
0000116400000012000010e8
000011680000001300000fe8
0000116c0000001200000000
000011700000000000000000
000011740000000b00000000
000011780000000e00000001
0000117c0000000000000000
0000118c0000000100001190
000011940000000a00001190
00001198000000010000119c
000011a80000001500000000
000011ac0000000000000000
0000119c0000000400000000
000011a00000000100001190
000011a40000000000000000
000011900000000000000000
000011b00000000000000000
000011b40000000000000000
000011b80000000300000000
000011bc000000167d408000
000011c00000001d00000004
000011c40000001100000fe8
000011c80000001d00000003
000011cc0000000000000000
000011c40000001100000fe8
000011c80000001d00000002
000011cc0000000000000000
000011c40000001100000fe8
000011c80000001d00000001
000011cc0000000000000000
000011c40000001100000fe8
000011c80000001d00000000
000011cc0000000000000000
000011d00000000000000000
000011dc0000000900000000
000011e00000001600000000
000011e40000001700000001
000011e80000000000000000
000011ec0000000d00000000
000011f00000001400000000
000011f40000001c00000005
000011f80000001a00000001
000011fc0000001a00000008
000012000000001b00001200
000012040000001b00001208
00001208000000010000120c
000012140000001900000086
000012180000000000000000
0000121c0000001c00000004
000012200000000000000000
000011f80000001a00000000
000011fc0000001a00000000
000012000000001b00001200
000012040000001b00001200
00001208000000010000120c
0000120c0000001900000087
000012100000000000000000
0000121c0000001c00000003
000012200000000000000000
000011f80000001a00000001
000011fc0000001a00000008
000012000000001b00001200
000012040000001b00001208
00001208000000010000120c
00001214000000190000008a
000012180000000000000000
0000121c0000001c00000002
000012200000000000000000
000011f80000001a00000000
000011fc0000001a00000000
000012000000001b00001200
000012040000001b00001200
00001208000000010000120c
0000120c000000190000008b
000012100000000000000000
0000121c0000001c00000001
000012200000000000000000
000011f80000001a00000001
000011fc0000001a00000008
000012000000001b00001200
000012040000001b00001208
00001208000000010000120c
00001214000000190000008e
000012180000000000000000
0000121c0000001c00000000
000012200000000000000000
000012240000001100001208
000012280000001c00000005
0000122c0000001a00000001
000012300000001a00000008
000012340000001b00001234
000012380000001b0000123c
0000123c0000000100001240
000012480000001900000091
0000124c0000000000000000
000012500000001c00000004
000012540000000000000000
0000122c0000001a00000000
000012300000001a00000000
000012340000001b00001234
000012380000001b00001234
0000123c0000000100001240
000012400000001900000092
000012440000000000000000
000012500000001c00000003
000012540000000000000000
0000122c0000001a00000001
000012300000001a00000008
000012340000001b00001234
000012380000001b0000123c
0000123c0000000100001240
000012480000001900000095
0000124c0000000000000000
000012500000001c00000002
000012540000000000000000
0000122c0000001a00000000
000012300000001a00000000
000012340000001b00001234
000012380000001b00001234
0000123c0000000100001240
000012400000001900000096
000012440000000000000000
000012500000001c00000001
000012540000000000000000
0000122c0000001a00000001
000012300000001a00000008
000012340000001b00001234
000012380000001b0000123c
0000123c0000000100001240
000012480000001900000099
0000124c0000000000000000
000012500000001c00000000
000012540000000000000000
000012580000000e00001190
0000125c0000001d00000005
000012600000000cfffffffa
000012640000001200119000
000012680000000900001192
0000126c0000001d00000004
000012700000000000000000
000012600000000cfffffffb
000012640000001200119000
000012680000000900001192
0000126c0000001d00000003
000012700000000000000000
000012600000000cfffffffc
000012640000001200119000
000012680000000900001192
0000126c0000001d00000002
000012700000000000000000
000012600000000cfffffffd
000012640000001200119000
000012680000000900001192
0000126c0000001d00000001
000012700000000000000000
000012600000000cfffffffe
000012640000001200119000
000012680000000900001192
0000126c0000001d00000000
000012700000000000000000
000012740000001000001190
000012780000000300000000
0000127c0000001100000000
000012800000000b00000000
000012840000001c00000004
000012880000001a00000000
0000128c0000001a00000000
000012900000001b00001290
000012940000001b00001290
00001298000000010000129c
0000129c000000190000009a
000012a00000000000000000
000012ac0000001c00000003
000012b00000000000000000
000012880000001a00000001
0000128c0000001a00000008
000012900000001b00001290
000012940000001b00001298
00001298000000010000129c
000012a4000000190000009d
000012a80000000000000000
000012ac0000001c00000002
000012b00000000000000000
000012880000001a00000000
0000128c0000001a00000000
000012900000001b00001290
000012940000001b00001290
00001298000000010000129c
0000129c000000190000009e
000012a00000000000000000
000012ac0000001c00000001
000012b00000000000000000
000012880000001a00000001
0000128c0000001a00000008
000012900000001b00001290
000012940000001b00001298
00001298000000010000129c
000012a400000019000000a1
000012a80000000000000000
000012ac0000001c00000000
000012b00000000000000000
000012b40000000000000000
000012b80000000e00000000
000012bc0000000d00000001
000012c000000001000012c4
000012c80000000a000012c4
000012cc00000001000012d0
000012dc0000000b000012d0
000012e000000001000012e4
000012f00000000c000012e4
000012f400000001000012f8
000013040000000d000012f8
00001308000000010000130c
000013180000000e0000130c
0000131c0000000100001320
0000132c0000000f00001320
000013300000000100001334
000013400000001000001334
000013440000000100001348
000013540000001100001348
00001358000000010000135c
00001368000000120000135c
0000136c0000000100001370
0000137c0000001300001370
000013800000000100001384
000013900000000200000000
000013940000000000000000
00001384000000040000147b
000013880000000100001370
0000138c0000000000000000
0000137000000009500d9000
00001374000000010000135c
000013780000000000000000
0000135c0000000890000000
000013600000000100001348
000013640000000000000000
000013480000000200001240
0000134c0000000100001334
000013500000000000000000
000013340000001422000000
000013380000000100001320
0000133c0000000000000000
000013200000000700002200
00001324000000010000130c
000013280000000000000000
0000130c00000004000012f9
0000131000000001000012f8
000013140000000000000000
000012f80000001700000001
000012fc00000001000012e4
000013000000000000000000
000012e400000006ffffffff
000012e800000001000012d0
000012ec0000000000000000
000012d00000000000000000
000012d400000001000012c4
000012d80000000000000000
000012c40000000000000000
000013980000001d00000002
0000139c0000001300000000
000013a00000001d00000001
000013a40000000000000000
0000139c0000001300000000
000013a00000001d00000000
000013a40000000000000000
000013a800000001000013ac
000013b00000000a000013ac
000013b400000001000013b8
000013c40000000b000013b8
000013c800000001000013cc
000013d80000000c000013cc
000013dc00000001000013e0
000013ec0000000d000013e0
000013f000000001000013f4
000014000000000e000013f4
000014040000000100001408
000014140000000f00001408
00001418000000010000141c
00001428000000100000141c
0000142c0000000100001430
0000143c0000001100001430
000014400000000100001444
000014500000000500000000
000014540000000000000000
000014440000000000000000
000014480000000100001430
0000144c0000000000000000
000014300000000800003630
00001434000000010000141c
000014380000000000000000
0000141c000000090000011c
000014200000000100001408
000014240000000000000000
000014080000000800003630
0000140c00000001000013f4
000014100000000000000000
000013f40000000800000008
000013f800000001000013e0
000013fc0000000000000000
000013e00000001708f08000
000013e400000001000013cc
000013e80000000000000000
000013cc00000006781b13cc
000013d000000001000013b8
000013d40000000000000000
000013b80000001500000008
000013bc00000001000013ac
000013c00000000000000000
000013ac0000000000000000
000014580000000c00000000
0000145c0000000100001460
000014640000000a00001460
00001468000000010000146c
000014780000000b0000146c
0000147c0000000100001480
0000148c0000001700001430
000014900000000000000000
000014800000001600000000
00001484000000010000146c
000014880000000000000000
0000146c00000007000000a1
000014700000000100001460
000014740000000000000000
000014600000000000000000
000014940000001500000000
00001498000000010000149c
000014a00000000a0000149c
000014a400000001000014a8
000014b40000000b000014a8
000014b800000001000014bc
000014c80000000c000014bc
000014cc00000001000014d0
000014dc0000000d000014d0
000014e000000001000014e4
000014f00000000e000014e4
000014f400000001000014f8
000015040000000f000014f8
00001508000000010000150c
00001518000000100000150c
0000151c0000000100001520
0000152c0000000800000001
000015300000000000000000
0000152000000014781b17fc
00001524000000010000150c
000015280000000000000000
0000150c0000000000000000
0000151000000001000014f8
000015140000000000000000
000014f80000000000000000
000014fc00000001000014e4
000015000000000000000000
000014e400000009000015ad
000014e800000001000014d0
000014ec0000000000000000
000014d00000000900000000
000014d400000001000014bc
000014d80000000000000000
000014bc00000005000007ff
000014c000000001000014a8
000014c40000000000000000
000014a80000000300001298
000014ac000000010000149c
000014b00000000000000000
0000149c0000000000000000
0000153400000017911f3000
000015380000001d00000003
0000153c0000000000000000
000015400000001d00000002
000015440000000000000000
0000153c0000000000000000
000015400000001d00000001
000015440000000000000000
0000153c0000000000000000
000015400000001d00000000
000015440000000000000000
000015480000000000000000
000015580000001d00000006
0000155c0000000300000000
000015600000000400000001
000015640000000e00000000
0000156800000013000017dc
0000156c0000000e0000349c
000015700000001d00000005
000015740000000000000000
0000155c0000000300000000
000015600000000400000001
000015640000000e00000000
0000156800000013000017dc
0000156c0000000e0000349c
000015700000001d00000004
000015740000000000000000
0000155c0000000300000000
000015600000000400000001
000015640000000e00000000
0000156800000013000017dc
0000156c0000000e0000349c
000015700000001d00000003
000015740000000000000000
0000155c0000000300000000
000015600000000400000001
000015640000000e00000000
0000156800000013000017dc
0000156c0000000e0000349c
000015700000001d00000002
000015740000000000000000
0000155c0000000300000000
000015600000000400000001
000015640000000e00000000
0000156800000013000017dc
0000156c0000000e0000349c
000015700000001d00000001
000015740000000000000000
0000155c0000000300000000
000015600000000400000001
000015640000000e00000000
0000156800000013000017dc
0000156c0000000e0000349c
000015700000001d00000000
000015740000000000000000
000015780000001d00000004
0000157c0000000a00000000
0000158000000011781b032c
000015840000001100000001
000015880000001d00000003
0000158c0000000000000000
0000157c0000000a00000000
0000158000000011781b032c
000015840000001100000001
000015880000001d00000002
0000158c0000000000000000
0000157c0000000a00000000
0000158000000011781b032c
000015840000001100000001
000015880000001d00000001
0000158c0000000000000000
0000157c0000000a00000000
0000158000000011781b032c
000015840000001100000001
000015880000001d00000000
0000158c0000000000000000
000015900000000b00000000
000015940000000600000016
0000159800000013000008cf
0000159c0000000b00000000
000015a00000001700000018
000015a400000001000008d2
000015a80000000000000000
000015ac0000000f00000000
000015b00000000000000000
000015b400000012000000a3
000015b80000001300000000
000015bc0000001d00000002
000015c00000001500000000
000015c40000000effffebd1
000015c800000009000007ff
000015cc00000004fffff800
000015d00000001d00000001
000015d40000000000000000
000015c00000001500000000
000015c40000000effffebd1
000015c800000009000007ff
000015cc00000004fffff800
000015d00000001d00000000
000015d40000000000000000
000015d80000000000000000
000015e000000017000008d2
000015e40000000000000000
000015e80000000d80000000
000015ec000000120000150c
000015f00000001c00000003
000015f40000001a00000001
000015f80000001a00000008
000015fc0000001b000015fc
000016000000001b00001604
000016040000000100001608
0000161000000019000000a4
000016140000000000000000
000016180000001c00000002
0000161c0000000000000000
000015f40000001a00000000
000015f80000001a00000000
000015fc0000001b000015fc
000016000000001b000015fc
000016040000000100001608
0000160800000019000000a5
0000160c0000000000000000
000016180000001c00000001
0000161c0000000000000000
000015f40000001a00000001
000015f80000001a00000008
000015fc0000001b000015fc
000016000000001b00001604
000016040000000100001608
0000161000000019000000a8
000016140000000000000000
000016180000001c00000000
0000161c0000000000000000
0000162000000017000007fe
0000162400000008000002b4
000016280000000bffffebd1
0000162c000000070000150e
000016300000000000000000
000016340000000000000000
000016380000000500000002
0000163c0000001000000002
000016400000000000000000
000016440000000100001648
0000164c0000000a00001648
000016500000000100001654
000016600000000b00001654
000016640000000100001668
000016740000000c00001668
00001678000000010000167c
000016880000000d0000167c
0000168c0000000100001690
0000169c0000000400000000
000016a00000000000000000
000016900000000500000000
00001694000000010000167c
000016980000000000000000
0000167c0000001700000000
000016800000000100001668
000016840000000000000000
000016680000000300000001
0000166c0000000100001654
000016700000000000000000
000016540000000300000000
000016580000000100001648
0000165c0000000000000000
000016480000000000000000
000016a400000008ffffeda6
000016a80000000700000000
000016ac0000000000000000
000016b00000000700001648
000016b40000001200002000
000016b80000000300000000
000016bc0000001300000000
000016c000000013ead356c0
000016c40000001288000000
000016c80000001d00000006
000016cc0000000800000001
000016d00000000200000000
000016d400000005fffff806
000016d80000001d00000005
000016dc0000000000000000
000016cc0000000800000001
000016d00000000200000000
000016d400000005fffff805
000016d80000001d00000004
000016dc0000000000000000
000016cc0000000800000001
000016d00000000200000000
000016d400000005fffff804
000016d80000001d00000003
000016dc0000000000000000
000016cc0000000800000001
000016d00000000200000000
000016d400000005fffff803
000016d80000001d00000002
000016dc0000000000000000
000016cc0000000800000001
000016d00000000200000000
000016d400000005fffff802
000016d80000001d00000001
000016dc0000000000000000
000016cc0000000800000001
000016d00000000200000000
000016d400000005fffff801
000016d80000001d00000000
000016dc0000000000000000
000016e00000000400000000
000016e4000000159f10a000
000016e80000000100000000
000016ec0000000d00000000
000016f00000001c00000003
000016f40000001a00000001
000016f80000001a00000008
000016fc0000001b000016fc
000017000000001b00001704
000017040000000100001708
0000171000000019000000ab
000017140000000000000000
000017180000001c00000002
0000171c0000000000000000
000016f40000001a00000000
000016f80000001a00000000
000016fc0000001b000016fc
000017000000001b000016fc
000017040000000100001708
0000170800000019000000ac
0000170c0000000000000000
000017180000001c00000001
0000171c0000000000000000
000016f40000001a00000001
000016f80000001a00000008
000016fc0000001b000016fc
000017000000001b00001704
000017040000000100001708
0000171000000019000000af
000017140000000000000000
000017180000001c00000000
0000171c0000000000000000
000017200000000000000000
000017240000000000000000
00001728000000010000172c
000017300000000a0000172c
000017340000000100001738
000017440000000b00001738
00001748000000010000174c
000017580000000c0000174c
0000175c0000000100001760
0000176c0000000d00001760
000017700000000100001774
000017800000000e00001774
000017840000000100001788
000017940000000f00001788
00001798000000010000179c
000017a8000000100000179c
000017ac00000001000017b0
000017bc00000017b6fc77bc
000017c00000000000000000
000017b00000000704000000
000017b4000000010000179c
000017b80000000000000000
0000179c000000069f871000
000017a00000000100001788
000017a40000000000000000
000017880000000000000000
0000178c0000000100001774
000017900000000000000000
000017740000000500000000
000017780000000100001760
0000177c0000000000000000
0000176000000009b6fc77fc
00001764000000010000174c
000017680000000000000000
0000174c0000001402000000
000017500000000100001738
000017540000000000000000
000017380000001700001738
0000173c000000010000172c
000017400000000000000000
0000172c0000000000000000
000017c40000001800000001
000017c80000000000000000
000017cc0000000000000000
000000c8000000013a902000
000000cc000000043c902000
000000d00000000700000000
000000d40000000000000000
000000d80000000000000000
000000dc0000001700001704
000000e000000011000007ff
000000e40000000600017040
000000e80000001d00000006
000000ec0000000d78255000
000000f00000000200000001
000000f40000000700000000
000000f800000016d20b50f8
000000fc0000001100000000
000001000000001d00000005
000001040000000000000000
000000ec0000000d78255000
000000f00000000200000001
000000f40000000700000000
000000f800000016d20b50f8
000000fc0000001100000000
000001000000001d00000004
000001040000000000000000
000000ec0000000d78255000
000000f00000000200000001
000000f40000000700000000
000000f800000016d20b50f8
000000fc0000001100000000
000001000000001d00000003
000001040000000000000000
000000ec0000000d78255000
000000f00000000200000001
000000f40000000700000000
000000f800000016d20b50f8
000000fc0000001100000000
000001000000001d00000002
000001040000000000000000
000000ec0000000d78255000
000000f00000000200000001
000000f40000000700000000
000000f800000016d20b50f8
000000fc0000001100000000
000001000000001d00000001
000001040000000000000000
000000ec0000000d78255000
000000f00000000200000001
000000f40000000700000000
000000f800000016d20b50f8
000000fc0000001100000000
000001000000001d00000000
000001040000000000000000
000001080000001100000000
0000010c0000001c00000005
000001100000001a00000001
000001140000001a00000008
000001180000001b00000118
0000011c0000001b00000120
000001200000000000000000
0000012c00000019000000b2
000001300000000000000000
000001340000001c00000004
000001380000000000000000
000001100000001a00000000
000001140000001a00000000
000001180000001b00000118
0000011c0000001b00000118
000001200000000000000000
0000012400000019000000b3
000001280000000000000000
000001340000001c00000003
000001380000000000000000
000001100000001a00000001
000001140000001a00000008
000001180000001b00000118
0000011c0000001b00000120
000001200000000000000000
0000012c00000019000000b6
000001300000000000000000
000001340000001c00000002
000001380000000000000000
000001100000001a00000000
000001140000001a00000000
000001180000001b00000118
0000011c0000001b00000118
000001200000000000000000
0000012400000019000000b7
000001280000000000000000
000001340000001c00000001
000001380000000000000000
000001100000001a00000001
000001140000001a00000008
000001180000001b00000118
0000011c0000001b00000120
000001200000000000000000
0000012c00000019000000ba
000001300000000000000000
000001340000001c00000000
000001380000000000000000
0000013c0000000600000000
000001400000000147fc8000
000001440000000400000000
0000014800000011000010d3
0000014c0000001000000000
000001500000000000000000
0000015400000005000007ff
000001580000001d00000004
0000015c0000000f00001774
000001600000000e00000001
000001640000000200000000
000001680000001300000001
0000016c0000000700000000
000001700000001d00000003
000001740000000000000000
0000015c0000000f00000001
000001600000000e00000001
000001640000000200000000
000001680000001300000001
0000016c0000000700000000
000001700000001d00000002
000001740000000000000000
0000015c0000000f00000001
000001600000000e00000001
000001640000000200000000
000001680000001300000001
0000016c0000000700000000
000001700000001d00000001
000001740000000000000000
0000015c0000000f00000001
000001600000000e00000001
000001640000000200000000
000001680000001300000001
0000016c0000000700000000
000001700000001d00000000
000001740000000000000000
000001780000001300000121
0000017c0000000b00000001
000001800000001c00000005
000001840000001a00000001
000001880000001a00000008
0000018c0000001b0000018c
000001900000001b00000194
000001940000000000000000
000001a000000019000000bd
000001a40000000000000000
000001a80000001c00000004
000001ac0000000000000000
000001840000001a00000000
000001880000001a00000000
0000018c0000001b0000018c
000001900000001b0000018c
000001940000000000000000
0000019800000019000000be
0000019c0000000000000000
000001a80000001c00000003
000001ac0000000000000000
000001840000001a00000001
000001880000001a00000008
0000018c0000001b0000018c
000001900000001b00000194
000001940000000000000000
000001a000000019000000c1
000001a40000000000000000
000001a80000001c00000002
000001ac0000000000000000
000001840000001a00000000
000001880000001a00000000
0000018c0000001b0000018c
000001900000001b0000018c
000001940000000000000000
0000019800000019000000c2
0000019c0000000000000000
000001a80000001c00000001
000001ac0000000000000000
000001840000001a00000001
000001880000001a00000008
0000018c0000001b0000018c
000001900000001b00000194
000001940000000000000000
000001a000000019000000c5
000001a40000000000000000
000001a80000001c00000000
000001ac0000000000000000
000001b00000000700000000
000001b40000001d00000004
000001b80000000000000000
000001bc0000001d00000003
000001c00000000000000000
000001b80000000000000000
000001bc0000001d00000002
000001c00000000000000000
000001b80000000000000000
000001bc0000001d00000001
000001c00000000000000000
000001b80000000000000000
000001bc0000001d00000000
000001c00000000000000000
000001c40000000400000000
000001c80000000e00000000
000001cc0000000000000000
000001d000000001000001d4
000001d80000000a000001d4
000001dc00000001000001e0
000001ec000000030000174c
000001f00000000000000000
000001e00000000288000000
000001e400000001000001d4
000001e80000000000000000
000001d40000000000000000
000001f40000000f000003a8
000001f80000000dfe200000
000001fc0000000151fbf000
000002000000000b000000c5
000002040000000900000008
000002080000001d00000003
0000020c0000001700000001
000002100000000a000014e4
000002140000000300000000
000002180000000a8a000000
0000021c0000000850000000
000002200000001d00000002
000002240000000000000000
0000020c0000001700000001
000002100000000a000014e4
000002140000000300000000
000002180000000a8a000000
0000021c0000000850000000
000002200000001d00000001
000002240000000000000000
0000020c0000001700000001
000002100000000a000014e4
000002140000000300000000
000002180000000a8a000000
0000021c0000000850000000
000002200000001d00000000
000002240000000000000000
0000022800000008000000c5
0000022c0000001d00000005
00000230000000155bf3f000
000002340000001d00000004
000002380000000000000000
00000230000000155bf3f000
000002340000001d00000003
000002380000000000000000
00000230000000155bf3f000
000002340000001d00000002
000002380000000000000000
00000230000000155bf3f000
000002340000001d00000001
000002380000000000000000
00000230000000155bf3f000
000002340000001d00000000
000002380000000000000000
0000023c0000000500000001
000002400000000502000008
0000024400000007d22f0244
00000248000000010000024c
000002500000000a0000024c
000002540000000100000258
000002640000000b00000258
00000268000000010000026c
000002780000000c0000026c
0000027c0000000100000280
0000028c0000000d00000280
000002900000000100000294
000002a00000000e00000294
000002a400000001000002a8
000002b40000000f000002a8
000002b800000001000002bc
000002c800000010000002bc
000002cc00000001000002d0
000002dc00000011000002d0
000002e000000001000002e4
000002f000000012000002e4
000002f400000001000002f8
0000030400000013000002f8
00000308000000010000030c
000003180000001400000000
0000031c0000000000000000
0000030c00000007000000cc
0000031000000001000002f8
000003140000000000000000
000002f800000005a5319000
000002fc00000001000002e4
000003000000000000000000
000002e40000000900000000
000002e800000001000002d0
000002ec0000000000000000
000002d00000000000000000
000002d400000001000002bc
000002d80000000000000000
000002bc0000000800000001
000002c000000001000002a8
000002c40000000000000000
000002a80000001700000001
000002ac0000000100000294
000002b00000000000000000
0000029400000007fffffade
000002980000000100000280
0000029c0000000000000000
000002800000000900000000
00000284000000010000026c
000002880000000000000000
0000026c00000002ae9c826c
000002700000000100000258
000002740000000000000000
000002580000001400000000
0000025c000000010000024c
000002600000000000000000
0000024c0000000000000000
000003200000000100000324
000003280000000a00000324
0000032c0000000100000330
0000033c0000000b00000330
000003400000000100000344
000003500000000c00000344
000003540000000100000358
000003640000000d00000358
00000368000000010000036c
000003780000000e0000036c
0000037c0000000100000380
0000038c0000000f00000380
000003900000000100000394
000003a00000001000000394
000003a400000001000003a8
000003b400000011000003a8
000003b800000001000003bc
000003c80000000600000000
000003cc0000000000000000
000003bc0000000600000000
000003c000000001000003a8
000003c40000000000000000
000003a80000001400000001
000003ac0000000100000394
000003b00000000000000000
00000394000000030000068c
000003980000000100000380
0000039c0000000000000000
000003800000000400002358
00000384000000010000036c
000003880000000000000000
0000036c0000000000000000
000003700000000100000358
000003740000000000000000
000003580000000400000000
0000035c0000000100000344
000003600000000000000000
000003440000000500000000
000003480000000100000330
0000034c0000000000000000
000003300000001500000331
000003340000000100000324
000003380000000000000000
000003240000000000000000
000003d000000004000006b0
000003d400000001000003d8
000003dc0000000000000000
000003e00000000000000000
000003d80000000000000000
000003e40000001300000000
000003e80000000fffffffff
000003ec00000001000003f0
000003f40000000a000003f0
000003f800000001000003fc
000004080000000b000003fc
0000040c0000000100000410
0000041c0000000c00000410
000004200000000100000424
000004300000000d00000424
000004340000000100000438
000004440000000e00000438
00000448000000010000044c
000004580000000f0000044c
0000045c0000000100000460
0000046c0000001700000008
000004700000000000000000
0000046000000004000006b0
00000464000000010000044c
000004680000000000000000
0000044c00000008d8a5044c
000004500000000100000438
000004540000000000000000
000004380000000000000000
0000043c0000000100000424
000004400000000000000000
000004240000001400000001
000004280000000100000410
0000042c0000000000000000
000004100000001400000008
0000041400000001000003fc
000004180000000000000000
000003fc0000000500000001
0000040000000001000003f0
000004040000000000000000
000003f00000000000000000
000004740000000fffffffff
000004780000000f00000000
0000047c0000000000000000
0000048c000000100000046b
000004900000000000000000
000004940000000000000000
000004980000000900000001
0000049c0000001700000008
000004a00000001700000000
000004a400000010000003fc
000004a80000000200002000
000004ac0000001700000000
000004b00000000d000007c8
000004b40000001300000001
000004b80000000700002001
000004bc0000000d00000001
000004c00000001d00000002
000004c40000000100000000
000004c80000001d00000001
000004cc0000000000000000
000004c40000000100000000
000004c80000001d00000000
000004cc0000000000000000
000004d00000000a00000000
000004d40000001d00000002
000004d80000000300000001
000004dc0000000700000001
000004e00000000900000000
000004e40000000000000000
000004e80000001d00000001
000004ec0000000000000000
000004d80000000300000001
000004dc0000000700000001
000004e00000000900000000
000004e40000000000000000
000004e80000001d00000000
000004ec0000000000000000
000004f00000000000000000
000004f80000000b00000000
000004fc0000001d00000006
0000050000000001000001d4
0000050400000002502e5000
000005080000000500000000
0000050c0000000000000000
000005100000001d00000005
000005140000000000000000
0000050000000001000003a8
0000050400000002502e5000
000005080000000500000000
0000050c0000000000000000
000005100000001d00000004
000005140000000000000000
0000050000000001000003a8
0000050400000002502e5000
000005080000000500000000
0000050c0000000000000000
000005100000001d00000003
000005140000000000000000
0000050000000001000003a8
0000050400000002502e5000
000005080000000500000000
0000050c0000000000000000
000005100000001d00000002
000005140000000000000000
0000050000000001000003a8
0000050400000002502e5000
000005080000000500000000
0000050c0000000000000000
000005100000001d00000001
000005140000000000000000
0000050000000001000003a8
0000050400000002502e5000
000005080000000500000000
0000050c0000000000000000
000005100000001d00000000
000005140000000000000000
000005180000000000000000
0000051c0000000000000000
000005240000000a00000000
000005280000001d00000003
0000052c0000001100000000
000005300000000000000000
000005340000000300000000
000005380000001300000000
0000053c0000001500000000
000005400000001d00000002
000005440000000000000000
0000052c0000001100000000
000005300000000000000000
000005340000000300000000
000005380000001300000000
0000053c0000001500000000
000005400000001d00000001
000005440000000000000000
0000052c0000001100000000
000005300000000000000000
000005340000000300000000
000005380000001300000000
0000053c0000001500000000
000005400000001d00000000
000005440000000000000000
000005480000000000000000
0000054c0000000000000000
000005500000000000000000
000005540000001537a64554
000005580000000000000000
000005640000001d00000004
000005680000000ec5348000
0000056c0000000dffffffff
000005700000000000000000
000005740000001d00000003
000005780000000000000000
000005680000000ec5348000
0000056c0000000dffffffff
000005700000000000000000
000005740000001d00000002
000005780000000000000000
000005680000000ec5348000
0000056c0000000dffffffff
000005700000000000000000
000005740000001d00000001
000005780000000000000000
000005680000000ec5348000
0000056c0000000dffffffff
000005700000000000000000
000005740000001d00000000
000005780000000000000000
0000057c0000000b000002e4
000005800000001100000001
000005840000000eafd1a896
00000588000000010000058c
000005900000000800000001
000005940000000000000000
0000058c0000000000000000
000005980000001c00000004
0000059c0000001a00000000
000005a00000001a00000000
000005a40000001b000005a4
000005a80000001b000005a4
000005ac00000001000005b0
000005b000000019000000c6
000005b40000000000000000
000005c00000001c00000003
000005c40000000000000000
0000059c0000001a00000001
000005a00000001a00000008
000005a40000001b000005a4
000005a80000001b000005ac
000005ac00000001000005b0
000005b800000019000000c9
000005bc0000000000000000
000005c00000001c00000002
000005c40000000000000000
0000059c0000001a00000000
000005a00000001a00000000
000005a40000001b000005a4
000005a80000001b000005a4
000005ac00000001000005b0
000005b000000019000000ca
000005b40000000000000000
000005c00000001c00000001
000005c40000000000000000
0000059c0000001a00000001
000005a00000001a00000008
000005a40000001b000005a4
000005a80000001b000005ac
000005ac00000001000005b0
000005b800000019000000cd
000005bc0000000000000000
000005c00000001c00000000
000005c40000000000000000
000005c80000000400000000
000005cc0000000600000000
000005d00000001d00000004
000005d4000000097c5d05d4
000005d80000000700020000
000005dc0000000583a2fa2b
000005e00000000500000000
000005e40000000100000001
000005e80000000000000000
000005ec0000001d00000003
000005f00000000000000000
000005d4000000097c5d05d4
000005d80000000700020000
000005dc0000000583a2fa2b
000005e00000000500000000
000005e40000000100000001
000005e80000000000000000
000005ec0000001d00000002
000005f00000000000000000
000005d4000000097c5d05d4
000005d80000000700020000
000005dc0000000583a2fa2b
000005e00000000500000000
000005e40000000100000001
000005e80000000000000000
000005ec0000001d00000001
000005f00000000000000000
000005d4000000097c5d05d4
000005d80000000700020000
000005dc0000000583a2fa2b
000005e00000000500000000
000005e40000000100000001
000005e80000000000000000
000005ec0000001d00000000
000005f00000000000000000
000005f40000000000000000
000006000000000d00000410
000006040000000000000000
000006080000000100000000
0000060c0000000a00000000
000006100000000900000410
000006140000001000000000
000006180000000b949eb000
0000061c0000000000000000
000006280000000000000000
0000062c00000006fffdffff
000006300000000100000000
000006340000001100000001
000006380000000500000000
0000063c0000000800000001
000006400000000d00000000
000006440000000000000000
0000064800000016fffffa00
0000064c0000000000000000
000006580000001d00000002
0000065c0000001500000000
000006600000001d00000001
000006640000000000000000
0000065c0000001500000000
000006600000001d00000000
000006640000000000000000
00000668000000010000066c
000006700000000a0000066c
000006740000000100000678
000006840000000b00000678
00000688000000010000068c
0000069800000006000002e4
0000069c0000000000000000
0000068c0000000800000001
000006900000000100000678
000006940000000000000000
000006780000001600000000
0000067c000000010000066c
000006800000000000000000
0000066c0000000000000000
000006a00000001d00000005
000006a40000000fffffffff
000006a80000001d00000004
000006ac0000000000000000
000006a40000000fffffffff
000006a80000001d00000003
000006ac0000000000000000
000006a40000000fffffffff
000006a80000001d00000002
000006ac0000000000000000
000006a40000000fffffffff
000006a80000001d00000001
000006ac0000000000000000
000006a40000000fffffffff
000006a80000001d00000000
000006ac0000000000000000
000006b00000000ffffff804
000006b40000001c00000005
000006b80000001a00000001
000006bc0000001a00000008
000006c00000001b000006c0
000006c40000001b000006c8
000006c80000000000000000
000006d400000019000000d0
000006d80000000000000000
000006dc0000001c00000004
000006e00000000000000000
000006b80000001a00000000
000006bc0000001a00000000
000006c00000001b000006c0
000006c40000001b000006c0
000006c80000000000000000
000006cc00000019000000d1
000006d00000000000000000
000006dc0000001c00000003
000006e00000000000000000
000006b80000001a00000001
000006bc0000001a00000008
000006c00000001b000006c0
000006c40000001b000006c8
000006c80000000000000000
000006d400000019000000d4
000006d80000000000000000
000006dc0000001c00000002
000006e00000000000000000
000006b80000001a00000000
000006bc0000001a00000000
000006c00000001b000006c0
000006c40000001b000006c0
000006c80000000000000000
000006cc00000019000000d5
000006d00000000000000000
000006dc0000001c00000001
000006e00000000000000000
000006b80000001a00000001
000006bc0000001a00000008
000006c00000001b000006c0
000006c40000001b000006c8
000006c80000000000000000
000006d400000019000000d8
000006d80000000000000000
000006dc0000001c00000000
000006e00000000000000000
000006e40000000c00000000
000006e800000001000006ec
000006f00000000a000006ec
000006f400000001000006f8
0000070400000008575b3000
000007080000000000000000
000006f80000000200000000
000006fc00000001000006ec
000007000000000000000000
000006ec0000000000000000
0000070c00000017f8040000
000007100000000100000714
000007180000000a00000714
0000071c0000000100000720
0000072c0000000b00000720
000007300000000100000734
000007400000000000000000
000007440000000000000000
000007340000001500000000
000007380000000100000720
0000073c0000000000000000
00000720000000141f197000
000007240000000100000714
000007280000000000000000
000007140000000000000000
000007480000001500000000
0000074c0000000100000750
000007540000000a00000750
00000758000000010000075c
000007680000000b0000075c
0000076c0000000100000770
0000077c0000000200000000
000007800000000000000000
000007700000000000000000
00000774000000010000075c
000007780000000000000000
0000075c00000004fffff800
000007600000000100000750
000007640000000000000000
000007500000000000000000
000007840000000800000000
000007880000001200000eac
0000078c0000000200000000
000007900000001500000000
000007940000000000000000
000007980000000100000000
0000079c00000006a2f1c79c
000007a00000000f00000008
000007a400000009f8040410
000007a80000001c00000005
000007ac0000001a00000001
000007b00000001a00000008
000007b40000001b000007b4
000007b80000001b000007bc
000007bc0000000000000000
000007c800000019000000db
000007cc0000000000000000
000007d00000001c00000004
000007d40000000000000000
000007ac0000001a00000000
000007b00000001a00000000
000007b40000001b000007b4
000007b80000001b000007b4
000007bc0000000000000000
000007c000000019000000dc
000007c40000000000000000
000007d00000001c00000003
000007d40000000000000000
000007ac0000001a00000001
000007b00000001a00000008
000007b40000001b000007b4
000007b80000001b000007bc
000007bc0000000000000000
000007c800000019000000df
000007cc0000000000000000
000007d00000001c00000002
000007d40000000000000000
000007ac0000001a00000000
000007b00000001a00000000
000007b40000001b000007b4
000007b80000001b000007b4
000007bc0000000000000000
000007c000000019000000e0
000007c40000000000000000
000007d00000001c00000001
000007d40000000000000000
000007ac0000001a00000001
000007b00000001a00000008
000007b40000001b000007b4
000007b80000001b000007bc
000007bc0000000000000000
000007c800000019000000e3
000007cc0000000000000000
000007d00000001c00000000
000007d40000000000000000
000007d80000001d00000006
000007dc0000000500000000
000007e00000000900000000
000007e40000000900000000
000007e80000001d00000005
000007ec0000000000000000
000007dc0000000500000000
000007e00000000900000000
000007e40000000900000000
000007e80000001d00000004
000007ec0000000000000000
000007dc0000000500000000
000007e00000000900000000
000007e40000000900000000
000007e80000001d00000003
000007ec0000000000000000
000007dc0000000500000000
000007e00000000900000000
000007e40000000900000000
000007e80000001d00000002
000007ec0000000000000000
000007dc0000000500000000
000007e00000000900000000
000007e40000000900000000
000007e80000001d00000001
000007ec0000000000000000
000007dc0000000500000000
000007e00000000900000000
000007e40000000900000000
000007e80000001d00000000
000007ec0000000000000000
000007f00000000800000000
000007f40000000300000000
000007f80000001600000000
000007fc0000001c00000003
000008000000001a00000001
000008040000001a00000008
000008080000001b00000808
0000080c0000001b00000810
000008100000000100000814
0000081c00000019000000e6
000008200000000000000000
000008240000001c00000002
000008280000000000000000
000008000000001a00000000
000008040000001a00000000
000008080000001b00000808
0000080c0000001b00000808
000008100000000100000814
0000081400000019000000e7
000008180000000000000000
000008240000001c00000001
000008280000000000000000
000008000000001a00000001
000008040000001a00000008
000008080000001b00000808
0000080c0000001b00000810
000008100000000100000814
0000081c00000019000000ea
000008200000000000000000
000008240000001c00000000
000008280000000000000000
0000082c0000000d00000001
000008300000001200000953
000008340000000a4140e000
000008380000000200000000
0000083c0000001d00000003
000008400000000000000000
000008440000001700000001
000008480000001000000001
0000084c0000000000000000
000008500000000400000000
000008540000001d00000002
000008580000000000000000
000008400000000000000000
000008440000001700000001
000008480000001000000001
0000084c0000000000000000
000008500000000400000000
000008540000001d00000001
000008580000000000000000
000008400000000000000000
000008440000001700000001
000008480000001000000001
0000084c0000000000000000
000008500000000400000000
000008540000001d00000000
000008580000000000000000
0000085c0000001200000008
000008600000001c00000003
000008640000001a00000001
000008680000001a00000008
0000086c0000001b0000086c
000008700000001b00000874
000008740000000000000000
0000088000000019000000ed
000008840000000000000000
000008880000001c00000002
0000088c0000000000000000
000008640000001a00000000
000008680000001a00000000
0000086c0000001b0000086c
000008700000001b0000086c
000008740000000000000000
0000087800000019000000ee
0000087c0000000000000000
000008880000001c00000001
0000088c0000000000000000
000008640000001a00000001
000008680000001a00000008
0000086c0000001b0000086c
000008700000001b00000874
000008740000000000000000
0000088000000019000000f1
000008840000000000000000
000008880000001c00000000
0000088c0000000000000000
000008900000000700000000
000008940000000300000000
0000089800000013000000f1
0000089c0000001d00000003
000008a00000001500000000
000008a40000000200000011
000008a80000001200000000
000008ac0000000000000000
000008b00000001300000000
000008b40000001d00000002
000008b80000000000000000
000008a00000001500000000
000008a40000000200000011
000008a80000001200000000
000008ac0000000000000000
000008b00000001300000000
000008b40000001d00000001
000008b80000000000000000
000008a00000001500000000
000008a40000000200000011
000008a80000001200000000
000008ac0000000000000000
000008b00000001300000000
000008b40000001d00000000
000008b80000000000000000
000008bc00000001000008c0
000008c40000000a000008c0
000008c800000001000008cc
000008d80000000b000008cc
000008dc00000001000008e0
000008ec0000000c000008e0
000008f000000001000008f4
000009000000000d000008f4
000009040000000100000908
000009140000000e00000908
00000918000000010000091c
000009280000000200000000
0000092c0000000000000000
0000091c0000000500000094
000009200000000100000908
000009240000000000000000
00000908000000060000009c
0000090c00000001000008f4
000009100000000000000000
000008f40000000800000001
000008f800000001000008e0
000008fc0000000000000000
000008e00000000800000000
000008e400000001000008cc
000008e80000000000000000
000008cc0000000500000001
000008d000000001000008c0
000008d40000000000000000
000008c00000000000000000
000009300000000000000000
000009340000000712100000
000009380000000200000001
0000093c00000001fe200000
000009400000000900000d68
000009440000000100000948
0000094c0000000200000000
000009500000000000000000
000009480000000000000000
000009540000000f00000000
000009580000000000000000
0000095c0000001400000000
000009600000000400000874
000009640000001100002000
000009680000001c00000005
0000096c0000001a00000001
000009700000001a00000008
000009740000001b00000974
000009780000001b0000097c
0000097c0000000100000980
0000098800000019000000f4
0000098c0000000000000000
000009900000001c00000004
000009940000000000000000
0000096c0000001a00000000
000009700000001a00000000
000009740000001b00000974
000009780000001b00000974
0000097c0000000100000980
0000098000000019000000f5
000009840000000000000000
000009900000001c00000003
000009940000000000000000
0000096c0000001a00000001
000009700000001a00000008
000009740000001b00000974
000009780000001b0000097c
0000097c0000000100000980
0000098800000019000000f8
0000098c0000000000000000
000009900000001c00000002
000009940000000000000000
0000096c0000001a00000000
000009700000001a00000000
000009740000001b00000974
000009780000001b00000974
0000097c0000000100000980
0000098000000019000000f9
000009840000000000000000
000009900000001c00000001
000009940000000000000000
0000096c0000001a00000001
000009700000001a00000008
000009740000001b00000974
000009780000001b0000097c
0000097c0000000100000980
0000098800000019000000fc
0000098c0000000000000000
000009900000001c00000000
000009940000000000000000
000009980000000d00000002
0000099c0000000c00000000
000009a000000001000009a4
000009a80000000a000009a4
000009ac00000001000009b0
000009bc0000000b000009b0
000009c000000001000009c4
000009d00000000c000009c4
000009d400000001000009d8
000009e40000000d000009d8
000009e800000001000009ec
000009f80000000e000009ec
000009fc0000000100000a00
00000a0c0000000f00000a00
00000a100000000100000a14
00000a200000001000000a14
00000a240000000100000a28
00000a340000001100000a28
00000a380000000100000a3c
00000a480000001200000a3c
00000a4c0000000100000a50
00000a5c0000001300000a50
00000a600000000100000a64
00000a700000001400000000
00000a740000000000000000
00000a640000000900002000
00000a680000000100000a50
00000a6c0000000000000000
00000a500000000400000a51
00000a540000000100000a3c
00000a580000000000000000
00000a3c00000016000009ed
00000a400000000100000a28
00000a440000000000000000
00000a280000000000000000
00000a2c0000000100000a14
00000a300000000000000000
00000a1400000017000009b1
00000a180000000100000a00
00000a1c0000000000000000
00000a000000000400000000
00000a0400000001000009ec
00000a080000000000000000
000009ec00000002000013b0
000009f000000001000009d8
000009f40000000000000000
000009d80000000200000528
000009dc00000001000009c4
000009e00000000000000000
000009c400000007bdf6c000
000009c800000001000009b0
000009cc0000000000000000
000009b00000000410000000
000009b400000001000009a4
000009b80000000000000000
000009a40000000000000000
00000a780000000a00000354
00000a7c0000001d00000002
00000a800000001000000000
00000a840000000800000000
00000a88000000020ffff628
00000a8c00000017100009a4
00000a900000000b000009a4
00000a940000000a000009ec
00000a980000001d00000001
00000a9c0000000000000000
00000a800000001000000000
00000a840000000800000000
00000a88000000020ffff628
00000a8c00000017100009a4
00000a900000000b000009a4
00000a940000000a000009ec
00000a980000001d00000000
00000a9c0000000000000000
00000aa0000000120ffff628
00000aa40000001337e71000
00000aa80000000ae0c80aa8
00000aac0000001d00000004
00000ab00000000f000029ec
00000ab40000001d00000003
00000ab80000000000000000
00000ab00000000f000029ec
00000ab40000001d00000002
00000ab80000000000000000
00000ab00000000f000029ec
00000ab40000001d00000001
00000ab80000000000000000
00000ab00000000f000029ec
00000ab40000001d00000000
00000ab80000000000000000
00000abc00000003aa2e2abc
00000ac0000000021dade000
00000ac40000000800000000
00000ac800000007000009ed
00000acc0000000100000ad0
00000ad40000000a00000ad0
00000ad80000000100000adc
00000ae80000000b00000adc
00000aec0000000100000af0
00000afc0000000c00000af0
00000b000000000100000b04
00000b100000000d00000b04
00000b140000000100000b18
00000b240000000e00000b18
00000b280000000100000b2c
00000b380000000f00000b2c
00000b3c0000000100000b40
00000b4c0000000900000003
00000b500000000000000000
00000b400000000400000000
00000b440000000100000b2c
00000b480000000000000000
00000b2c0000000600000001
00000b300000000100000b18
00000b340000000000000000
00000b180000001400000001
00000b1c0000000100000b04
00000b200000000000000000
00000b040000000700000001
00000b080000000100000af0
00000b0c0000000000000000
00000af00000000300000000
00000af40000000100000adc
00000af80000000000000000
00000adc0000000300000000
00000ae00000000100000ad0
00000ae40000000000000000
00000ad00000000000000000
00000b540000001c00000005
00000b580000001a00000001
00000b5c0000001a00000008
00000b600000001b00000b60
00000b640000001b00000b68
00000b680000000100000b6c
00000b7400000019000000ff
00000b780000000000000000
00000b7c0000001c00000004
00000b800000000000000000
00000b580000001a00000000
00000b5c0000001a00000000
00000b600000001b00000b60
00000b640000001b00000b60
00000b680000000100000b6c
00000b6c0000001900000100
00000b700000000000000000
00000b7c0000001c00000003
00000b800000000000000000
00000b580000001a00000001
00000b5c0000001a00000008
00000b600000001b00000b60
00000b640000001b00000b68
00000b680000000100000b6c
00000b740000001900000103
00000b780000000000000000
00000b7c0000001c00000002
00000b800000000000000000
00000b580000001a00000000
00000b5c0000001a00000000
00000b600000001b00000b60
00000b640000001b00000b60
00000b680000000100000b6c
00000b6c0000001900000104
00000b700000000000000000
00000b7c0000001c00000001
00000b800000000000000000
00000b580000001a00000001
00000b5c0000001a00000008
00000b600000001b00000b60
00000b640000001b00000b68
00000b680000000100000b6c
00000b740000001900000107
00000b780000000000000000
00000b7c0000001c00000000
00000b800000000000000000
00000b840000000000000000
00000b880000000c00000000
00000b8c0000000000000000
00000b900000000100000b94
00000b980000000a00000b94
00000b9c0000000100000ba0
00000bac0000000b00000ba0
00000bb00000000100000bb4
00000bc00000000c00000bb4
00000bc40000000100000bc8
00000bd40000000500000000
00000bd80000000000000000
00000bc80000001700000001
00000bcc0000000100000bb4
00000bd00000000000000000
00000bb40000000500000001
00000bb80000000100000ba0
00000bbc0000000000000000
00000ba00000000237e71b2c
00000ba40000000100000b94
00000ba80000000000000000
00000b940000000000000000
00000bdc0000001300000000
00000be00000000100000be4
00000be80000000a00000be4
00000bec0000000100000bf0
00000bfc0000000b00000bf0
00000c000000000100000c04
00000c100000000c00000c04
00000c140000000100000c18
00000c240000001600000c04
00000c280000000000000000
00000c180000000700000000
00000c1c0000000100000c04
00000c200000000000000000
00000c0400000004000000b0
00000c080000000100000bf0
00000c0c0000000000000000
00000bf00000000800000001
00000bf40000000100000be4
00000bf80000000000000000
00000be40000000000000000
00000c2c0000000100000c30
00000c340000000a00000c30
00000c380000000100000c3c
00000c480000000b00000c3c
00000c4c0000000100000c50
00000c5c0000000c00000c50
00000c600000000100000c64
00000c700000000d00000c64
00000c740000000100000c78
00000c840000000e00000c78
00000c880000000100000c8c
00000c980000000f00000c8c
00000c9c0000000100000ca0
00000cac0000001000000ca0
00000cb00000000100000cb4
00000cc00000001100000cb4
00000cc40000000100000cc8
00000cd40000001709dce000
00000cd80000000000000000
00000cc80000000000000000
00000ccc0000000100000cb4
00000cd00000000000000000
00000cb40000001500000000
00000cb80000000100000ca0
00000cbc0000000000000000
00000ca00000000000000000
00000ca40000000100000c8c
00000ca80000000000000000
00000c8c0000000000000000
00000c900000000100000c78
00000c940000000000000000
00000c780000000400000c79
00000c7c0000000100000c64
00000c800000000000000000
00000c640000000700000000
00000c680000000100000c50
00000c6c0000000000000000
00000c500000001440000000
00000c540000000100000c3c
00000c580000000000000000
00000c3c0000000200000000
00000c400000000100000c30
00000c440000000000000000
00000c300000000000000000
00000cdc0000000000000000
00000ce00000001200000000
00000ce40000000c00000000
00000ce80000001d00000003
00000cec0000000700000c31
00000cf00000000b00000000
00000cf40000000000000000
00000cf80000001d00000002
00000cfc0000000000000000
00000cec0000000700000c31
00000cf00000000b00000000
00000cf40000000000000000
00000cf80000001d00000001
00000cfc0000000000000000
00000cec0000000700000c31
00000cf00000000b00000000
00000cf40000000000000000
00000cf80000001d00000000
00000cfc0000000000000000
00000d000000000600000000
00000d040000000a00000000
00000d080000000100000000
00000d0c0000001c00000004
00000d100000001a00000000
00000d140000001a00000000
00000d180000001b00000d18
00000d1c0000001b00000d18
00000d200000000100000d24
00000d240000001900000108
00000d280000000000000000
00000d340000001c00000003
00000d380000000000000000
00000d100000001a00000001
00000d140000001a00000008
00000d180000001b00000d18
00000d1c0000001b00000d20
00000d200000000100000d24
00000d2c000000190000010b
00000d300000000000000000
00000d340000001c00000002
00000d380000000000000000
00000d100000001a00000000
00000d140000001a00000000
00000d180000001b00000d18
00000d1c0000001b00000d18
00000d200000000100000d24
00000d24000000190000010c
00000d280000000000000000
00000d340000001c00000001
00000d380000000000000000
00000d100000001a00000001
00000d140000001a00000008
00000d180000001b00000d18
00000d1c0000001b00000d20
00000d200000000100000d24
00000d2c000000190000010f
00000d300000000000000000
00000d340000001c00000000
00000d380000000000000000
00000d3c0000001c00000003
00000d400000001a00000001
00000d440000001a00000008
00000d480000001b00000d48
00000d4c0000001b00000d50
00000d500000000000000000
00000d5c0000001900000112
00000d600000000000000000
00000d640000001c00000002
00000d680000000000000000
00000d400000001a00000000
00000d440000001a00000000
00000d480000001b00000d48
00000d4c0000001b00000d48
00000d500000000000000000
00000d540000001900000113
00000d580000000000000000
00000d640000001c00000001
00000d680000000000000000
00000d400000001a00000001
00000d440000001a00000008
00000d480000001b00000d48
00000d4c0000001b00000d50
00000d500000000000000000
00000d5c0000001900000116
00000d600000000000000000
00000d640000001c00000000
00000d680000000000000000
00000d6c0000001d00000006
00000d700000001200000000
00000d740000001d00000005
00000d780000000000000000
00000d700000001200000000
00000d740000001d00000004
00000d780000000000000000
00000d700000001200000000
00000d740000001d00000003
00000d780000000000000000
00000d700000001200000000
00000d740000001d00000002
00000d780000000000000000
00000d700000001200000000
00000d740000001d00000001
00000d780000000000000000
00000d700000001200000000
00000d740000001d00000000
00000d780000000000000000
00000d7c0000001c00000003
00000d800000001a00000001
00000d840000001a00000008
00000d880000001b00000d88
00000d8c0000001b00000d90
00000d900000000000000000
00000d9c0000001900000119
00000da00000000000000000
00000da40000001c00000002
00000da80000000000000000
00000d800000001a00000000
00000d840000001a00000000
00000d880000001b00000d88
00000d8c0000001b00000d88
00000d900000000000000000
00000d94000000190000011a
00000d980000000000000000
00000da40000001c00000001
00000da80000000000000000
00000d800000001a00000001
00000d840000001a00000008
00000d880000001b00000d88
00000d8c0000001b00000d90
00000d900000000000000000
00000d9c000000190000011d
00000da00000000000000000
00000da40000001c00000000
00000da80000000000000000
00000dac0000000f00002000
00000db00000000100000db4
00000db80000000a00000db4
00000dbc0000000100000dc0
00000dcc0000000b00000dc0
00000dd00000000100000dd4
00000de00000000900000000
00000de40000000000000000
00000dd40000000700000000
00000dd80000000100000dc0
00000ddc0000000000000000
00000dc00000001500000000
00000dc40000000100000db4
00000dc80000000000000000
00000db40000000000000000
00000de80000000100000dec
00000df00000000a00000dec
00000df40000000100000df8
00000e040000000b00000df8
00000e080000000100000e0c
00000e180000000c00000e0c
00000e1c0000000100000e20
00000e2c0000000d00000e20
00000e300000000100000e34
00000e400000000e00000e34
00000e440000000100000e48
00000e540000000f00000e48
00000e580000000100000e5c
00000e680000001000000e5c
00000e6c0000000100000e70
00000e7c0000001100000e70
00000e800000000100000e84
00000e900000001200000e84
00000e940000000100000e98
00000ea40000001700000001
00000ea80000000000000000
00000e980000001400000000
00000e9c0000000100000e84
00000ea00000000000000000
00000e840000000900000000
00000e880000000100000e70
00000e8c0000000000000000
00000e700000000400000001
00000e740000000100000e5c
00000e780000000000000000
00000e5c0000000600000001
00000e600000000100000e48
00000e640000000000000000
00000e480000000600000000
00000e4c0000000100000e34
00000e500000000000000000
00000e340000000800000000
00000e380000000100000e20
00000e3c0000000000000000
00000e200000000500000000
00000e240000000100000e0c
00000e280000000000000000
00000e0c00000015fbc76e0c
00000e100000000100000df8
00000e140000000000000000
00000df80000001700002200
00000dfc0000000100000dec
00000e000000000000000000
00000dec0000000000000000
00000eac0000001c00000003
00000eb00000001a00000001
00000eb40000001a00000008
00000eb80000001b00000eb8
00000ebc0000001b00000ec0
00000ec00000000000000000
00000ecc0000001900000120
00000ed00000000000000000
00000ed40000001c00000002
00000ed80000000000000000
00000eb00000001a00000000
00000eb40000001a00000000
00000eb80000001b00000eb8
00000ebc0000001b00000eb8
00000ec00000000000000000
00000ec40000001900000121
00000ec80000000000000000
00000ed40000001c00000001
00000ed80000000000000000
00000eb00000001a00000001
00000eb40000001a00000008
00000eb80000001b00000eb8
00000ebc0000001b00000ec0
00000ec00000000000000000
00000ecc0000001900000124
00000ed00000000000000000
00000ed40000001c00000000
00000ed80000000000000000
00000edc0000001d00000003
00000ee00000000000000000
00000ee40000000a00000e34
00000ee80000001600000df8
00000eec0000001400000000
00000ef00000001700000074
00000ef40000001d00000002
00000ef80000000000000000
00000ee00000000000000000
00000ee40000000a00000e34
00000ee80000001600000df8
00000eec0000001400000000
00000ef00000001700000074
00000ef40000001d00000001
00000ef80000000000000000
00000ee00000000000000000
00000ee40000000a00000e34
00000ee80000001600000df8
00000eec0000001400000000
00000ef00000001700000074
00000ef40000001d00000000
00000ef80000000000000000
00000efc00000006fbc76e0c
00000f000000000000000000
00000f100000001200000000
00000f140000000c00000001
00000f180000001700000000
00000f1c0000000400000000
00000f200000000000000000
00000f340000000200000000
00000f380000001c00000003
00000f3c0000001a00000001
00000f400000001a00000008
00000f440000001b00000f44
00000f480000001b00000f4c
00000f4c0000000000000000
00000f580000001900000127
00000f5c0000000000000000
00000f600000001c00000002
00000f640000000000000000
00000f3c0000001a00000000
00000f400000001a00000000
00000f440000001b00000f44
00000f480000001b00000f44
00000f4c0000000000000000
00000f500000001900000128
00000f540000000000000000
00000f600000001c00000001
00000f640000000000000000
00000f3c0000001a00000001
00000f400000001a00000008
00000f440000001b00000f44
00000f480000001b00000f4c
00000f4c0000000000000000
00000f58000000190000012b
00000f5c0000000000000000
00000f600000001c00000000
00000f640000000000000000
00000f680000000500000dec
00000f6c0000001500002fec
00000f7000000012fffffe0c
00000f740000000100000f78
00000f7c0000000a00000f78
00000f800000000100000f84
00000f900000000b00000f84
00000f940000000100000f98
00000fa40000000c00000f98
00000fa80000000100000fac
00000fb80000000d00000fac
00000fbc0000000100000fc0
00000fcc0000000e00000fc0
00000fd00000000100000fd4
00000fe00000000f00000fd4
00000fe40000000100000fe8
00000ff40000001000000fe8
00000ff80000000100000ffc
000010080000001100000ffc
0000100c0000000100001010
0000101c0000000000000000
000010200000000000000000
000010100000001700000000
000010140000000100000ffc
000010180000000000000000
00000ffc0000000900000000
000010000000000100000fe8
000010040000000000000000
00000fe80000000900000000
00000fec0000000100000fd4
00000ff00000000000000000
00000fd4000000060000012c
00000fd80000000100000fc0
00000fdc0000000000000000
00000fc00000000500000ded
00000fc40000000100000fac
00000fc80000000000000000
00000fac0000000500000ded
00000fb00000000100000f98
00000fb40000000000000000
00000f980000001500000000
00000f9c0000000100000f84
00000fa00000000000000000
00000f840000000804400000
00000f880000000100000f78
00000f8c0000000000000000
00000f780000000000000000
000010240000000000000000
000010280000001d00000006
0000102c0000000a00000000
000010300000000f00000000
00001034000000074886f034
00001038000000010003ff00
0000103c0000001600000000
000010400000001d00000005
000010440000000000000000
0000102c0000000a00000000
000010300000000f00000000
00001034000000074886f034
00001038000000010003ff00
0000103c0000001600000000
000010400000001d00000004
000010440000000000000000
0000102c0000000a00000000
000010300000000f00000000
00001034000000074886f034
00001038000000010003ff00
0000103c0000001600000000
000010400000001d00000003
000010440000000000000000
0000102c0000000a00000000
000010300000000f00000000
00001034000000074886f034
00001038000000010003ff00
0000103c0000001600000000
000010400000001d00000002
000010440000000000000000
0000102c0000000a00000000
000010300000000f00000000
00001034000000074886f034
00001038000000010003ff00
0000103c0000001600000000
000010400000001d00000001
000010440000000000000000
0000102c0000000a00000000
000010300000000f00000000
00001034000000074886f034
00001038000000010003ff00
0000103c0000001600000000
000010400000001d00000000
000010440000000000000000
000010480000001600000000
0000104c0000001c00000003
000010500000001a00000001
000010540000001a00000008
000010580000001b00001058
0000105c0000001b00001060
000010600000000100001064
0000106c000000190000012e
000010700000000000000000
000010740000001c00000002
000010780000000000000000
000010500000001a00000000
000010540000001a00000000
000010580000001b00001058
0000105c0000001b00001058
000010600000000100001064
00001064000000190000012f
000010680000000000000000
000010740000001c00000001
000010780000000000000000
000010500000001a00000001
000010540000001a00000008
000010580000001b00001058
0000105c0000001b00001060
000010600000000100001064
0000106c0000001900000132
000010700000000000000000
000010740000001c00000000
000010780000000000000000
0000107c0000001d00000005
000010800000000600000000
000010840000000a00000000
000010880000001d00000004
0000108c0000000000000000
000010800000000600000000
000010840000000a00000000
000010880000001d00000003
0000108c0000000000000000
000010800000000600000000
000010840000000a00000000
000010880000001d00000002
0000108c0000000000000000
000010800000000600000000
000010840000000a00000000
000010880000001d00000001
0000108c0000000000000000
000010800000000600000000
000010840000000a00000000
000010880000001d00000000
0000108c0000000000000000
000010900000000308b74000
000010940000000e0000201f
0000109800000005ffffef65
0000109c00000001000010a0
000010a40000000a000010a0
000010a800000001000010ac
000010b80000000b000010ac
000010bc00000001000010c0
000010cc0000000c000010c0
000010d000000001000010d4
000010e00000000d000010d4
000010e400000001000010e8
000010f40000000e000010e8
000010f800000001000010fc
000011080000000700000000
0000110c0000000000000000
000010fc0000001600000001
0000110000000001000010e8
000011040000000000000000
000010e80000000900000000
000010ec00000001000010d4
000010f00000000000000000
000010d40000000461ef00d4
000010d800000001000010c0
000010dc0000000000000000
000010c000000003ffffda00
000010c400000001000010ac
000010c80000000000000000
000010ac0000000500001fe8
000010b000000001000010a0
000010b40000000000000000
000010a00000000000000000
000011100000000c000017ff
000011140000000504401060
000011180000001500000000
0000111c0000000400000001
000011200000000000000000
000011240000000400000000
000011280000000500000000
0000112c0000000800000000
000011300000000300000000
000011340000001400000000
000011380000000000000000
0000113c0000001600000000
000011400000000700000000
0000114400000007000006cd
000011480000000000000000
0000115c0000000f00000000
000011600000000700000000
0000116400000012000010e8
000011680000001300000fe8
0000116c0000001200000001
000011700000000000000000
000011740000000b00000000
000011780000000e00000001
0000117c0000000000000000
0000118c0000000100001190
000011940000000a00001190
00001198000000010000119c
000011a80000001500000000
000011ac0000000000000000
0000119c0000000400000000
000011a00000000100001190
000011a40000000000000000
000011900000000000000000
000011b00000000000000000
000011b40000000000000000
000011b80000000300000000
000011bc000000167d408000
000011c00000001d00000004
000011c40000001100000fe8
000011c80000001d00000003
000011cc0000000000000000
000011c40000001100000fe8
000011c80000001d00000002
000011cc0000000000000000
000011c40000001100000fe8
000011c80000001d00000001
000011cc0000000000000000
000011c40000001100000fe8
000011c80000001d00000000
000011cc0000000000000000
000011d00000000000000000
000011dc0000000900000000
000011e00000001600000000
000011e40000001700000001
000011e80000000000000000
000011ec0000000d00000000
000011f00000001400000000
000011f40000001c00000005
000011f80000001a00000001
000011fc0000001a00000008
000012000000001b00001200
000012040000001b00001208
00001208000000010000120c
000012140000001900000135
000012180000000000000000
0000121c0000001c00000004
000012200000000000000000
000011f80000001a00000000
000011fc0000001a00000000
000012000000001b00001200
000012040000001b00001200
00001208000000010000120c
0000120c0000001900000136
000012100000000000000000
0000121c0000001c00000003
000012200000000000000000
000011f80000001a00000001
000011fc0000001a00000008
000012000000001b00001200
000012040000001b00001208
00001208000000010000120c
000012140000001900000139
000012180000000000000000
0000121c0000001c00000002
000012200000000000000000
000011f80000001a00000000
000011fc0000001a00000000
000012000000001b00001200
000012040000001b00001200
00001208000000010000120c
0000120c000000190000013a
000012100000000000000000
0000121c0000001c00000001
000012200000000000000000
000011f80000001a00000001
000011fc0000001a00000008
000012000000001b00001200
000012040000001b00001208
00001208000000010000120c
00001214000000190000013d
000012180000000000000000
0000121c0000001c00000000
000012200000000000000000
000012240000001100001208
000012280000001c00000005
0000122c0000001a00000001
000012300000001a00000008
000012340000001b00001234
000012380000001b0000123c
0000123c0000000100001240
000012480000001900000140
0000124c0000000000000000
000012500000001c00000004
000012540000000000000000
0000122c0000001a00000000
000012300000001a00000000
000012340000001b00001234
000012380000001b00001234
0000123c0000000100001240
000012400000001900000141
000012440000000000000000
000012500000001c00000003
000012540000000000000000
0000122c0000001a00000001
000012300000001a00000008
000012340000001b00001234
000012380000001b0000123c
0000123c0000000100001240
000012480000001900000144
0000124c0000000000000000
000012500000001c00000002
000012540000000000000000
0000122c0000001a00000000
000012300000001a00000000
000012340000001b00001234
000012380000001b00001234
0000123c0000000100001240
000012400000001900000145
000012440000000000000000
000012500000001c00000001
000012540000000000000000
0000122c0000001a00000001
000012300000001a00000008
000012340000001b00001234
000012380000001b0000123c
0000123c0000000100001240
000012480000001900000148
0000124c0000000000000000
000012500000001c00000000
000012540000000000000000
000012580000000e00001190
0000125c0000001d00000005
000012600000000cfffffffa
000012640000001200119000
000012680000000900001191
0000126c0000001d00000004
000012700000000000000000
000012600000000cfffffffb
000012640000001200119000
000012680000000900001191
0000126c0000001d00000003
000012700000000000000000
000012600000000cfffffffc
000012640000001200119000
000012680000000900001191
0000126c0000001d00000002
000012700000000000000000
000012600000000cfffffffd
000012640000001200119000
000012680000000900001191
0000126c0000001d00000001
000012700000000000000000
000012600000000cfffffffe
000012640000001200119000
000012680000000900001191
0000126c0000001d00000000
000012700000000000000000
000012740000001000001190
000012780000000300000000
0000127c0000001100000000
000012800000000b00000000
000012840000001c00000004
000012880000001a00000000
0000128c0000001a00000000
000012900000001b00001290
000012940000001b00001290
00001298000000010000129c
0000129c0000001900000149
000012a00000000000000000
000012ac0000001c00000003
000012b00000000000000000
000012880000001a00000001
0000128c0000001a00000008
000012900000001b00001290
000012940000001b00001298
00001298000000010000129c
000012a4000000190000014c
000012a80000000000000000
000012ac0000001c00000002
000012b00000000000000000
000012880000001a00000000
0000128c0000001a00000000
000012900000001b00001290
000012940000001b00001290
00001298000000010000129c
0000129c000000190000014d
000012a00000000000000000
000012ac0000001c00000001
000012b00000000000000000
000012880000001a00000001
0000128c0000001a00000008
000012900000001b00001290
000012940000001b00001298
00001298000000010000129c
000012a40000001900000150
000012a80000000000000000
000012ac0000001c00000000
000012b00000000000000000
000012b40000000000000000
000012b80000000e00000000
000012bc0000000d00000001
000012c000000001000012c4
000012c80000000a000012c4
000012cc00000001000012d0
000012dc0000000b000012d0
000012e000000001000012e4
000012f00000000c000012e4
000012f400000001000012f8
000013040000000d000012f8
00001308000000010000130c
000013180000000e0000130c
0000131c0000000100001320
0000132c0000000f00001320
000013300000000100001334
000013400000001000001334
000013440000000100001348
000013540000001100001348
00001358000000010000135c
00001368000000120000135c
0000136c0000000100001370
0000137c0000001300001370
000013800000000100001384
000013900000000200000000
000013940000000000000000
00001384000000040000147b
000013880000000100001370
0000138c0000000000000000
0000137000000009500d9000
00001374000000010000135c
000013780000000000000000
0000135c0000000890000000
000013600000000100001348
000013640000000000000000
000013480000000200001240
0000134c0000000100001334
000013500000000000000000
000013340000001422000000
000013380000000100001320
0000133c0000000000000000
000013200000000700002200
00001324000000010000130c
000013280000000000000000
0000130c00000004000012f9
0000131000000001000012f8
000013140000000000000000
000012f80000001700000001
000012fc00000001000012e4
000013000000000000000000
000012e400000006ffffffff
000012e800000001000012d0
000012ec0000000000000000
000012d00000000000000000
000012d400000001000012c4
000012d80000000000000000
000012c40000000000000000
000013980000001d00000002
0000139c0000001300000000
000013a00000001d00000001
000013a40000000000000000
0000139c0000001300000000
000013a00000001d00000000
000013a40000000000000000
000013a800000001000013ac
000013b00000000a000013ac
000013b400000001000013b8
000013c40000000b000013b8
000013c800000001000013cc
000013d80000000c000013cc
000013dc00000001000013e0
000013ec0000000d000013e0
000013f000000001000013f4
000014000000000e000013f4
000014040000000100001408
000014140000000f00001408
00001418000000010000141c
00001428000000100000141c
0000142c0000000100001430
0000143c0000001100001430
000014400000000100001444
000014500000000500000000
000014540000000000000000
000014440000000000000000
000014480000000100001430
0000144c0000000000000000
000014300000000800003630
00001434000000010000141c
000014380000000000000000
0000141c000000090000011c
000014200000000100001408
000014240000000000000000
000014080000000800003630
0000140c00000001000013f4
000014100000000000000000
000013f40000000800000008
000013f800000001000013e0
000013fc0000000000000000
000013e00000001708f08000
000013e400000001000013cc
000013e80000000000000000
000013cc00000006781b13cc
000013d000000001000013b8
000013d40000000000000000
000013b80000001500000008
000013bc00000001000013ac
000013c00000000000000000
000013ac0000000000000000
000014580000000c00000000
0000145c0000000100001460
000014640000000a00001460
00001468000000010000146c
000014780000000b0000146c
0000147c0000000100001480
0000148c0000001700001430
000014900000000000000000
000014800000001600000000
00001484000000010000146c
000014880000000000000000
0000146c0000000700000150
000014700000000100001460
000014740000000000000000
000014600000000000000000
000014940000001500000000
00001498000000010000149c
000014a00000000a0000149c
000014a400000001000014a8
000014b40000000b000014a8
000014b800000001000014bc
000014c80000000c000014bc
000014cc00000001000014d0
000014dc0000000d000014d0
000014e000000001000014e4
000014f00000000e000014e4
000014f400000001000014f8
000015040000000f000014f8
00001508000000010000150c
00001518000000100000150c
0000151c0000000100001520
0000152c0000000800000001
000015300000000000000000
0000152000000014781b17fc
00001524000000010000150c
000015280000000000000000
0000150c0000000000000000
0000151000000001000014f8
000015140000000000000000
000014f80000000000000000
000014fc00000001000014e4
000015000000000000000000
000014e4000000090000145c
000014e800000001000014d0
000014ec0000000000000000
000014d00000000900000000
000014d400000001000014bc
000014d80000000000000000
000014bc00000005000007ff
000014c000000001000014a8
000014c40000000000000000
000014a80000000300001298
000014ac000000010000149c
000014b00000000000000000
0000149c0000000000000000
0000153400000017911f3000
000015380000001d00000003
0000153c0000000000000000
000015400000001d00000002
000015440000000000000000
0000153c0000000000000000
000015400000001d00000001
000015440000000000000000
0000153c0000000000000000
000015400000001d00000000
000015440000000000000000
000015480000000000000000
000015580000001d00000006
0000155c0000000300000000
000015600000000400000001
000015640000000e00000000
0000156800000013000017dc
0000156c0000000e0000349c
000015700000001d00000005
000015740000000000000000
0000155c0000000300000000
000015600000000400000001
000015640000000e00000000
0000156800000013000017dc
0000156c0000000e0000349c
000015700000001d00000004
000015740000000000000000
0000155c0000000300000000
000015600000000400000001
000015640000000e00000000
0000156800000013000017dc
0000156c0000000e0000349c
000015700000001d00000003
000015740000000000000000
0000155c0000000300000000
000015600000000400000001
000015640000000e00000000
0000156800000013000017dc
0000156c0000000e0000349c
000015700000001d00000002
000015740000000000000000
0000155c0000000300000000
000015600000000400000001
000015640000000e00000000
0000156800000013000017dc
0000156c0000000e0000349c
000015700000001d00000001
000015740000000000000000
0000155c0000000300000000
000015600000000400000001
000015640000000e00000000
0000156800000013000017dc
0000156c0000000e0000349c
000015700000001d00000000
000015740000000000000000
000015780000001d00000004
0000157c0000000a00000000
0000158000000011781b032c
000015840000001100000001
000015880000001d00000003
0000158c0000000000000000
0000157c0000000a00000000
0000158000000011781b032c
000015840000001100000001
000015880000001d00000002
0000158c0000000000000000
0000157c0000000a00000000
0000158000000011781b032c
000015840000001100000001
000015880000001d00000001
0000158c0000000000000000
0000157c0000000a00000000
0000158000000011781b032c
000015840000001100000001
000015880000001d00000000
0000158c0000000000000000
000015900000000b00000000
000015940000000600000016
000015980000001300001238
0000159c0000000b00000000
000015a00000001700000018
000015a4000000010000123b
000015a80000000000000000
000015ac0000000f00000000
000015b00000000000000000
000015b40000001200000151
000015b80000001300000000
000015bc0000001d00000002
000015c00000001500000000
000015c40000000effffec80
000015c800000009000007ff
000015cc00000004fffff800
000015d00000001d00000001
000015d40000000000000000
000015c00000001500000000
000015c40000000effffec80
000015c800000009000007ff
000015cc00000004fffff800
000015d00000001d00000000
000015d40000000000000000
000015d80000000000000000
000015e0000000170000123b
000015e40000000000000000
000015e80000000d80000000
000015ec000000120000150c
000015f00000001c00000003
000015f40000001a00000001
000015f80000001a00000008
000015fc0000001b000015fc
000016000000001b00001604
000016040000000100001608
000016100000001900000153
000016140000000000000000
000016180000001c00000002
0000161c0000000000000000
000015f40000001a00000000
000015f80000001a00000000
000015fc0000001b000015fc
000016000000001b000015fc
000016040000000100001608
000016080000001900000154
0000160c0000000000000000
000016180000001c00000001
0000161c0000000000000000
000015f40000001a00000001
000015f80000001a00000008
000015fc0000001b000015fc
000016000000001b00001604
000016040000000100001608
000016100000001900000157
000016140000000000000000
000016180000001c00000000
0000161c0000000000000000
0000162000000017000007fe
0000162400000008000002b4
000016280000000bffffec80
0000162c000000070000150d
000016300000000000000000
000016340000000000000000
000016380000000500000001
0000163c0000001000000001
000016400000000000000000
000016440000000100001648
0000164c0000000a00001648
000016500000000100001654
000016600000000b00001654
000016640000000100001668
000016740000000c00001668
00001678000000010000167c
000016880000000d0000167c
0000168c0000000100001690
0000169c0000000400000000
000016a00000000000000000
000016900000000500000000
00001694000000010000167c
000016980000000000000000
0000167c0000001700000000
000016800000000100001668
000016840000000000000000
000016680000000300000001
0000166c0000000100001654
000016700000000000000000
000016540000000300000000
000016580000000100001648
0000165c0000000000000000
000016480000000000000000
000016a400000008ffffeda7
000016a80000000700000000
000016ac0000000000000000
000016b00000000700001648
000016b40000001200002000
000016b80000000300000000
000016bc0000001300000000
000016c000000013ead356c0
000016c40000001200000000
000016c80000001d00000006
000016cc0000000800000001
000016d00000000200000000
000016d400000005fffff806
000016d80000001d00000005
000016dc0000000000000000
000016cc0000000800000001
000016d00000000200000000
000016d400000005fffff805
000016d80000001d00000004
000016dc0000000000000000
000016cc0000000800000001
000016d00000000200000000
000016d400000005fffff804
000016d80000001d00000003
000016dc0000000000000000
000016cc0000000800000001
000016d00000000200000000
000016d400000005fffff803
000016d80000001d00000002
000016dc0000000000000000
000016cc0000000800000001
000016d00000000200000000
000016d400000005fffff802
000016d80000001d00000001
000016dc0000000000000000
000016cc0000000800000001
000016d00000000200000000
000016d400000005fffff801
000016d80000001d00000000
000016dc0000000000000000
000016e00000000400000000
000016e4000000159f10a000
000016e80000000100000000
000016ec0000000d00000000
000016f00000001c00000003
000016f40000001a00000001
000016f80000001a00000008
000016fc0000001b000016fc
000017000000001b00001704
000017040000000100001708
00001710000000190000015a
000017140000000000000000
000017180000001c00000002
0000171c0000000000000000
000016f40000001a00000000
000016f80000001a00000000
000016fc0000001b000016fc
000017000000001b000016fc
000017040000000100001708
00001708000000190000015b
0000170c0000000000000000
000017180000001c00000001
0000171c0000000000000000
000016f40000001a00000001
000016f80000001a00000008
000016fc0000001b000016fc
000017000000001b00001704
000017040000000100001708
00001710000000190000015e
000017140000000000000000
000017180000001c00000000
0000171c0000000000000000
000017200000000000000000
000017240000000000000000
00001728000000010000172c
000017300000000a0000172c
000017340000000100001738
000017440000000b00001738
00001748000000010000174c
000017580000000c0000174c
0000175c0000000100001760
0000176c0000000d00001760
000017700000000100001774
000017800000000e00001774
000017840000000100001788
000017940000000f00001788
00001798000000010000179c
000017a8000000100000179c
000017ac00000001000017b0
000017bc00000017b6fc77bc
000017c00000000000000000
000017b00000000704000000
000017b4000000010000179c
000017b80000000000000000
0000179c000000069f871000
000017a00000000100001788
000017a40000000000000000
000017880000000000000000
0000178c0000000100001774
000017900000000000000000
000017740000000500000000
000017780000000100001760
0000177c0000000000000000
0000176000000009b6fc77fc
00001764000000010000174c
000017680000000000000000
0000174c0000001401000000
000017500000000100001738
000017540000000000000000
000017380000001700001738
0000173c000000010000172c
000017400000000000000000
0000172c0000000000000000
000017c40000001800000000
000017c80000000000000000
000017d00000000000000000
