000000000000001f00002000
000000040000001e00002000
000000080000001e00002200
0000000c000000019f768000
00000010000000019f767c45
00000014000000024164e000
00000018000000024164d839
0000001c00000003bde5c000
0000002000000003bde5c099
00000024000000045bc90000
00000028000000045bc8fbbc
0000002c00000005cb91d000
0000003000000005cb91ce37
0000003400000006b0c12000
0000003800000006b0c11fde
0000003c00000007f1447000
0000004000000007f1446bea
0000004400000008d76d4000
0000004800000008d76d4330
0000004c00000009bd6a0000
0000005000000009bd69fe29
000000540000000aa6eb9000
000000580000000aa6eb8c9e
0000005c0000000bec1d8000
000000600000000bec1d7da0
000000640000000c87b0b000
000000680000000c87b0b125
0000006c0000000d076ce000
000000700000000d076ce2ef
000000740000000ed7211000
000000780000000ed7210dff
0000007c0000000f77331000
000000800000000f77330bdb
0000008400000010c6a54000
0000008800000010c6a53877
0000008c00000011f17fd000
0000009000000011f17fd374
00000094000000123fc1f000
00000098000000123fc1ea36
0000009c00000013a6233000
000000a000000013a6233255
000000a4000000140d464000
000000a8000000140d464138
000000ac00000015e6a17000
000000b000000015e6a16a3b
000000b40000001628277000
000000b8000000162827688d
000000bc000000171cfb1000
000000c0000000171cfb10f6
000000c40000001800000002
000000c80000000800000002
000000cc0000000d02c8889c
000000d000000001f5cae0d0
000000d40000000000000000
000000d800000001000000dc
000000e00000000a000000dc
000000e400000001000000e8
000000f40000000b000000e8
000000f800000001000000fc
000001080000000c000000fc
0000010c0000000100000110
0000011c0000000d00000110
000001200000000100000124
000001300000000900000000
000001340000000000000000
0000012400000017bd699187
000001280000000100000110
0000012c0000000000000000
0000011000000004226e3433
0000011400000001000000fc
000001180000000000000000
000000fc0000000800000001
0000010000000001000000e8
000001040000000000000000
000000e80000000700000001
000000ec00000001000000dc
000000f00000000000000000
000000dc0000000000000000
000001380000000000000000
0000013c0000000c00000000
000001400000000100000001
000001440000000100000148
0000014c0000000a00000148
000001500000000100000154
000001600000000b00000154
000001640000000100000168
000001740000000c00000168
00000178000000010000017c
000001880000000d0000017c
0000018c0000000100000190
0000019c0000000e00000190
000001a000000001000001a4
000001b00000000f000001a4
000001b400000001000001b8
000001c400000010000001b8
000001c800000001000001cc
000001d80000001600000000
000001dc0000000000000000
000001cc0000000900000001
000001d000000001000001b8
000001d40000000000000000
000001b80000000200000000
000001bc00000001000001a4
000001c00000000000000000
000001a40000000000000000
000001a80000000100000190
000001ac0000000000000000
000001900000001627000000
00000194000000010000017c
000001980000000000000000
0000017c0000000000000000
000001800000000100000168
000001840000000000000000
000001680000001561c00000
0000016c0000000100000154
000001700000000000000000
00000154000000071ba95154
000001580000000100000148
0000015c0000000000000000
000001480000000000000000
000001e00000001c00000004
000001e40000001a00000000
000001e80000001a00000000
000001ec0000001b000001ec
000001f00000001b000001ec
000001f40000000000000000
000001f80000001900000001
000001fc0000000000000000
000002080000001c00000003
0000020c0000000000000000
000001e40000001a00000001
000001e80000001a00000008
000001ec0000001b000001ec
000001f00000001b000001f4
000001f40000000000000000
000002000000001900000004
000002040000000000000000
000002080000001c00000002
0000020c0000000000000000
000001e40000001a00000000
000001e80000001a00000000
000001ec0000001b000001ec
000001f00000001b000001ec
000001f40000000000000000
000001f80000001900000005
000001fc0000000000000000
000002080000001c00000001
0000020c0000000000000000
000001e40000001a00000001
000001e80000001a00000008
000001ec0000001b000001ec
000001f00000001b000001f4
000001f40000000000000000
000002000000001900000008
000002040000000000000000
000002080000001c00000000
0000020c0000000000000000
000002100000000000000000
000002140000000d00000001
000002180000000000000000
0000021c0000001001e2ffa6
0000022000000016a6233255
000002240000000000000000
000002280000001200000000
0000022c0000000000000000
000002300000000000000000
000002340000000b00000000
000002380000001000000001
0000023c0000001d00000004
0000024000000011fffff808
000002440000000600000000
000002480000000000000000
0000024c0000000bffffde00
000002500000000c00000001
000002540000001d00000003
000002580000000000000000
0000024000000011fffff808
000002440000000600000000
000002480000000000000000
0000024c0000000bffffbc00
000002500000000c00000001
000002540000001d00000002
000002580000000000000000
0000024000000011fffff808
000002440000000600000000
000002480000000000000000
0000024c0000000bffff9a00
000002500000000c00000001
000002540000001d00000001
000002580000000000000000
0000024000000011fffff808
000002440000000600000000
000002480000000000000000
0000024c0000000bffff7800
000002500000000c00000001
000002540000001d00000000
000002580000000000000000
0000025c0000000900000002
000002600000000000000000
000002640000000000000000
000002680000000b00000002
0000026c0000000000000000
000002700000000000000000
000002740000000000000000
000002780000000400000001
0000027c0000001c00000003
000002800000001a00000001
000002840000001a00000008
000002880000001b00000288
0000028c0000001b00000290
000002900000000100000294
0000029c000000190000000b
000002a00000000000000000
000002a40000001c00000002
000002a80000000000000000
000002800000001a00000000
000002840000001a00000000
000002880000001b00000288
0000028c0000001b00000288
000002900000000100000294
00000294000000190000000c
000002980000000000000000
000002a40000001c00000001
000002a80000000000000000
000002800000001a00000001
000002840000001a00000008
000002880000001b00000288
0000028c0000001b00000290
000002900000000100000294
0000029c000000190000000f
000002a00000000000000000
000002a40000001c00000000
000002a80000000000000000
000002ac000000093ee392ac
000002b00000000500000000
000002b40000001d00000005
000002b80000000a06d04000
000002bc0000000f00000001
000002c00000000900000000
000002c40000001d00000004
000002c80000000000000000
000002b80000000a06d04000
000002bc0000000f00000001
000002c00000000900000000
000002c40000001d00000003
000002c80000000000000000
000002b80000000a06d04000
000002bc0000000f00000001
000002c00000000900000000
000002c40000001d00000002
000002c80000000000000000
000002b80000000a06d04000
000002bc0000000f00000001
000002c00000000900000000
000002c40000001d00000001
000002c80000000000000000
000002b80000000a06d04000
000002bc0000000f00000001
000002c00000000900000000
000002c40000001d00000000
000002c80000000000000000
000002cc0000001600080000
000002d00000001c00000005
000002d40000001a00000001
000002d80000001a00000008
000002dc0000001b000002dc
000002e00000001b000002e4
000002e400000001000002e8
000002f00000001900000012
000002f40000000000000000
000002f80000001c00000004
000002fc0000000000000000
000002d40000001a00000000
000002d80000001a00000000
000002dc0000001b000002dc
000002e00000001b000002dc
000002e400000001000002e8
000002e80000001900000013
000002ec0000000000000000
000002f80000001c00000003
000002fc0000000000000000
000002d40000001a00000001
000002d80000001a00000008
000002dc0000001b000002dc
000002e00000001b000002e4
000002e400000001000002e8
000002f00000001900000016
000002f40000000000000000
000002f80000001c00000002
000002fc0000000000000000
000002d40000001a00000000
000002d80000001a00000000
000002dc0000001b000002dc
000002e00000001b000002dc
000002e400000001000002e8
000002e80000001900000017
000002ec0000000000000000
000002f80000001c00000001
000002fc0000000000000000
000002d40000001a00000001
000002d80000001a00000008
000002dc0000001b000002dc
000002e00000001b000002e4
000002e400000001000002e8
000002f0000000190000001a
000002f40000000000000000
000002f80000001c00000000
000002fc0000000000000000
000003000000001500002200
000003040000000000000000
000003180000000e06d047ff
0000031c0000000310000000
000003200000000100000324
000003280000000a00000324
0000032c0000000100000330
0000033c0000000b00000330
000003400000000100000344
000003500000001400000000
000003540000000000000000
000003440000000000000000
000003480000000100000330
0000034c0000000000000000
000003300000000200000000
000003340000000100000324
000003380000000000000000
000003240000000000000000
000003580000000a00000000
0000035c0000000000000000
000003640000000bfffff800
000003680000001600000000
0000036c0000001600002001
000003700000000000000000
000003740000000000000000
000003780000000400000000
0000037c00000010ffffdffe
000003800000000400800000
000003840000000100000388
0000038c0000000a00000388
000003900000000100000394
000003a00000000b00000394
000003a400000001000003a8
000003b40000000c000003a8
000003b800000001000003bc
000003c80000000d000003bc
000003cc00000001000003d0
000003dc0000000e000003d0
000003e000000001000003e4
000003f00000000f000003e4
000003f400000001000003f8
0000040400000010000003f8
00000408000000010000040c
0000041800000016000003bd
0000041c0000000000000000
0000040c000000172cf7140c
0000041000000001000003f8
000004140000000000000000
000003f80000000600000394
000003fc00000001000003e4
000004000000000000000000
000003e400000005000007ff
000003e800000001000003d0
000003ec0000000000000000
000003d00000001600000001
000003d400000001000003bc
000003d80000000000000000
000003bc0000000710000000
000003c000000001000003a8
000003c40000000000000000
000003a800000006000003e3
000003ac0000000100000394
000003b00000000000000000
000003940000000400000001
000003980000000100000388
0000039c0000000000000000
000003880000000000000000
000004200000000f00000000
000004240000000000000000
000004300000000000000000
000004340000000b00000001
000004380000000700000000
0000043c0000000000000000
0000044000000005a6231055
000004440000001c00000004
000004480000001a00000000
0000044c0000001a00000000
000004500000001b00000450
000004540000001b00000450
000004580000000000000000
0000045c000000190000001b
000004600000000000000000
0000046c0000001c00000003
000004700000000000000000
000004480000001a00000001
0000044c0000001a00000008
000004500000001b00000450
000004540000001b00000458
000004580000000000000000
00000464000000190000001e
000004680000000000000000
0000046c0000001c00000002
000004700000000000000000
000004480000001a00000000
0000044c0000001a00000000
000004500000001b00000450
000004540000001b00000450
000004580000000000000000
0000045c000000190000001f
000004600000000000000000
0000046c0000001c00000001
000004700000000000000000
000004480000001a00000001
0000044c0000001a00000008
000004500000001b00000450
000004540000001b00000458
000004580000000000000000
000004640000001900000022
000004680000000000000000
0000046c0000001c00000000
000004700000000000000000
0000047400000003ffffffff
0000047800000017000003f5
0000047c0000000b00000000
000004800000001700000388
000004840000000ba6233254
000004880000000b00000000
0000048c0000000500000000
000004900000000c00000000
00000494000000066f3f4000
000004980000001d00000002
0000049c0000000000000000
000004a00000001d00000001
000004a40000000000000000
0000049c0000000000000000
000004a00000001d00000000
000004a40000000000000000
000004a80000001d00000004
000004ac0000001200220000
000004b00000000000000000
000004b40000001d00000003
000004b80000000000000000
000004ac0000001200220000
000004b00000000000000000
000004b40000001d00000002
000004b80000000000000000
000004ac0000001200220000
000004b00000000000000000
000004b40000001d00000001
000004b80000000000000000
000004ac0000001200220000
000004b00000000000000000
000004b40000001d00000000
000004b80000000000000000
000004bc0000000700000000
000004c00000000800000000
000004c4000000026f3f4388
000004c800000001000004cc
000004d00000000a000004cc
000004d400000001000004d8
000004e40000000b000004d8
000004e800000001000004ec
000004f80000000c000004ec
000004fc0000000100000500
0000050c000000175ce0450c
000005100000000000000000
000005000000001400000003
0000050400000001000004ec
000005080000000000000000
000004ec00000003000004da
000004f000000001000004d8
000004f40000000000000000
000004d80000000700000000
000004dc00000001000004cc
000004e00000000000000000
000004cc0000000000000000
00000514000000160000000e
0000051800000003000001db
0000051c0000000000000000
000005200000000300000000
000005240000000000000000
000005280000001500001de0
0000052c0000001c00000005
000005300000001a00000001
000005340000001a00000008
000005380000001b00000538
0000053c0000001b00000540
000005400000000100000544
0000054c0000001900000025
000005500000000000000000
000005540000001c00000004
000005580000000000000000
000005300000001a00000000
000005340000001a00000000
000005380000001b00000538
0000053c0000001b00000538
000005400000000100000544
000005440000001900000026
000005480000000000000000
000005540000001c00000003
000005580000000000000000
000005300000001a00000001
000005340000001a00000008
000005380000001b00000538
0000053c0000001b00000540
000005400000000100000544
0000054c0000001900000029
000005500000000000000000
000005540000001c00000002
000005580000000000000000
000005300000001a00000000
000005340000001a00000000
000005380000001b00000538
0000053c0000001b00000538
000005400000000100000544
00000544000000190000002a
000005480000000000000000
000005540000001c00000001
000005580000000000000000
000005300000001a00000001
000005340000001a00000008
000005380000001b00000538
0000053c0000001b00000540
000005400000000100000544
0000054c000000190000002d
000005500000000000000000
000005540000001c00000000
000005580000000000000000
0000055c00000004002203bc
000005600000001d00000002
000005640000000639829000
000005680000001d00000001
0000056c0000000000000000
000005640000000639829000
000005680000001d00000000
0000056c0000000000000000
000005700000001500000008
0000057400000008ffa62332
000005780000000400008800
0000057c0000000000000000
000005840000000000000000
000005880000000700000000
0000058c0000000cd0fd7000
000005900000001d00000002
000005940000001729000000
000005980000000700000000
0000059c0000001d00000001
000005a00000000000000000
000005940000001739829000
000005980000000700000000
0000059c0000001d00000000
000005a00000000000000000
000005a40000001200000000
000005a80000000dfffff889
000005ac0000001c00000004
000005b00000001a00000000
000005b40000001a00000000
000005b80000001b000005b8
000005bc0000001b000005b8
000005c00000000000000000
000005c4000000190000002e
000005c80000000000000000
000005d40000001c00000003
000005d80000000000000000
000005b00000001a00000001
000005b40000001a00000008
000005b80000001b000005b8
000005bc0000001b000005c0
000005c00000000000000000
000005cc0000001900000031
000005d00000000000000000
000005d40000001c00000002
000005d80000000000000000
000005b00000001a00000000
000005b40000001a00000000
000005b80000001b000005b8
000005bc0000001b000005b8
000005c00000000000000000
000005c40000001900000032
000005c80000000000000000
000005d40000001c00000001
000005d80000000000000000
000005b00000001a00000001
000005b40000001a00000008
000005b80000001b000005b8
000005bc0000001b000005c0
000005c00000000000000000
000005cc0000001900000035
000005d00000000000000000
000005d40000001c00000000
000005d80000000000000000
000005dc00000001000005e0
000005e40000000a000005e0
000005e800000001000005ec
000005f80000000b000005ec
000005fc0000000100000600
0000060c0000000c00000600
000006100000000100000614
000006200000000d00000614
000006240000000100000628
000006340000000e00000628
00000638000000010000063c
000006480000000f0000063c
0000064c0000000100000650
0000065c0000000000000000
000006600000000000000000
000006500000000200000000
00000654000000010000063c
000006580000000000000000
0000063c0000000300000000
000006400000000100000628
000006440000000000000000
000006280000000600000000
0000062c0000000100000614
000006300000000000000000
0000061400000008000c7800
000006180000000100000600
0000061c0000000000000000
000006000000000000000000
0000060400000001000005ec
000006080000000000000000
000005ec0000000400000000
000005f000000001000005e0
000005f40000000000000000
000005e00000000000000000
0000066400000016000027e0
000006680000001d00000002
0000066c0000000e00000614
000006700000000000000000
000006740000000000000000
000006780000000500002200
0000067c0000000600000002
000006800000001d00000001
000006840000000000000000
0000066c0000000e00000614
000006700000000000000000
000006740000000000000000
000006780000000500002200
0000067c0000000600000001
000006800000001d00000000
000006840000000000000000
00000688000000010000068c
000006900000000a0000068c
000006940000000100000698
000006a40000000b00000698
000006a800000001000006ac
000006b8000000035f792000
000006bc0000000000000000
000006ac00000003398296ac
000006b00000000100000698
000006b40000000000000000
000006980000000000000000
0000069c000000010000068c
000006a00000000000000000
0000068c0000000000000000
000006c00000000700000000
000006c40000001500000000
000006c80000000f000c7e3c
000006cc0000001000000000
000006d00000001100000001
000006d40000000d00000660
000006d80000000000000000
000006dc0000000a0000068d
000006e00000000000000000
000006e400000005000027e0
000006e80000000f1deba000
000006ec0000000539829000
000006f00000000500000000
000006f40000001500000000
000006f800000002000027e0
000006fc0000001680000000
000007000000001d00000005
000007040000000f00001850
0000070800000003000a0000
0000070c00000004a6233260
000007100000000a00000000
000007140000000500000000
000007180000001d00000004
0000071c0000000000000000
000007040000000f00001850
000007080000000300080000
0000070c00000004a6233260
000007100000000a00000000
000007140000000500000000
000007180000001d00000003
0000071c0000000000000000
000007040000000f00001850
000007080000000300060000
0000070c00000004a6233260
000007100000000a00000000
000007140000000500000000
000007180000001d00000002
0000071c0000000000000000
000007040000000f00001850
000007080000000300040000
0000070c00000004a6233260
000007100000000a00000000
000007140000000500000000
000007180000001d00000001
0000071c0000000000000000
000007040000000f00001850
000007080000000300020000
0000070c00000004a6233260
000007100000000a00000000
000007140000000500000000
000007180000001d00000000
0000071c0000000000000000
000007200000000cfffff800
000007240000000000000000
0000072800000010ffffffff
0000072c00000004ffffffff
000007300000000000000000
000007340000000400000000
000007380000001d00000005
0000073c0000000400000000
0000074000000003a6233255
000007440000001100020000
000007480000001d00000004
0000074c0000000000000000
0000073c0000000400000000
0000074000000003a6233255
000007440000001100020000
000007480000001d00000003
0000074c0000000000000000
0000073c0000000400000000
0000074000000003a6233255
000007440000001100020000
000007480000001d00000002
0000074c0000000000000000
0000073c0000000400000000
0000074000000003a6233255
000007440000001100020000
000007480000001d00000001
0000074c0000000000000000
0000073c0000000400000000
0000074000000003a6233255
000007440000001100020000
000007480000001d00000000
0000074c0000000000000000
000007500000001300000000
000007540000000400000000
0000075800000016000005c2
0000075c0000000e00000000
000007600000000100000764
000007680000000a00000764
0000076c0000000100000770
0000077c0000000b00000770
000007800000000100000784
000007900000000c00000784
000007940000000100000798
000007a40000000d00000798
000007a800000001000007ac
000007b80000000e000007ac
000007bc00000001000007c0
000007cc0000000f000007c0
000007d000000001000007d4
000007e000000010000007d4
000007e400000001000007e8
000007f400000011000007e8
000007f800000001000007fc
0000080800000007a6233255
0000080c0000000000000000
000007fc0000000200000000
0000080000000001000007e8
000008040000000000000000
000007e80000000600fa8000
000007ec00000001000007d4
000007f00000000000000000
000007d40000001700000001
000007d800000001000007c0
000007dc0000000000000000
000007c000000005000c7800
000007c400000001000007ac
000007c80000000000000000
000007ac0000000300000000
000007b00000000100000798
000007b40000000000000000
00000798000000099ad85000
0000079c0000000100000784
000007a00000000000000000
0000078400000006000007d4
000007880000000100000770
0000078c0000000000000000
000007700000000300000000
000007740000000100000764
000007780000000000000000
000007640000000000000000
000008100000000c000c7800
000008140000000e000003bc
000008180000001c00000005
0000081c0000001a00000001
000008200000001a00000008
000008240000001b00000824
000008280000001b0000082c
0000082c0000000100000830
000008380000001900000038
0000083c0000000000000000
000008400000001c00000004
000008440000000000000000
0000081c0000001a00000000
000008200000001a00000000
000008240000001b00000824
000008280000001b00000824
0000082c0000000100000830
000008300000001900000039
000008340000000000000000
000008400000001c00000003
000008440000000000000000
0000081c0000001a00000001
000008200000001a00000008
000008240000001b00000824
000008280000001b0000082c
0000082c0000000100000830
00000838000000190000003c
0000083c0000000000000000
000008400000001c00000002
000008440000000000000000
0000081c0000001a00000000
000008200000001a00000000
000008240000001b00000824
000008280000001b00000824
0000082c0000000100000830
00000830000000190000003d
000008340000000000000000
000008400000001c00000001
000008440000000000000000
0000081c0000001a00000001
000008200000001a00000008
000008240000001b00000824
000008280000001b0000082c
0000082c0000000100000830
000008380000001900000040
0000083c0000000000000000
000008400000001c00000000
000008440000000000000000
000008480000001100000000
0000084c0000000000000000
000008500000000000000000
000008540000001600000001
000008580000001500000000
0000085c00000013000007ff
000008600000001255000000
000008640000000700000000
00000868000000010000086c
000008700000000a0000086c
000008740000000100000878
000008840000000b00000878
00000888000000010000088c
000008980000000c0000088c
0000089c00000001000008a0
000008ac0000000d000008a0
000008b000000001000008b4
000008c00000000e000008b4
000008c400000001000008c8
000008d40000000f000008c8
000008d800000001000008dc
000008e800000010000008dc
000008ec00000001000008f0
000008fc0000001700000000
000009000000000000000000
000008f00000000400000001
000008f400000001000008dc
000008f80000000000000000
000008dc0000000800000000
000008e000000001000008c8
000008e40000000000000000
000008c8000000026384d000
000008cc00000001000008b4
000008d00000000000000000
000008b400000004000008f4
000008b800000001000008a0
000008bc0000000000000000
000008a00000001700000000
000008a4000000010000088c
000008a80000000000000000
0000088c0000001500000820
000008900000000100000878
000008940000000000000000
000008780000000900000000
0000087c000000010000086c
000008800000000000000000
0000086c0000000000000000
000009040000001300000001
000009080000000400000000
0000090c00000001000003bc
000009100000001c00000004
000009140000001a00000000
000009180000001a00000000
0000091c0000001b0000091c
000009200000001b0000091c
000009240000000000000000
000009280000001900000041
0000092c0000000000000000
000009380000001c00000003
0000093c0000000000000000
000009140000001a00000001
000009180000001a00000008
0000091c0000001b0000091c
000009200000001b00000924
000009240000000000000000
000009300000001900000044
000009340000000000000000
000009380000001c00000002
0000093c0000000000000000
000009140000001a00000000
000009180000001a00000000
0000091c0000001b0000091c
000009200000001b0000091c
000009240000000000000000
000009280000001900000045
0000092c0000000000000000
000009380000001c00000001
0000093c0000000000000000
000009140000001a00000001
000009180000001a00000008
0000091c0000001b0000091c
000009200000001b00000924
000009240000000000000000
000009300000001900000048
000009340000000000000000
000009380000001c00000000
0000093c0000000000000000
000009400000000c5ea14000
000009440000001d00000002
000009480000000900000000
0000094c0000000e000003bc
000009500000000400000000
000009540000000bfffff790
000009580000001d00000001
0000095c0000000000000000
000009480000000900000000
0000094c0000000e000003bc
000009500000000400000000
000009540000000b00000878
000009580000001d00000000
0000095c0000000000000000
000009600000000100000964
000009680000000a00000964
0000096c0000000100000970
0000097c0000000600000000
000009800000000000000000
000009700000001600000000
000009740000000100000964
000009780000000000000000
000009640000000000000000
000009840000001600000000
000009880000000000000000
0000098c0000001000000001
000009900000000a00000000
000009940000000f000005ac
000009980000000f00000003
0000099c00000006000003a0
000009a00000001d00000004
000009a400000013000003a0
000009a80000001d00000003
000009ac0000000000000000
000009a400000013000003a0
000009a80000001d00000002
000009ac0000000000000000
000009a400000013000003a0
000009a80000001d00000001
000009ac0000000000000000
000009a400000013000003a0
000009a80000001d00000000
000009ac0000000000000000
000009b00000000000000000
000009b40000000e00000000
000009b80000001100000047
000009bc00000010000c7803
000009c00000000b00000000
000009c40000001200000000
000009c80000000000000000
000009cc0000001600000000
000009d00000001400000000
000009d40000000d00000000
000009d80000001400000000
000009dc0000000000000000
000009e0000000025ea14000
000009e4000000034147f9e4
000009e80000000900000000
000009ec0000000000000000
000009f0000000084147f9e4
000009f40000000a00001800
000009f80000000400000000
000009fc0000001400000000
00000a0000000015fffff800
00000a040000000100000a08
00000a0c0000000a00000a08
00000a100000000100000a14
00000a200000000b00000a14
00000a240000000100000a28
00000a340000000c00000a28
00000a380000000100000a3c
00000a480000000d00000a3c
00000a4c0000000100000a50
00000a5c0000000e00000a50
00000a600000000100000a64
00000a700000000f00000a64
00000a740000000100000a78
00000a840000001000000a78
00000a880000000100000a8c
00000a980000001100000a8c
00000a9c0000000100000aa0
00000aac0000001200000aa0
00000ab00000000100000ab4
00000ac00000000300000a64
00000ac40000000000000000
00000ab40000000600000000
00000ab80000000100000aa0
00000abc0000000000000000
00000aa00000000600000000
00000aa40000000100000a8c
00000aa80000000000000000
00000a8c0000001400000228
00000a900000000100000a78
00000a940000000000000000
00000a780000000600002000
00000a7c0000000100000a64
00000a800000000000000000
00000a640000000200000000
00000a680000000100000a50
00000a6c0000000000000000
00000a500000001500000000
00000a540000000100000a3c
00000a580000000000000000
00000a3c0000000500000000
00000a400000000100000a28
00000a440000000000000000
00000a280000001600000000
00000a2c0000000100000a14
00000a300000000000000000
00000a140000000600000a50
00000a180000000100000a08
00000a1c0000000000000000
00000a080000000000000000
00000ac80000001c00000003
00000acc0000001a00000001
00000ad00000001a00000008
00000ad40000001b00000ad4
00000ad80000001b00000adc
00000adc0000000100000ae0
00000ae8000000190000004b
00000aec0000000000000000
00000af00000001c00000002
00000af40000000000000000
00000acc0000001a00000000
00000ad00000001a00000000
00000ad40000001b00000ad4
00000ad80000001b00000ad4
00000adc0000000100000ae0
00000ae0000000190000004c
00000ae40000000000000000
00000af00000001c00000001
00000af40000000000000000
00000acc0000001a00000001
00000ad00000001a00000008
00000ad40000001b00000ad4
00000ad80000001b00000adc
00000adc0000000100000ae0
00000ae8000000190000004f
00000aec0000000000000000
00000af00000001c00000000
00000af40000000000000000
00000af80000000000000000
00000afc0000001600000000
00000b000000001400000001
00000b040000001d00000002
00000b080000000e00000000
00000b0c0000000000000000
00000b100000001d00000001
00000b140000000000000000
00000b080000000e00000000
00000b0c0000000000000000
00000b100000001d00000000
00000b140000000000000000
00000b180000000f00000000
00000b1c0000001c00000003
00000b200000001a00000001
00000b240000001a00000008
00000b280000001b00000b28
00000b2c0000001b00000b30
00000b300000000100000b34
00000b3c0000001900000052
00000b400000000000000000
00000b440000001c00000002
00000b480000000000000000
00000b200000001a00000000
00000b240000001a00000000
00000b280000001b00000b28
00000b2c0000001b00000b28
00000b300000000100000b34
00000b340000001900000053
00000b380000000000000000
00000b440000001c00000001
00000b480000000000000000
00000b200000001a00000001
00000b240000001a00000008
00000b280000001b00000b28
00000b2c0000001b00000b30
00000b300000000100000b34
00000b3c0000001900000056
00000b400000000000000000
00000b440000001c00000000
00000b480000000000000000
00000b4c0000000600000b34
00000b500000000000000000
00000b540000001d00000006
00000b580000000000000000
00000b5c0000000a00000000
00000b600000001000000000
00000b64000000013cc36b64
00000b680000000000000000
00000b6c0000001d00000005
00000b700000000000000000
00000b580000000000000000
00000b5c0000000a00000000
00000b600000001000000000
00000b64000000013cc36b64
00000b680000000000000000
00000b6c0000001d00000004
00000b700000000000000000
00000b580000000000000000
00000b5c0000000a00000000
00000b600000001000000000
00000b64000000013cc36b64
00000b680000000000000000
00000b6c0000001d00000003
00000b700000000000000000
00000b580000000000000000
00000b5c0000000a00000000
00000b600000001000000000
00000b64000000013cc36b64
00000b680000000000000000
00000b6c0000001d00000002
00000b700000000000000000
00000b580000000000000000
00000b5c0000000a00000000
00000b600000001000000000
00000b64000000013cc36b64
00000b680000000000000000
00000b6c0000001d00000001
00000b700000000000000000
00000b580000000000000000
00000b5c0000000a00000000
00000b600000001000000000
00000b64000000013cc36b64
00000b680000000000000000
00000b6c0000001d00000000
00000b700000000000000000
00000b740000000400000a8c
00000b780000000a00000000
00000b7c0000001500000b32
00000b800000001c00000005
00000b840000001a00000001
00000b880000001a00000008
00000b8c0000001b00000b8c
00000b900000001b00000b94
00000b940000000100000b98
00000ba00000001900000059
00000ba40000000000000000
00000ba80000001c00000004
00000bac0000000000000000
00000b840000001a00000000
00000b880000001a00000000
00000b8c0000001b00000b8c
00000b900000001b00000b8c
00000b940000000100000b98
00000b98000000190000005a
00000b9c0000000000000000
00000ba80000001c00000003
00000bac0000000000000000
00000b840000001a00000001
00000b880000001a00000008
00000b8c0000001b00000b8c
00000b900000001b00000b94
00000b940000000100000b98
00000ba0000000190000005d
00000ba40000000000000000
00000ba80000001c00000002
00000bac0000000000000000
00000b840000001a00000000
00000b880000001a00000000
00000b8c0000001b00000b8c
00000b900000001b00000b8c
00000b940000000100000b98
00000b98000000190000005e
00000b9c0000000000000000
00000ba80000001c00000001
00000bac0000000000000000
00000b840000001a00000001
00000b880000001a00000008
00000b8c0000001b00000b8c
00000b900000001b00000b94
00000b940000000100000b98
00000ba00000001900000061
00000ba40000000000000000
00000ba80000001c00000000
00000bac0000000000000000
00000bb00000001d00000006
00000bb40000000100000000
00000bb80000001d00000005
00000bbc0000000000000000
00000bb40000000100000000
00000bb80000001d00000004
00000bbc0000000000000000
00000bb40000000100000000
00000bb80000001d00000003
00000bbc0000000000000000
00000bb40000000100000000
00000bb80000001d00000002
00000bbc0000000000000000
00000bb40000000100000000
00000bb80000001d00000001
00000bbc0000000000000000
00000bb40000000100000000
00000bb80000001d00000000
00000bbc0000000000000000
00000bc00000000100000bc4
00000bc80000000a00000bc4
00000bcc0000000100000bd0
00000bdc0000000b00000bd0
00000be00000000100000be4
00000bf00000000c00000be4
00000bf40000000100000bf8
00000c040000000d00000bf8
00000c080000000100000c0c
00000c180000001500000000
00000c1c0000000000000000
00000c0c0000001600002200
00000c100000000100000bf8
00000c140000000000000000
00000bf80000000300000fff
00000bfc0000000100000be4
00000c000000000000000000
00000be40000000300000bac
00000be80000000100000bd0
00000bec0000000000000000
00000bd00000000000000000
00000bd40000000100000bc4
00000bd80000000000000000
00000bc40000000000000000
00000c200000000800000001
00000c240000001c00000004
00000c280000001a00000000
00000c2c0000001a00000000
00000c300000001b00000c30
00000c340000001b00000c30
00000c380000000100000c3c
00000c3c0000001900000062
00000c400000000000000000
00000c4c0000001c00000003
00000c500000000000000000
00000c280000001a00000001
00000c2c0000001a00000008
00000c300000001b00000c30
00000c340000001b00000c38
00000c380000000100000c3c
00000c440000001900000065
00000c480000000000000000
00000c4c0000001c00000002
00000c500000000000000000
00000c280000001a00000000
00000c2c0000001a00000000
00000c300000001b00000c30
00000c340000001b00000c30
00000c380000000100000c3c
00000c3c0000001900000066
00000c400000000000000000
00000c4c0000001c00000001
00000c500000000000000000
00000c280000001a00000001
00000c2c0000001a00000008
00000c300000001b00000c30
00000c340000001b00000c38
00000c380000000100000c3c
00000c440000001900000069
00000c480000000000000000
00000c4c0000001c00000000
00000c500000000000000000
00000c540000000300000820
00000c580000000600000000
00000c5c00000011000004ff
00000c600000001c00000005
00000c640000001a00000001
00000c680000001a00000008
00000c6c0000001b00000c6c
00000c700000001b00000c74
00000c740000000000000000
00000c80000000190000006c
00000c840000000000000000
00000c880000001c00000004
00000c8c0000000000000000
00000c640000001a00000000
00000c680000001a00000000
00000c6c0000001b00000c6c
00000c700000001b00000c6c
00000c740000000000000000
00000c78000000190000006d
00000c7c0000000000000000
00000c880000001c00000003
00000c8c0000000000000000
00000c640000001a00000001
00000c680000001a00000008
00000c6c0000001b00000c6c
00000c700000001b00000c74
00000c740000000000000000
00000c800000001900000070
00000c840000000000000000
00000c880000001c00000002
00000c8c0000000000000000
00000c640000001a00000000
00000c680000001a00000000
00000c6c0000001b00000c6c
00000c700000001b00000c6c
00000c740000000000000000
00000c780000001900000071
00000c7c0000000000000000
00000c880000001c00000001
00000c8c0000000000000000
00000c640000001a00000001
00000c680000001a00000008
00000c6c0000001b00000c6c
00000c700000001b00000c74
00000c740000000000000000
00000c800000001900000074
00000c840000000000000000
00000c880000001c00000000
00000c8c0000000000000000
00000c900000000800000804
00000c940000001000000000
00000c980000000c00000000
00000c9c0000001c00000005
00000ca00000001a00000001
00000ca40000001a00000008
00000ca80000001b00000ca8
00000cac0000001b00000cb0
00000cb00000000000000000
00000cbc0000001900000077
00000cc00000000000000000
00000cc40000001c00000004
00000cc80000000000000000
00000ca00000001a00000000
00000ca40000001a00000000
00000ca80000001b00000ca8
00000cac0000001b00000ca8
00000cb00000000000000000
00000cb40000001900000078
00000cb80000000000000000
00000cc40000001c00000003
00000cc80000000000000000
00000ca00000001a00000001
00000ca40000001a00000008
00000ca80000001b00000ca8
00000cac0000001b00000cb0
00000cb00000000000000000
00000cbc000000190000007b
00000cc00000000000000000
00000cc40000001c00000002
00000cc80000000000000000
00000ca00000001a00000000
00000ca40000001a00000000
00000ca80000001b00000ca8
00000cac0000001b00000ca8
00000cb00000000000000000
00000cb4000000190000007c
00000cb80000000000000000
00000cc40000001c00000001
00000cc80000000000000000
00000ca00000001a00000001
00000ca40000001a00000008
00000ca80000001b00000ca8
00000cac0000001b00000cb0
00000cb00000000000000000
00000cbc000000190000007f
00000cc00000000000000000
00000cc40000001c00000000
00000cc80000000000000000
00000ccc00000009ffffffff
00000cd00000000600000000
00000cd40000001c00000003
00000cd80000001a00000001
00000cdc0000001a00000008
00000ce00000001b00000ce0
00000ce40000001b00000ce8
00000ce80000000000000000
00000cf40000001900000082
00000cf80000000000000000
00000cfc0000001c00000002
00000d000000000000000000
00000cd80000001a00000000
00000cdc0000001a00000000
00000ce00000001b00000ce0
00000ce40000001b00000ce0
00000ce80000000000000000
00000cec0000001900000083
00000cf00000000000000000
00000cfc0000001c00000001
00000d000000000000000000
00000cd80000001a00000001
00000cdc0000001a00000008
00000ce00000001b00000ce0
00000ce40000001b00000ce8
00000ce80000000000000000
00000cf40000001900000086
00000cf80000000000000000
00000cfc0000001c00000000
00000d000000000000000000
00000d040000001d00000005
00000d080000000be8d7cd08
00000d0c0000001d00000004
00000d100000000000000000
00000d080000000be8d7cd08
00000d0c0000001d00000003
00000d100000000000000000
00000d080000000be8d7cd08
00000d0c0000001d00000002
00000d100000000000000000
00000d080000000be8d7cd08
00000d0c0000001d00000001
00000d100000000000000000
00000d080000000be8d7cd08
00000d0c0000001d00000000
00000d100000000000000000
00000d140000001d00000005
00000d180000000000000000
00000d1c0000000d00000001
00000d200000000b00000000
00000d240000000f00000000
00000d280000000c000003a0
00000d2c0000001d00000004
00000d300000000000000000
00000d180000000000000000
00000d1c0000000d00000001
00000d200000000b00000000
00000d240000000f00000000
00000d280000000c000003a0
00000d2c0000001d00000003
00000d300000000000000000
00000d180000000000000000
00000d1c0000000d00000001
00000d200000000b00000000
00000d240000000f00000000
00000d280000000c000003a0
00000d2c0000001d00000002
00000d300000000000000000
00000d180000000000000000
00000d1c0000000d00000001
00000d200000000b00000000
00000d240000000f00000000
00000d280000000c000003a0
00000d2c0000001d00000001
00000d300000000000000000
00000d180000000000000000
00000d1c0000000d00000001
00000d200000000b00000000
00000d240000000f00000000
00000d280000000c000003a0
00000d2c0000001d00000000
00000d300000000000000000
00000d340000001d00000006
00000d38000000100000045f
00000d3c0000001400000001
00000d400000001d00000005
00000d440000000000000000
00000d38000000100000045f
00000d3c0000001400000001
00000d400000001d00000004
00000d440000000000000000
00000d38000000100000045f
00000d3c0000001400000001
00000d400000001d00000003
00000d440000000000000000
00000d38000000100000045f
00000d3c0000001400000001
00000d400000001d00000002
00000d440000000000000000
00000d38000000100000045f
00000d3c0000001400000001
00000d400000001d00000001
00000d440000000000000000
00000d38000000100000045f
00000d3c0000001400000001
00000d400000001d00000000
00000d440000000000000000
00000d480000000900000000
00000d4c0000000000000000
00000d500000000700000084
00000d540000000a00000086
00000d580000000200000000
00000d5c0000001d00000005
00000d600000000000000000
00000d640000001d00000004
00000d680000000000000000
00000d600000000000000000
00000d640000001d00000003
00000d680000000000000000
00000d600000000000000000
00000d640000001d00000002
00000d680000000000000000
00000d600000000000000000
00000d640000001d00000001
00000d680000000000000000
00000d600000000000000000
00000d640000001d00000000
00000d680000000000000000
00000d6c0000000100000d70
00000d740000000993409000
00000d780000000000000000
00000d700000000000000000
00000d7c00000011e8000000
00000d800000001500000001
00000d8400000003fffff810
00000d880000000700000000
00000d8c0000000000000000
00000d900000000000000000
00000da40000000300000000
00000da80000001000000ce8
00000dac0000000000000000
00000db000000016e80003a0
00000db40000000100000db8
00000dbc0000000a00000db8
00000dc00000000100000dc4
00000dd00000000b00000dc4
00000dd40000000100000dd8
00000de40000000c00000dd8
00000de80000000100000dec
00000df80000000d00000dec
00000dfc0000000100000e00
00000e0c0000000e00000e00
00000e100000000100000e14
00000e200000000f00000e14
00000e240000000100000e28
00000e340000001000000e28
00000e380000000100000e3c
00000e480000001100000e3c
00000e4c0000000100000e50
00000e5c0000001200000e50
00000e600000000100000e64
00000e7000000016ffffda00
00000e740000000000000000
00000e64000000046309d000
00000e680000000100000e50
00000e6c0000000000000000
00000e500000001500000001
00000e540000000100000e3c
00000e580000000000000000
00000e3c0000000500001100
00000e400000000100000e28
00000e440000000000000000
00000e2800000007b5c54000
00000e2c0000000100000e14
00000e300000000000000000
00000e140000000900000000
00000e180000000100000e00
00000e1c0000000000000000
00000e000000001400000000
00000e040000000100000dec
00000e080000000000000000
00000dec00000009000c613a
00000df00000000100000dd8
00000df40000000000000000
00000dd80000000900000000
00000ddc0000000100000dc4
00000de00000000000000000
00000dc40000000000000000
00000dc80000000100000db8
00000dcc0000000000000000
00000db80000000000000000
00000e780000000100000ce8
00000e7c0000001200000000
00000e8000000012b9771000
00000e840000000800000001
00000e880000000000000000
00000e8c0000001c00000003
00000e900000001a00000001
00000e940000001a00000008
00000e980000001b00000e98
00000e9c0000001b00000ea0
00000ea00000000100000ea4
00000eac0000001900000089
00000eb00000000000000000
00000eb40000001c00000002
00000eb80000000000000000
00000e900000001a00000000
00000e940000001a00000000
00000e980000001b00000e98
00000e9c0000001b00000e98
00000ea00000000100000ea4
00000ea4000000190000008a
00000ea80000000000000000
00000eb40000001c00000001
00000eb80000000000000000
00000e900000001a00000001
00000e940000001a00000008
00000e980000001b00000e98
00000e9c0000001b00000ea0
00000ea00000000100000ea4
00000eac000000190000008d
00000eb00000000000000000
00000eb40000001c00000000
00000eb80000000000000000
00000ebc0000001100000000
00000ec00000000c00000640
00000ec40000000f3bdb4ec4
00000ec80000001200000000
00000ecc0000000b00000e08
00000ed00000001d00000006
00000ed40000000b75d0fed4
00000ed80000000000000000
00000edc0000000000000000
00000ee00000000e00000e28
00000ee40000000000000000
00000ee80000001d00000005
00000eec0000000000000000
00000ed40000000b75d0fed4
00000ed80000000000000000
00000edc0000000000000000
00000ee00000000e00000e28
00000ee40000000000000000
00000ee80000001d00000004
00000eec0000000000000000
00000ed40000000b75d0fed4
00000ed80000000000000000
00000edc0000000000000000
00000ee00000000e00000e28
00000ee40000000000000000
00000ee80000001d00000003
00000eec0000000000000000
00000ed40000000b75d0fed4
00000ed80000000000000000
00000edc0000000000000000
00000ee00000000e00000e28
00000ee40000000000000000
00000ee80000001d00000002
00000eec0000000000000000
00000ed40000000b75d0fed4
00000ed80000000000000000
00000edc0000000000000000
00000ee00000000e00000e28
00000ee40000000000000000
00000ee80000001d00000001
00000eec0000000000000000
00000ed40000000b75d0fed4
00000ed80000000000000000
00000edc0000000000000000
00000ee00000000e00000e28
00000ee40000000000000000
00000ee80000001d00000000
00000eec0000000000000000
00000ef00000001228000000
00000ef40000000fa179eef4
00000ef80000000100000efc
00000f000000000a00000efc
00000f040000000100000f08
00000f140000000b00000f08
00000f180000000100000f1c
00000f280000001401000000
00000f2c0000000000000000
00000f1c0000000900000000
00000f200000000100000f08
00000f240000000000000000
00000f0800000005fffff800
00000f0c0000000100000efc
00000f100000000000000000
00000efc0000000000000000
00000f300000001200000000
00000f340000000100000000
00000f380000000a00000efc
00000f3c0000001200000001
00000f400000000500000800
00000f440000001100000000
00000f480000000a000015eb
00000f4c0000001700000000
00000f500000001200000dec
00000f540000000000000000
00000f580000000000000000
00000f5c0000000f010003a0
00000f600000001c00000003
00000f640000001a00000001
00000f680000001a00000008
00000f6c0000001b00000f6c
00000f700000001b00000f74
00000f740000000000000000
00000f800000001900000090
00000f840000000000000000
00000f880000001c00000002
00000f8c0000000000000000
00000f640000001a00000000
00000f680000001a00000000
00000f6c0000001b00000f6c
00000f700000001b00000f6c
00000f740000000000000000
00000f780000001900000091
00000f7c0000000000000000
00000f880000001c00000001
00000f8c0000000000000000
00000f640000001a00000001
00000f680000001a00000008
00000f6c0000001b00000f6c
00000f700000001b00000f74
00000f740000000000000000
00000f800000001900000094
00000f840000000000000000
00000f880000001c00000000
00000f8c0000000000000000
00000f900000000000000000
00000f940000001500000002
00000f980000000e00000000
00000f9c0000000864000000
00000fa00000000000000000
00000fa400000009ffffffda
00000fa800000002634b0fa8
00000fac0000001300000000
00000fb00000000b010003a8
00000fb40000001c00000003
00000fb80000001a00000001
00000fbc0000001a00000008
00000fc00000001b00000fc0
00000fc40000001b00000fc8
00000fc80000000100000fcc
00000fd40000001900000097
00000fd80000000000000000
00000fdc0000001c00000002
00000fe00000000000000000
00000fb80000001a00000000
00000fbc0000001a00000000
00000fc00000001b00000fc0
00000fc40000001b00000fc0
00000fc80000000100000fcc
00000fcc0000001900000098
00000fd00000000000000000
00000fdc0000001c00000001
00000fe00000000000000000
00000fb80000001a00000001
00000fbc0000001a00000008
00000fc00000001b00000fc0
00000fc40000001b00000fc8
00000fc80000000100000fcc
00000fd4000000190000009b
00000fd80000000000000000
00000fdc0000001c00000000
00000fe00000000000000000
00000fe40000001100000001
00000fe80000000000000000
00000fec0000000200000000
00000ff00000001700000000
00000ff40000000300000ded
00000ff800000004000006d1
00000ffc0000000200000002
000010000000000200000001
000010040000001d00000006
000010080000000c00fcc000
0000100c00000007c32fe00c
000010100000000000000000
000010140000000a00000001
000010180000000000000000
0000101c0000001d00000005
000010200000000000000000
000010080000000c00fcc000
0000100c00000007c32fe00c
000010100000000000000000
000010140000000a00000001
000010180000000000000000
0000101c0000001d00000004
000010200000000000000000
000010080000000c00fcc000
0000100c00000007c32fe00c
000010100000000000000000
000010140000000a00000001
000010180000000000000000
0000101c0000001d00000003
000010200000000000000000
000010080000000c00fcc000
0000100c00000007c32fe00c
000010100000000000000000
000010140000000a00000001
000010180000000000000000
0000101c0000001d00000002
000010200000000000000000
000010080000000c00fcc000
0000100c00000007c32fe00c
000010100000000000000000
000010140000000a00000001
000010180000000000000000
0000101c0000001d00000001
000010200000000000000000
000010080000000c00fcc000
0000100c00000007c32fe00c
000010100000000000000000
000010140000000a00000001
000010180000000000000000
0000101c0000001d00000000
000010200000000000000000
000010240000000800000001
000010280000001400000001
0000102c0000000b00000001
000010300000000000000000
000010340000000000000000
000010380000000900002001
0000103c0000000300fcc000
000010400000000700000001
000010440000000d00000000
000010480000000000000000
000010580000000f00000003
0000105c0000000400fcc000
000010600000000000000000
000010640000000600000004
000010680000000000000000
0000106c0000000900000008
000010700000000000000000
000010740000000000000000
0000107800000004ffffda03
0000107c0000000700000000
000010800000001400000009
000010840000001600000000
00001088000000010000108c
000010900000000a0000108c
000010940000000100001098
000010a40000000b00001098
000010a800000001000010ac
000010b80000000c000010ac
000010bc00000001000010c0
000010cc0000000d000010c0
000010d000000001000010d4
000010e00000000e000010d4
000010e400000001000010e8
000010f40000000f000010e8
000010f800000001000010fc
0000110800000010000010fc
0000110c0000000100001110
0000111c0000001100001110
000011200000000100001124
000011300000001200001124
000011340000000100001138
000011440000001400000000
000011480000000000000000
000011380000000700000000
0000113c0000000100001124
000011400000000000000000
0000112400000002000010ac
000011280000000100001110
0000112c0000000000000000
0000111000000002000000a3
0000111400000001000010fc
000011180000000000000000
000010fc0000000900000026
0000110000000001000010e8
000011040000000000000000
000010e80000001600000000
000010ec00000001000010d4
000010f00000000000000000
000010d40000000900000000
000010d800000001000010c0
000010dc0000000000000000
000010c00000001700000000
000010c400000001000010ac
000010c80000000000000000
000010ac0000001600000001
000010b00000000100001098
000010b40000000000000000
000010980000001400002201
0000109c000000010000108c
000010a00000000000000000
0000108c0000000000000000
0000114c0000000267949000
000011500000000b00000000
000011540000001400000000
000011580000001100000000
0000115c0000001400001eec
000011600000001500000440
00001164000000140000125b
000011680000000000000000
0000116c0000000000000000
000011700000000a00001124
000011740000000400000000
000011780000001d00000002
0000117c0000000d00000001
000011800000001700000000
000011840000000c00000000
000011880000000000000000
0000118c0000000300000440
000011900000001d00000001
000011940000000000000000
0000117c0000000d00000001
000011800000001700000000
000011840000000c00000000
000011880000000000000000
0000118c0000000300000440
000011900000001d00000000
000011940000000000000000
00001198000000010000119c
000011a00000000a0000119c
000011a400000001000011a8
000011b40000000b000011a8
000011b800000001000011bc
000011c800000006fffff800
000011cc0000000000000000
000011bc0000000500000000
000011c000000001000011a8
000011c40000000000000000
000011a800000003721d1000
000011ac000000010000119c
000011b00000000000000000
0000119c0000000000000000
000011d00000001500000001
000011d40000000a0000076f
000011d800000001000011dc
000011e00000000a000011dc
000011e400000001000011e8
000011f40000000b000011e8
000011f800000001000011fc
000012080000000c000011fc
0000120c0000000100001210
0000121c00000006ffffffff
000012200000000000000000
0000121000000002000043a0
0000121400000001000011fc
000012180000000000000000
000011fc0000001400000000
0000120000000001000011e8
000012040000000000000000
000011e800000009fffff8e8
000011ec00000001000011dc
000011f00000000000000000
000011dc0000000000000000
000012240000000000000000
00001228000000120000119c
0000122c0000001200000034
000012300000000f00002201
000012340000000000000000
000012380000000e00002201
0000123c00000013d92f923c
000012400000000000000000
000012500000000500000001
000012540000000100001258
0000125c0000000a00001258
000012600000000100001264
000012700000000b00001264
000012740000000100001278
000012840000000c00001278
00001288000000010000128c
0000129800000017ffffbb99
0000129c0000000000000000
0000128c00000016000012af
000012900000000100001278
000012940000000000000000
0000127800000017ffffd6e7
0000127c0000000100001264
000012800000000000000000
000012640000001400000000
000012680000000100001258
0000126c0000000000000000
000012580000000000000000
000012a000000012000012af
000012a40000000000000000
000012a800000016000043a0
000012ac0000000600000001
000012b00000001d00000006
000012b40000000a000007ff
000012b80000000000000000
000012bc0000000000000000
000012c00000000f01000000
000012c40000001d00000005
000012c80000000000000000
000012b40000000a000007ff
000012b80000000000000000
000012bc0000000000000000
000012c00000000f01000000
000012c40000001d00000004
000012c80000000000000000
000012b40000000a000007ff
000012b80000000000000000
000012bc0000000000000000
000012c00000000f01000000
000012c40000001d00000003
000012c80000000000000000
000012b40000000a000007ff
000012b80000000000000000
000012bc0000000000000000
000012c00000000f01000000
000012c40000001d00000002
000012c80000000000000000
000012b40000000a000007ff
000012b80000000000000000
000012bc0000000000000000
000012c00000000f01000000
000012c40000001d00000001
000012c80000000000000000
000012b40000000a000007ff
000012b80000000000000000
000012bc0000000000000000
000012c00000000f01000000
000012c40000001d00000000
000012c80000000000000000
000012cc0000000dfffff801
000012d00000000000000000
000012d400000011000006c9
000012d800000011fffff7f9
000012dc0000000000000000
000012e40000000100000000
000012e80000000000000000
000012ec0000001600000000
000012f00000000f000024c8
000012f40000000700000001
000012f800000016ffffe848
000012fc0000000000000000
000013000000000100001304
000013080000000a00001304
0000130c0000000100001310
0000131c0000000b00001310
000013200000000100001324
000013300000000c00001324
000013340000000100001338
000013440000000d00001338
00001348000000010000134c
000013580000000e0000134c
0000135c0000000100001360
0000136c0000000f00001360
000013700000000100001374
000013800000001000001374
000013840000000100001388
000013940000001100001388
00001398000000010000139c
000013a8000000120000139c
000013ac00000001000013b0
000013bc00000013000013b0
000013c000000001000013c4
000013d00000001700000000
000013d40000000000000000
000013c40000000800001376
000013c800000001000013b0
000013cc0000000000000000
000013b000000004e7084000
000013b4000000010000139c
000013b80000000000000000
0000139c000000150000139d
000013a00000000100001388
000013a40000000000000000
000013880000000000000000
0000138c0000000100001374
000013900000000000000000
000013740000000600000000
000013780000000100001360
0000137c0000000000000000
000013600000001400000002
00001364000000010000134c
000013680000000000000000
0000134c0000001700000000
000013500000000100001338
000013540000000000000000
000013380000000800000001
0000133c0000000100001324
000013400000000000000000
00001324000000040000339c
000013280000000100001310
0000132c0000000000000000
0000131000000005fffff800
000013140000000100001304
000013180000000000000000
000013040000000000000000
000013d800000001000013dc
000013e00000000a000013dc
000013e400000001000013e8
000013f40000000b000013e8
000013f800000001000013fc
000014080000000c000013fc
0000140c0000000100001410
0000141c0000000d00001410
000014200000000100001424
000014300000000e00001424
000014340000000100001438
000014440000000f00001438
00001448000000010000144c
000014580000001700000000
0000145c0000000000000000
0000144c0000001500000000
000014500000000100001438
000014540000000000000000
0000143800000008000007ff
0000143c0000000100001424
000014400000000000000000
000014240000000000000000
000014280000000100001410
0000142c0000000000000000
000014100000000300000000
0000141400000001000013fc
000014180000000000000000
000013fc000000040000339d
0000140000000001000013e8
000014040000000000000000
000013e80000000000000000
000013ec00000001000013dc
000013f00000000000000000
000013dc0000000000000000
000014600000001c00000004
000014640000001a00000000
000014680000001a00000000
0000146c0000001b0000146c
000014700000001b0000146c
000014740000000000000000
00001478000000190000009c
0000147c0000000000000000
000014880000001c00000003
0000148c0000000000000000
000014640000001a00000001
000014680000001a00000008
0000146c0000001b0000146c
000014700000001b00001474
000014740000000000000000
00001480000000190000009f
000014840000000000000000
000014880000001c00000002
0000148c0000000000000000
000014640000001a00000000
000014680000001a00000000
0000146c0000001b0000146c
000014700000001b0000146c
000014740000000000000000
0000147800000019000000a0
0000147c0000000000000000
000014880000001c00000001
0000148c0000000000000000
000014640000001a00000001
000014680000001a00000008
0000146c0000001b0000146c
000014700000001b00001474
000014740000000000000000
0000148000000019000000a3
000014840000000000000000
000014880000001c00000000
0000148c0000000000000000
000014900000001d00000003
000014940000001608c7f494
000014980000000300002000
0000149c0000001300001438
000014a00000000c00000000
000014a40000000ffffffcea
000014a80000000901438000
000014ac0000001d00000002
000014b00000000000000000
000014940000001608c7f494
000014980000000300002000
0000149c00000013fffffcea
000014a00000000c00000000
000014a40000000ffffffcea
000014a800000009ffcea000
000014ac0000001d00000001
000014b00000000000000000
000014940000001608c7f494
000014980000000300002000
0000149c00000013fffffcea
000014a00000000c00000000
000014a40000000ffffffcea
000014a800000009ffcea000
000014ac0000001d00000000
000014b00000000000000000
000014b400000013000017ff
000014b80000001d00000004
000014bc00000013ffffffff
000014c00000001d00000003
000014c40000000000000000
000014bc00000013ffffffff
000014c00000001d00000002
000014c40000000000000000
000014bc00000013ffffffff
000014c00000001d00000001
000014c40000000000000000
000014bc00000013ffffffff
000014c00000001d00000000
000014c40000000000000000
000014c80000001c00000005
000014cc0000001a00000001
000014d00000001a00000008
000014d40000001b000014d4
000014d80000001b000014dc
000014dc0000000000000000
000014e800000019000000a6
000014ec0000000000000000
000014f00000001c00000004
000014f40000000000000000
000014cc0000001a00000000
000014d00000001a00000000
000014d40000001b000014d4
000014d80000001b000014d4
000014dc0000000000000000
000014e000000019000000a7
000014e40000000000000000
000014f00000001c00000003
000014f40000000000000000
000014cc0000001a00000001
000014d00000001a00000008
000014d40000001b000014d4
000014d80000001b000014dc
000014dc0000000000000000
000014e800000019000000aa
000014ec0000000000000000
000014f00000001c00000002
000014f40000000000000000
000014cc0000001a00000000
000014d00000001a00000000
000014d40000001b000014d4
000014d80000001b000014d4
000014dc0000000000000000
000014e000000019000000ab
000014e40000000000000000
000014f00000001c00000001
000014f40000000000000000
000014cc0000001a00000001
000014d00000001a00000008
000014d40000001b000014d4
000014d80000001b000014dc
000014dc0000000000000000
000014e800000019000000ae
000014ec0000000000000000
000014f00000001c00000000
000014f40000000000000000
000014f80000001c00000003
000014fc0000001a00000001
000015000000001a00000008
000015040000001b00001504
000015080000001b0000150c
0000150c0000000000000000
0000151800000019000000b1
0000151c0000000000000000
000015200000001c00000002
000015240000000000000000
000014fc0000001a00000000
000015000000001a00000000
000015040000001b00001504
000015080000001b00001504
0000150c0000000000000000
0000151000000019000000b2
000015140000000000000000
000015200000001c00000001
000015240000000000000000
000014fc0000001a00000001
000015000000001a00000008
000015040000001b00001504
000015080000001b0000150c
0000150c0000000000000000
0000151800000019000000b5
0000151c0000000000000000
000015200000001c00000000
000015240000000000000000
000015280000000000000000
0000153800000011000013e8
0000153c0000000d008c0000
000015400000000100000000
000015440000001400000000
000015480000001400000003
0000154c00000011000008c8
000015500000000900000001
000015540000001500000000
000015580000001400000000
0000155c0000000000000000
000015600000000500000000
000015640000000000000000
0000156c0000001c00000003
000015700000001a00000001
000015740000001a00000008
000015780000001b00001578
0000157c0000001b00001580
000015800000000100001584
0000158c00000019000000b8
000015900000000000000000
000015940000001c00000002
000015980000000000000000
000015700000001a00000000
000015740000001a00000000
000015780000001b00001578
0000157c0000001b00001578
000015800000000100001584
0000158400000019000000b9
000015880000000000000000
000015940000001c00000001
000015980000000000000000
000015700000001a00000001
000015740000001a00000008
000015780000001b00001578
0000157c0000001b00001580
000015800000000100001584
0000158c00000019000000bc
000015900000000000000000
000015940000001c00000000
000015980000000000000000
0000159c0000001d00000004
000015a00000000700000000
000015a40000001d00000003
000015a80000000000000000
000015a00000000700000001
000015a40000001d00000002
000015a80000000000000000
000015a00000000700000000
000015a40000001d00000001
000015a80000000000000000
000015a00000000700000001
000015a40000001d00000000
000015a80000000000000000
000015ac0000001d00000002
000015b00000000bfffffa15
000015b40000001d00000001
000015b80000000000000000
000015b00000000bfffffa15
000015b40000001d00000000
000015b80000000000000000
000015bc0000000400000000
000015c00000001500000000
000015c40000001500000000
000015c800000001000015cc
000015d00000000a000015cc
000015d400000001000015d8
000015e40000000b000015d8
000015e800000001000015ec
000015f80000000c000015ec
000015fc0000000100001600
0000160c0000000d00001600
000016100000000100001614
000016200000000e00001614
000016240000000100001628
000016340000000f00001628
00001638000000010000163c
00001648000000100000163c
0000164c0000000100001650
0000165c0000001100001650
000016600000000100001664
000016700000001200001664
000016740000000100001678
000016840000001600000001
000016880000000000000000
000016780000000600003414
0000167c0000000100001664
000016800000000000000000
0000166400000009000077b4
000016680000000100001650
0000166c0000000000000000
000016500000001600000080
00001654000000010000163c
000016580000000000000000
0000163c00000005000077b4
000016400000000100001628
000016440000000000000000
000016280000000500000000
0000162c0000000100001614
000016300000000000000000
000016140000001400000000
000016180000000100001600
0000161c0000000000000000
000016000000000400000000
0000160400000001000015ec
000016080000000000000000
000015ec000000170000157f
000015f000000001000015d8
000015f40000000000000000
000015d800000003ffffd83c
000015dc00000001000015cc
000015e00000000000000000
000015cc0000000000000000
0000168c0000000f00000000
000016900000001c00000003
000016940000001a00000001
000016980000001a00000008
0000169c0000001b0000169c
000016a00000001b000016a4
000016a40000000000000000
000016b000000019000000bf
000016b40000000000000000
000016b80000001c00000002
000016bc0000000000000000
000016940000001a00000000
000016980000001a00000000
0000169c0000001b0000169c
000016a00000001b0000169c
000016a40000000000000000
000016a800000019000000c0
000016ac0000000000000000
000016b80000001c00000001
000016bc0000000000000000
000016940000001a00000001
000016980000001a00000008
0000169c0000001b0000169c
000016a00000001b000016a4
000016a40000000000000000
000016b000000019000000c3
000016b40000000000000000
000016b80000001c00000000
000016bc0000000000000000
000016c00000000000000000
000016d00000001400000002
000016d40000000a00000001
000016d80000000100000001
000016dc0000000000000000
000016e00000000200000000
000016e40000000440000000
000016e8000000177534c000
000016ec0000000000000000
000016f00000000a00002bb0
000016f40000000000000000
000016f800000009cecb1000
000016fc0000000623b776fc
000017000000000b00000017
000017040000000100001708
0000170c0000000300000000
000017100000000000000000
000017080000000000000000
000017140000001700000080
00001718000000135ec00000
0000171c00000014fffff800
000017200000001600000000
0000172400000010aefd6724
00001728000000010000172c
000017300000000a0000172c
000017340000000100001738
000017440000000b00001738
00001748000000010000174c
000017580000000c0000174c
0000175c0000000100001760
0000176c0000000d00001760
000017700000000100001774
000017800000000e00001774
000017840000000100001788
000017940000000f00001788
00001798000000010000179c
000017a8000000100000179c
000017ac00000001000017b0
000017bc00000011000017b0
000017c000000001000017c4
000017d000000012000017c4
000017d400000001000017d8
000017e400000014cecb1000
000017e80000000000000000
000017d80000000300000001
000017dc00000001000017c4
000017e00000000000000000
000017c40000000600000000
000017c800000001000017b0
000017cc0000000000000000
000017b000000009ffffffb0
000017b4000000010000179c
000017b80000000000000000
0000179c0000001700000000
000017a00000000100001788
000017a40000000000000000
000017880000000000000000
0000178c0000000100001774
000017900000000000000000
000017740000000800002000
000017780000000100001760
0000177c0000000000000000
000017600000001700000000
00001764000000010000174c
000017680000000000000000
0000174c000000165ec00000
000017500000000100001738
000017540000000000000000
00001738000000060000174e
0000173c000000010000172c
000017400000000000000000
0000172c0000000000000000
000017ec0000001800000001
000017f00000000000000000
000017f40000000000000000
000000c80000000800000001
000000cc0000000d00000000
000000d000000001f5cae0d0
000000d40000000000000000
000000d800000001000000dc
000000e00000000a000000dc
000000e400000001000000e8
000000f40000000b000000e8
000000f800000001000000fc
000001080000000c000000fc
0000010c0000000100000110
0000011c0000000d00000110
000001200000000100000124
000001300000000900000001
000001340000000000000000
000001240000001740000000
000001280000000100000110
0000012c0000000000000000
00000110000000044000179c
0000011400000001000000fc
000001180000000000000000
000000fc0000000800000000
0000010000000001000000e8
000001040000000000000000
000000e80000000700000001
000000ec00000001000000dc
000000f00000000000000000
000000dc0000000000000000
000001380000000000000000
0000013c0000000c000000c3
000001400000000100000001
000001440000000100000148
0000014c0000000a00000148
000001500000000100000154
000001600000000b00000154
000001640000000100000168
000001740000000c00000168
00000178000000010000017c
000001880000000d0000017c
0000018c0000000100000190
0000019c0000000e00000190
000001a000000001000001a4
000001b00000000f000001a4
000001b400000001000001b8
000001c400000010000001b8
000001c800000001000001cc
000001d80000001600000000
000001dc0000000000000000
000001cc0000000900000001
000001d000000001000001b8
000001d40000000000000000
000001b80000000200000000
000001bc00000001000001a4
000001c00000000000000000
000001a40000000000000000
000001a80000000100000190
000001ac0000000000000000
0000019000000016cecb1000
00000194000000010000017c
000001980000000000000000
0000017c0000000000000000
000001800000000100000168
000001840000000000000000
000001680000001500000000
0000016c0000000100000154
000001700000000000000000
00000154000000071ba95154
000001580000000100000148
0000015c0000000000000000
000001480000000000000000
000001e00000001c00000004
000001e40000001a00000000
000001e80000001a00000000
000001ec0000001b000001ec
000001f00000001b000001ec
000001f40000000000000000
000001f800000019000000c4
000001fc0000000000000000
000002080000001c00000003
0000020c0000000000000000
000001e40000001a00000001
000001e80000001a00000008
000001ec0000001b000001ec
000001f00000001b000001f4
000001f40000000000000000
0000020000000019000000c7
000002040000000000000000
000002080000001c00000002
0000020c0000000000000000
000001e40000001a00000000
000001e80000001a00000000
000001ec0000001b000001ec
000001f00000001b000001ec
000001f40000000000000000
000001f800000019000000c8
000001fc0000000000000000
000002080000001c00000001
0000020c0000000000000000
000001e40000001a00000001
000001e80000001a00000008
000001ec0000001b000001ec
000001f00000001b000001f4
000001f40000000000000000
0000020000000019000000cb
000002040000000000000000
000002080000001c00000000
0000020c0000000000000000
000002100000000000000000
000002140000000d00000001
000002180000000000000000
0000021c00000010000017b0
00000220000000165ec00000
000002240000000000000000
000002280000001200000000
0000022c0000000000000000
0000023c0000001d00000004
0000024000000011fffff808
000002440000000600000001
000002480000000000000000
0000024c0000000bffffdf54
000002500000000c00000001
000002540000001d00000003
000002580000000000000000
0000024000000011fffff808
000002440000000600000000
000002480000000000000000
0000024c0000000bffffbd54
000002500000000c00000001
000002540000001d00000002
000002580000000000000000
0000024000000011fffff808
000002440000000600000000
000002480000000000000000
0000024c0000000bffff9b54
000002500000000c00000001
000002540000001d00000001
000002580000000000000000
0000024000000011fffff808
000002440000000600000000
000002480000000000000000
0000024c0000000bffff7954
000002500000000c00000001
000002540000001d00000000
000002580000000000000000
0000025c0000000900000002
000002600000000000000000
000002640000000000000000
000002680000000b00000002
0000026c0000000000000000
000002700000000000000000
000002740000000000000000
000002780000000400000001
0000027c0000001c00000003
000002800000001a00000001
000002840000001a00000008
000002880000001b00000288
0000028c0000001b00000290
000002900000000100000294
0000029c00000019000000ce
000002a00000000000000000
000002a40000001c00000002
000002a80000000000000000
000002800000001a00000000
000002840000001a00000000
000002880000001b00000288
0000028c0000001b00000288
000002900000000100000294
0000029400000019000000cf
000002980000000000000000
000002a40000001c00000001
000002a80000000000000000
000002800000001a00000001
000002840000001a00000008
000002880000001b00000288
0000028c0000001b00000290
000002900000000100000294
0000029c00000019000000d2
000002a00000000000000000
000002a40000001c00000000
000002a80000000000000000
000002ac000000093ee392ac
000002b00000000500000000
000002b40000001d00000005
000002b80000000a06d04000
000002bc0000000f00000000
000002c00000000900000000
000002c40000001d00000004
000002c80000000000000000
000002b80000000a06d04000
000002bc0000000f00000000
000002c00000000900000000
000002c40000001d00000003
000002c80000000000000000
000002b80000000a06d04000
000002bc0000000f00000000
000002c00000000900000000
000002c40000001d00000002
000002c80000000000000000
000002b80000000a06d04000
000002bc0000000f00000000
000002c00000000900000000
000002c40000001d00000001
000002c80000000000000000
000002b80000000a06d04000
000002bc0000000f00000000
000002c00000000900000000
000002c40000001d00000000
000002c80000000000000000
000002cc0000001600080000
000002d00000001c00000005
000002d40000001a00000001
000002d80000001a00000008
000002dc0000001b000002dc
000002e00000001b000002e4
000002e400000001000002e8
000002f000000019000000d5
000002f40000000000000000
000002f80000001c00000004
000002fc0000000000000000
000002d40000001a00000000
000002d80000001a00000000
000002dc0000001b000002dc
000002e00000001b000002dc
000002e400000001000002e8
000002e800000019000000d6
000002ec0000000000000000
000002f80000001c00000003
000002fc0000000000000000
000002d40000001a00000001
000002d80000001a00000008
000002dc0000001b000002dc
000002e00000001b000002e4
000002e400000001000002e8
000002f000000019000000d9
000002f40000000000000000
000002f80000001c00000002
000002fc0000000000000000
000002d40000001a00000000
000002d80000001a00000000
000002dc0000001b000002dc
000002e00000001b000002dc
000002e400000001000002e8
000002e800000019000000da
000002ec0000000000000000
000002f80000001c00000001
000002fc0000000000000000
000002d40000001a00000001
000002d80000001a00000008
000002dc0000001b000002dc
000002e00000001b000002e4
000002e400000001000002e8
000002f000000019000000dd
000002f40000000000000000
000002f80000001c00000000
000002fc0000000000000000
000003000000001500000000
000003040000000000000000
000003180000000e06d047ff
0000031c0000000310000000
000003200000000100000324
000003280000000a00000324
0000032c0000000100000330
0000033c0000000b00000330
000003400000000100000344
000003500000001400000000
000003540000000000000000
000003440000000000000000
000003480000000100000330
0000034c0000000000000000
000003300000000200000000
000003340000000100000324
000003380000000000000000
000003240000000000000000
000003580000000a00000000
0000035c0000000000000000
000003640000000bfffff800
00000368000000160000001f
0000036c0000001600002001
000003700000000000000000
000003740000000000000000
000003780000000400000000
0000037c00000010ffffdffe
000003800000000400800000
000003840000000100000388
0000038c0000000a00000388
000003900000000100000394
000003a00000000b00000394
000003a400000001000003a8
000003b40000000c000003a8
000003b800000001000003bc
000003c80000000d000003bc
000003cc00000001000003d0
000003dc0000000e000003d0
000003e000000001000003e4
000003f00000000f000003e4
000003f400000001000003f8
0000040400000010000003f8
00000408000000010000040c
0000041800000016000003bd
0000041c0000000000000000
0000040c000000172cf7140c
0000041000000001000003f8
000004140000000000000000
000003f80000000600000394
000003fc00000001000003e4
000004000000000000000000
000003e400000005000007ff
000003e800000001000003d0
000003ec0000000000000000
000003d00000001600000001
000003d400000001000003bc
000003d80000000000000000
000003bc0000000710000000
000003c000000001000003a8
000003c40000000000000000
000003a800000006000003e3
000003ac0000000100000394
000003b00000000000000000
000003940000000400000001
000003980000000100000388
0000039c0000000000000000
000003880000000000000000
000004200000000f00000000
000004240000000000000000
000004300000000000000000
000004340000000b00000001
000004380000000700000000
0000043c0000000000000000
00000440000000055ec02200
000004440000001c00000004
000004480000001a00000000
0000044c0000001a00000000
000004500000001b00000450
000004540000001b00000450
000004580000000000000000
0000045c00000019000000de
000004600000000000000000
0000046c0000001c00000003
000004700000000000000000
000004480000001a00000001
0000044c0000001a00000008
000004500000001b00000450
000004540000001b00000458
000004580000000000000000
0000046400000019000000e1
000004680000000000000000
0000046c0000001c00000002
000004700000000000000000
000004480000001a00000000
0000044c0000001a00000000
000004500000001b00000450
000004540000001b00000450
000004580000000000000000
0000045c00000019000000e2
000004600000000000000000
0000046c0000001c00000001
000004700000000000000000
000004480000001a00000001
0000044c0000001a00000008
000004500000001b00000450
000004540000001b00000458
000004580000000000000000
0000046400000019000000e5
000004680000000000000000
0000046c0000001c00000000
000004700000000000000000
0000047400000003ffffffff
0000047800000017000003f5
0000047c0000000b00000000
000004800000001700000388
000004840000000b5ec00001
000004880000000b00000000
0000048c0000000500000000
000004900000000c00000000
00000494000000066f3f4000
000004980000001d00000002
0000049c0000000000000000
000004a00000001d00000001
000004a40000000000000000
0000049c0000000000000000
000004a00000001d00000000
000004a40000000000000000
000004a80000001d00000004
000004ac0000001200220000
000004b00000000000000000
000004b40000001d00000003
000004b80000000000000000
000004ac0000001200220000
000004b00000000000000000
000004b40000001d00000002
000004b80000000000000000
000004ac0000001200220000
000004b00000000000000000
000004b40000001d00000001
000004b80000000000000000
000004ac0000001200220000
000004b00000000000000000
000004b40000001d00000000
000004b80000000000000000
000004bc0000000700000000
000004c00000000800000000
000004c4000000026f3f4388
000004c800000001000004cc
000004d00000000a000004cc
000004d400000001000004d8
000004e40000000b000004d8
000004e800000001000004ec
000004f80000000c000004ec
000004fc0000000100000500
0000050c000000175ce0450c
000005100000000000000000
000005000000001400000001
0000050400000001000004ec
000005080000000000000000
000004ec00000003000004d9
000004f000000001000004d8
000004f40000000000000000
000004d80000000700000000
000004dc00000001000004cc
000004e00000000000000000
000004cc0000000000000000
00000514000000160000000e
000005180000000300000b41
0000051c0000000000000000
000005200000000300000000
000005240000000000000000
000005280000001500000778
0000052c0000001c00000005
000005300000001a00000001
000005340000001a00000008
000005380000001b00000538
0000053c0000001b00000540
000005400000000100000544
0000054c00000019000000e8
000005500000000000000000
000005540000001c00000004
000005580000000000000000
000005300000001a00000000
000005340000001a00000000
000005380000001b00000538
0000053c0000001b00000538
000005400000000100000544
0000054400000019000000e9
000005480000000000000000
000005540000001c00000003
000005580000000000000000
000005300000001a00000001
000005340000001a00000008
000005380000001b00000538
0000053c0000001b00000540
000005400000000100000544
0000054c00000019000000ec
000005500000000000000000
000005540000001c00000002
000005580000000000000000
000005300000001a00000000
000005340000001a00000000
000005380000001b00000538
0000053c0000001b00000538
000005400000000100000544
0000054400000019000000ed
000005480000000000000000
000005540000001c00000001
000005580000000000000000
000005300000001a00000001
000005340000001a00000008
000005380000001b00000538
0000053c0000001b00000540
000005400000000100000544
0000054c00000019000000f0
000005500000000000000000
000005540000001c00000000
000005580000000000000000
0000055c00000004002203bc
000005600000001d00000002
000005640000000639829000
000005680000001d00000001
0000056c0000000000000000
000005640000000639829000
000005680000001d00000000
0000056c0000000000000000
000005700000001500000008
0000057400000008005ec000
000005780000000400008800
0000057c0000000000000000
000005840000000000000000
000005880000000700000000
0000058c0000000cd0fd7000
000005900000001d00000002
000005940000001729000000
000005980000000700000000
0000059c0000001d00000001
000005a00000000000000000
000005940000001739829000
000005980000000700000000
0000059c0000001d00000000
000005a00000000000000000
000005a40000001200000000
000005a80000000dfffff889
000005ac0000001c00000004
000005b00000001a00000000
000005b40000001a00000000
000005b80000001b000005b8
000005bc0000001b000005b8
000005c00000000000000000
000005c400000019000000f1
000005c80000000000000000
000005d40000001c00000003
000005d80000000000000000
000005b00000001a00000001
000005b40000001a00000008
000005b80000001b000005b8
000005bc0000001b000005c0
000005c00000000000000000
000005cc00000019000000f4
000005d00000000000000000
000005d40000001c00000002
000005d80000000000000000
000005b00000001a00000000
000005b40000001a00000000
000005b80000001b000005b8
000005bc0000001b000005b8
000005c00000000000000000
000005c400000019000000f5
000005c80000000000000000
000005d40000001c00000001
000005d80000000000000000
000005b00000001a00000001
000005b40000001a00000008
000005b80000001b000005b8
000005bc0000001b000005c0
000005c00000000000000000
000005cc00000019000000f8
000005d00000000000000000
000005d40000001c00000000
000005d80000000000000000
000005dc00000001000005e0
000005e40000000a000005e0
000005e800000001000005ec
000005f80000000b000005ec
000005fc0000000100000600
0000060c0000000c00000600
000006100000000100000614
000006200000000d00000614
000006240000000100000628
000006340000000e00000628
00000638000000010000063c
000006480000000f0000063c
0000064c0000000100000650
0000065c0000000000000000
000006600000000000000000
000006500000000200000000
00000654000000010000063c
000006580000000000000000
0000063c0000000300000000
000006400000000100000628
000006440000000000000000
000006280000000600000000
0000062c0000000100000614
000006300000000000000000
0000061400000008000c7800
000006180000000100000600
0000061c0000000000000000
000006000000000000000000
0000060400000001000005ec
000006080000000000000000
000005ec0000000400000000
000005f000000001000005e0
000005f40000000000000000
000005e00000000000000000
0000066400000016000027e0
000006680000001d00000002
0000066c0000000e00000614
000006700000000000000000
000006740000000000000000
000006780000000500002200
0000067c0000000600000002
000006800000001d00000001
000006840000000000000000
0000066c0000000e00000614
000006700000000000000000
000006740000000000000000
000006780000000500002200
0000067c0000000600000001
000006800000001d00000000
000006840000000000000000
00000688000000010000068c
000006900000000a0000068c
000006940000000100000698
000006a40000000b00000698
000006a800000001000006ac
000006b8000000035f792000
000006bc0000000000000000
000006ac00000003398296ac
000006b00000000100000698
000006b40000000000000000
000006980000000000000000
0000069c000000010000068c
000006a00000000000000000
0000068c0000000000000000
000006c00000000700000000
000006c40000001500000000
000006c80000000f000c7e3c
000006cc0000001000000000
000006d00000001100000001
000006d40000000d00000660
000006d80000000000000000
000006e80000000f1deba000
000006ec0000000539829000
000006f00000000500000000
000006f40000001500000000
000006f800000002000027e0
000006fc0000001680000000
000007000000001d00000005
000007040000000f00001850
0000070800000003000a0000
0000070c000000045ec000f8
000007100000000a00000000
000007140000000500000000
000007180000001d00000004
0000071c0000000000000000
000007040000000f00001850
000007080000000300080000
0000070c000000045ec000f8
000007100000000a00000000
000007140000000500000000
000007180000001d00000003
0000071c0000000000000000
000007040000000f00001850
000007080000000300060000
0000070c000000045ec000f8
000007100000000a00000000
000007140000000500000000
000007180000001d00000002
0000071c0000000000000000
000007040000000f00001850
000007080000000300040000
0000070c000000045ec000f8
000007100000000a00000000
000007140000000500000000
000007180000001d00000001
0000071c0000000000000000
000007040000000f00001850
000007080000000300020000
0000070c000000045ec000f8
000007100000000a00000000
000007140000000500000000
000007180000001d00000000
0000071c0000000000000000
000007200000000cfffff800
000007240000000000000000
0000072800000010ffffffff
0000072c00000004ffffffff
000007300000000000000000
000007340000000400000000
000007380000001d00000005
0000073c0000000400000000
00000740000000035ec00000
000007440000001100020000
000007480000001d00000004
0000074c0000000000000000
0000073c0000000400000000
00000740000000035ec00000
000007440000001100020000
000007480000001d00000003
0000074c0000000000000000
0000073c0000000400000000
00000740000000035ec00000
000007440000001100020000
000007480000001d00000002
0000074c0000000000000000
0000073c0000000400000000
00000740000000035ec00000
000007440000001100020000
000007480000001d00000001
0000074c0000000000000000
0000073c0000000400000000
00000740000000035ec00000
000007440000001100020000
000007480000001d00000000
0000074c0000000000000000
000007500000001300000000
000007540000000400000000
0000075800000016000005c1
0000075c0000000e00000000
000007600000000100000764
000007680000000a00000764
0000076c0000000100000770
0000077c0000000b00000770
000007800000000100000784
000007900000000c00000784
000007940000000100000798
000007a40000000d00000798
000007a800000001000007ac
000007b80000000e000007ac
000007bc00000001000007c0
000007cc0000000f000007c0
000007d000000001000007d4
000007e000000010000007d4
000007e400000001000007e8
000007f400000011000007e8
000007f800000001000007fc
00000808000000075ec00000
0000080c0000000000000000
000007fc0000000200000000
0000080000000001000007e8
000008040000000000000000
000007e80000000600fa8000
000007ec00000001000007d4
000007f00000000000000000
000007d40000001700000001
000007d800000001000007c0
000007dc0000000000000000
000007c000000005000c7800
000007c400000001000007ac
000007c80000000000000000
000007ac0000000300000000
000007b00000000100000798
000007b40000000000000000
00000798000000099ad85000
0000079c0000000100000784
000007a00000000000000000
0000078400000006000007d4
000007880000000100000770
0000078c0000000000000000
000007700000000300000000
000007740000000100000764
000007780000000000000000
000007640000000000000000
000008100000000c000c7800
000008140000000e000003bc
000008180000001c00000005
0000081c0000001a00000001
000008200000001a00000008
000008240000001b00000824
000008280000001b0000082c
0000082c0000000100000830
0000083800000019000000fb
0000083c0000000000000000
000008400000001c00000004
000008440000000000000000
0000081c0000001a00000000
000008200000001a00000000
000008240000001b00000824
000008280000001b00000824
0000082c0000000100000830
0000083000000019000000fc
000008340000000000000000
000008400000001c00000003
000008440000000000000000
0000081c0000001a00000001
000008200000001a00000008
000008240000001b00000824
000008280000001b0000082c
0000082c0000000100000830
0000083800000019000000ff
0000083c0000000000000000
000008400000001c00000002
000008440000000000000000
0000081c0000001a00000000
000008200000001a00000000
000008240000001b00000824
000008280000001b00000824
0000082c0000000100000830
000008300000001900000100
000008340000000000000000
000008400000001c00000001
000008440000000000000000
0000081c0000001a00000001
000008200000001a00000008
000008240000001b00000824
000008280000001b0000082c
0000082c0000000100000830
000008380000001900000103
0000083c0000000000000000
000008400000001c00000000
000008440000000000000000
000008480000001100000000
0000084c0000000000000000
000008500000000000000000
000008540000001600000001
000008580000001500000000
0000085c00000013000007ff
000008600000001200000000
000008640000000700000000
00000868000000010000086c
000008700000000a0000086c
000008740000000100000878
000008840000000b00000878
00000888000000010000088c
000008980000000c0000088c
0000089c00000001000008a0
000008ac0000000d000008a0
000008b000000001000008b4
000008c00000000e000008b4
000008c400000001000008c8
000008d40000000f000008c8
000008d800000001000008dc
000008e800000010000008dc
000008ec00000001000008f0
000008fc0000001700000000
000009000000000000000000
000008f00000000400000001
000008f400000001000008dc
000008f80000000000000000
000008dc0000000800000000
000008e000000001000008c8
000008e40000000000000000
000008c8000000026384d000
000008cc00000001000008b4
000008d00000000000000000
000008b400000004000009b7
000008b800000001000008a0
000008bc0000000000000000
000008a00000001700000000
000008a4000000010000088c
000008a80000000000000000
0000088c0000001500000820
000008900000000100000878
000008940000000000000000
000008780000000900000000
0000087c000000010000086c
000008800000000000000000
0000086c0000000000000000
000009040000001300000001
000009080000000400000000
0000090c00000001000003bc
000009100000001c00000004
000009140000001a00000000
000009180000001a00000000
0000091c0000001b0000091c
000009200000001b0000091c
000009240000000000000000
000009280000001900000104
0000092c0000000000000000
000009380000001c00000003
0000093c0000000000000000
000009140000001a00000001
000009180000001a00000008
0000091c0000001b0000091c
000009200000001b00000924
000009240000000000000000
000009300000001900000107
000009340000000000000000
000009380000001c00000002
0000093c0000000000000000
000009140000001a00000000
000009180000001a00000000
0000091c0000001b0000091c
000009200000001b0000091c
000009240000000000000000
000009280000001900000108
0000092c0000000000000000
000009380000001c00000001
0000093c0000000000000000
000009140000001a00000001
000009180000001a00000008
0000091c0000001b0000091c
000009200000001b00000924
000009240000000000000000
00000930000000190000010b
000009340000000000000000
000009380000001c00000000
0000093c0000000000000000
000009400000000c5ea14000
000009440000001d00000002
000009480000000900000000
0000094c0000000e000003bc
000009500000000400000000
000009540000000bfffff790
000009580000001d00000001
0000095c0000000000000000
000009480000000900000000
0000094c0000000e000003bc
000009500000000400000000
000009540000000b00000878
000009580000001d00000000
0000095c0000000000000000
000009600000000100000964
000009680000000a00000964
0000096c0000000100000970
0000097c0000000600000000
000009800000000000000000
000009700000001600000000
000009740000000100000964
000009780000000000000000
000009640000000000000000
000009840000001600000000
000009880000000000000000
0000098c0000001000000001
000009900000000a00000000
000009940000000f000005ac
000009980000000f00000001
0000099c00000006000003a0
000009a00000001d00000004
000009a400000013000003a0
000009a80000001d00000003
000009ac0000000000000000
000009a400000013000003a0
000009a80000001d00000002
000009ac0000000000000000
000009a400000013000003a0
000009a80000001d00000001
000009ac0000000000000000
000009a400000013000003a0
000009a80000001d00000000
000009ac0000000000000000
000009b00000000000000000
000009b40000000e00000000
000009b8000000110000010a
000009bc00000010000c7801
000009c00000000b00000000
000009c40000001200000000
000009c80000000000000000
000009cc0000001600000000
000009d00000001400000000
000009d40000000d00000000
000009d80000001400000000
000009dc0000000000000000
000009e0000000025ea14000
000009e4000000034147f9e4
000009e80000000900000000
000009ec0000000000000000
000009f0000000084147f9e4
000009f40000000a00001800
000009f80000000400000000
000009fc0000001400000000
00000a0000000015fffff800
00000a040000000100000a08
00000a0c0000000a00000a08
00000a100000000100000a14
00000a200000000b00000a14
00000a240000000100000a28
00000a340000000c00000a28
00000a380000000100000a3c
00000a480000000d00000a3c
00000a4c0000000100000a50
00000a5c0000000e00000a50
00000a600000000100000a64
00000a700000000f00000a64
00000a740000000100000a78
00000a840000001000000a78
00000a880000000100000a8c
00000a980000001100000a8c
00000a9c0000000100000aa0
00000aac0000001200000aa0
00000ab00000000100000ab4
00000ac00000000300000a64
00000ac40000000000000000
00000ab40000000600000000
00000ab80000000100000aa0
00000abc0000000000000000
00000aa00000000600000000
00000aa40000000100000a8c
00000aa80000000000000000
00000a8c0000001400000228
00000a900000000100000a78
00000a940000000000000000
00000a780000000600002000
00000a7c0000000100000a64
00000a800000000000000000
00000a640000000200000000
00000a680000000100000a50
00000a6c0000000000000000
00000a500000001500000000
00000a540000000100000a3c
00000a580000000000000000
00000a3c0000000500000000
00000a400000000100000a28
00000a440000000000000000
00000a280000001600000000
00000a2c0000000100000a14
00000a300000000000000000
00000a140000000600000a50
00000a180000000100000a08
00000a1c0000000000000000
00000a080000000000000000
00000ac80000001c00000003
00000acc0000001a00000001
00000ad00000001a00000008
00000ad40000001b00000ad4
00000ad80000001b00000adc
00000adc0000000100000ae0
00000ae8000000190000010e
00000aec0000000000000000
00000af00000001c00000002
00000af40000000000000000
00000acc0000001a00000000
00000ad00000001a00000000
00000ad40000001b00000ad4
00000ad80000001b00000ad4
00000adc0000000100000ae0
00000ae0000000190000010f
00000ae40000000000000000
00000af00000001c00000001
00000af40000000000000000
00000acc0000001a00000001
00000ad00000001a00000008
00000ad40000001b00000ad4
00000ad80000001b00000adc
00000adc0000000100000ae0
00000ae80000001900000112
00000aec0000000000000000
00000af00000001c00000000
00000af40000000000000000
00000af80000000000000000
00000afc0000001600000000
00000b000000001400000001
00000b040000001d00000002
00000b080000000e00000000
00000b0c0000000000000000
00000b100000001d00000001
00000b140000000000000000
00000b080000000e00000000
00000b0c0000000000000000
00000b100000001d00000000
00000b140000000000000000
00000b180000000f00000000
00000b1c0000001c00000003
00000b200000001a00000001
00000b240000001a00000008
00000b280000001b00000b28
00000b2c0000001b00000b30
00000b300000000100000b34
00000b3c0000001900000115
00000b400000000000000000
00000b440000001c00000002
00000b480000000000000000
00000b200000001a00000000
00000b240000001a00000000
00000b280000001b00000b28
00000b2c0000001b00000b28
00000b300000000100000b34
00000b340000001900000116
00000b380000000000000000
00000b440000001c00000001
00000b480000000000000000
00000b200000001a00000001
00000b240000001a00000008
00000b280000001b00000b28
00000b2c0000001b00000b30
00000b300000000100000b34
00000b3c0000001900000119
00000b400000000000000000
00000b440000001c00000000
00000b480000000000000000
00000b4c0000000600000b34
00000b500000000000000000
00000b540000001d00000006
00000b580000000000000000
00000b5c0000000a00000000
00000b600000001000000000
00000b64000000013cc36b64
00000b680000000000000000
00000b6c0000001d00000005
00000b700000000000000000
00000b580000000000000000
00000b5c0000000a00000000
00000b600000001000000000
00000b64000000013cc36b64
00000b680000000000000000
00000b6c0000001d00000004
00000b700000000000000000
00000b580000000000000000
00000b5c0000000a00000000
00000b600000001000000000
00000b64000000013cc36b64
00000b680000000000000000
00000b6c0000001d00000003
00000b700000000000000000
00000b580000000000000000
00000b5c0000000a00000000
00000b600000001000000000
00000b64000000013cc36b64
00000b680000000000000000
00000b6c0000001d00000002
00000b700000000000000000
00000b580000000000000000
00000b5c0000000a00000000
00000b600000001000000000
00000b64000000013cc36b64
00000b680000000000000000
00000b6c0000001d00000001
00000b700000000000000000
00000b580000000000000000
00000b5c0000000a00000000
00000b600000001000000000
00000b64000000013cc36b64
00000b680000000000000000
00000b6c0000001d00000000
00000b700000000000000000
00000b740000000400000a8c
00000b780000000a00000000
00000b7c0000001500000b31
00000b800000001c00000005
00000b840000001a00000001
00000b880000001a00000008
00000b8c0000001b00000b8c
00000b900000001b00000b94
00000b940000000100000b98
00000ba0000000190000011c
00000ba40000000000000000
00000ba80000001c00000004
00000bac0000000000000000
00000b840000001a00000000
00000b880000001a00000000
00000b8c0000001b00000b8c
00000b900000001b00000b8c
00000b940000000100000b98
00000b98000000190000011d
00000b9c0000000000000000
00000ba80000001c00000003
00000bac0000000000000000
00000b840000001a00000001
00000b880000001a00000008
00000b8c0000001b00000b8c
00000b900000001b00000b94
00000b940000000100000b98
00000ba00000001900000120
00000ba40000000000000000
00000ba80000001c00000002
00000bac0000000000000000
00000b840000001a00000000
00000b880000001a00000000
00000b8c0000001b00000b8c
00000b900000001b00000b8c
00000b940000000100000b98
00000b980000001900000121
00000b9c0000000000000000
00000ba80000001c00000001
00000bac0000000000000000
00000b840000001a00000001
00000b880000001a00000008
00000b8c0000001b00000b8c
00000b900000001b00000b94
00000b940000000100000b98
00000ba00000001900000124
00000ba40000000000000000
00000ba80000001c00000000
00000bac0000000000000000
00000bb00000001d00000006
00000bb40000000100000000
00000bb80000001d00000005
00000bbc0000000000000000
00000bb40000000100000000
00000bb80000001d00000004
00000bbc0000000000000000
00000bb40000000100000000
00000bb80000001d00000003
00000bbc0000000000000000
00000bb40000000100000000
00000bb80000001d00000002
00000bbc0000000000000000
00000bb40000000100000000
00000bb80000001d00000001
00000bbc0000000000000000
00000bb40000000100000000
00000bb80000001d00000000
00000bbc0000000000000000
00000bc00000000100000bc4
00000bc80000000a00000bc4
00000bcc0000000100000bd0
00000bdc0000000b00000bd0
00000be00000000100000be4
00000bf00000000c00000be4
00000bf40000000100000bf8
00000c040000000d00000bf8
00000c080000000100000c0c
00000c180000001500000000
00000c1c0000000000000000
00000c0c0000001600002200
00000c100000000100000bf8
00000c140000000000000000
00000bf80000000300000fff
00000bfc0000000100000be4
00000c000000000000000000
00000be40000000300000bac
00000be80000000100000bd0
00000bec0000000000000000
00000bd00000000000000000
00000bd40000000100000bc4
00000bd80000000000000000
00000bc40000000000000000
00000c200000000800000001
00000c240000001c00000004
00000c280000001a00000000
00000c2c0000001a00000000
00000c300000001b00000c30
00000c340000001b00000c30
00000c380000000100000c3c
00000c3c0000001900000125
00000c400000000000000000
00000c4c0000001c00000003
00000c500000000000000000
00000c280000001a00000001
00000c2c0000001a00000008
00000c300000001b00000c30
00000c340000001b00000c38
00000c380000000100000c3c
00000c440000001900000128
00000c480000000000000000
00000c4c0000001c00000002
00000c500000000000000000
00000c280000001a00000000
00000c2c0000001a00000000
00000c300000001b00000c30
00000c340000001b00000c30
00000c380000000100000c3c
00000c3c0000001900000129
00000c400000000000000000
00000c4c0000001c00000001
00000c500000000000000000
00000c280000001a00000001
00000c2c0000001a00000008
00000c300000001b00000c30
00000c340000001b00000c38
00000c380000000100000c3c
00000c44000000190000012c
00000c480000000000000000
00000c4c0000001c00000000
00000c500000000000000000
00000c540000000300000820
00000c580000000600000000
00000c5c0000001100000e62
00000c600000001c00000005
00000c640000001a00000001
00000c680000001a00000008
00000c6c0000001b00000c6c
00000c700000001b00000c74
00000c740000000000000000
00000c80000000190000012f
00000c840000000000000000
00000c880000001c00000004
00000c8c0000000000000000
00000c640000001a00000000
00000c680000001a00000000
00000c6c0000001b00000c6c
00000c700000001b00000c6c
00000c740000000000000000
00000c780000001900000130
00000c7c0000000000000000
00000c880000001c00000003
00000c8c0000000000000000
00000c640000001a00000001
00000c680000001a00000008
00000c6c0000001b00000c6c
00000c700000001b00000c74
00000c740000000000000000
00000c800000001900000133
00000c840000000000000000
00000c880000001c00000002
00000c8c0000000000000000
00000c640000001a00000000
00000c680000001a00000000
00000c6c0000001b00000c6c
00000c700000001b00000c6c
00000c740000000000000000
00000c780000001900000134
00000c7c0000000000000000
00000c880000001c00000001
00000c8c0000000000000000
00000c640000001a00000001
00000c680000001a00000008
00000c6c0000001b00000c6c
00000c700000001b00000c74
00000c740000000000000000
00000c800000001900000137
00000c840000000000000000
00000c880000001c00000000
00000c8c0000000000000000
00000c900000000800000804
00000c940000001000000000
00000c980000000c00000000
00000c9c0000001c00000005
00000ca00000001a00000001
00000ca40000001a00000008
00000ca80000001b00000ca8
00000cac0000001b00000cb0
00000cb00000000000000000
00000cbc000000190000013a
00000cc00000000000000000
00000cc40000001c00000004
00000cc80000000000000000
00000ca00000001a00000000
00000ca40000001a00000000
00000ca80000001b00000ca8
00000cac0000001b00000ca8
00000cb00000000000000000
00000cb4000000190000013b
00000cb80000000000000000
00000cc40000001c00000003
00000cc80000000000000000
00000ca00000001a00000001
00000ca40000001a00000008
00000ca80000001b00000ca8
00000cac0000001b00000cb0
00000cb00000000000000000
00000cbc000000190000013e
00000cc00000000000000000
00000cc40000001c00000002
00000cc80000000000000000
00000ca00000001a00000000
00000ca40000001a00000000
00000ca80000001b00000ca8
00000cac0000001b00000ca8
00000cb00000000000000000
00000cb4000000190000013f
00000cb80000000000000000
00000cc40000001c00000001
00000cc80000000000000000
00000ca00000001a00000001
00000ca40000001a00000008
00000ca80000001b00000ca8
00000cac0000001b00000cb0
00000cb00000000000000000
00000cbc0000001900000142
00000cc00000000000000000
00000cc40000001c00000000
00000cc80000000000000000
00000ccc00000009ffffffff
00000cd00000000600000000
00000cd40000001c00000003
00000cd80000001a00000001
00000cdc0000001a00000008
00000ce00000001b00000ce0
00000ce40000001b00000ce8
00000ce80000000000000000
00000cf40000001900000145
00000cf80000000000000000
00000cfc0000001c00000002
00000d000000000000000000
00000cd80000001a00000000
00000cdc0000001a00000000
00000ce00000001b00000ce0
00000ce40000001b00000ce0
00000ce80000000000000000
00000cec0000001900000146
00000cf00000000000000000
00000cfc0000001c00000001
00000d000000000000000000
00000cd80000001a00000001
00000cdc0000001a00000008
00000ce00000001b00000ce0
00000ce40000001b00000ce8
00000ce80000000000000000
00000cf40000001900000149
00000cf80000000000000000
00000cfc0000001c00000000
00000d000000000000000000
00000d040000001d00000005
00000d080000000be8d7cd08
00000d0c0000001d00000004
00000d100000000000000000
00000d080000000be8d7cd08
00000d0c0000001d00000003
00000d100000000000000000
00000d080000000be8d7cd08
00000d0c0000001d00000002
00000d100000000000000000
00000d080000000be8d7cd08
00000d0c0000001d00000001
00000d100000000000000000
00000d080000000be8d7cd08
00000d0c0000001d00000000
00000d100000000000000000
00000d140000001d00000005
00000d180000000000000000
00000d1c0000000d00000001
00000d200000000b00000000
00000d240000000f00000000
00000d280000000c000003a0
00000d2c0000001d00000004
00000d300000000000000000
00000d180000000000000000
00000d1c0000000d00000001
00000d200000000b00000000
00000d240000000f00000000
00000d280000000c000003a0
00000d2c0000001d00000003
00000d300000000000000000
00000d180000000000000000
00000d1c0000000d00000001
00000d200000000b00000000
00000d240000000f00000000
00000d280000000c000003a0
00000d2c0000001d00000002
00000d300000000000000000
00000d180000000000000000
00000d1c0000000d00000001
00000d200000000b00000000
00000d240000000f00000000
00000d280000000c000003a0
00000d2c0000001d00000001
00000d300000000000000000
00000d180000000000000000
00000d1c0000000d00000001
00000d200000000b00000000
00000d240000000f00000000
00000d280000000c000003a0
00000d2c0000001d00000000
00000d300000000000000000
00000d340000001d00000006
00000d38000000100000045f
00000d3c0000001400000001
00000d400000001d00000005
00000d440000000000000000
00000d38000000100000045f
00000d3c0000001400000001
00000d400000001d00000004
00000d440000000000000000
00000d38000000100000045f
00000d3c0000001400000001
00000d400000001d00000003
00000d440000000000000000
00000d38000000100000045f
00000d3c0000001400000001
00000d400000001d00000002
00000d440000000000000000
00000d38000000100000045f
00000d3c0000001400000001
00000d400000001d00000001
00000d440000000000000000
00000d38000000100000045f
00000d3c0000001400000001
00000d400000001d00000000
00000d440000000000000000
00000d480000000900000000
00000d4c0000000000000000
00000d500000000700000140
00000d540000000a00000149
00000d580000000200000000
00000d5c0000001d00000005
00000d600000000000000000
00000d640000001d00000004
00000d680000000000000000
00000d600000000000000000
00000d640000001d00000003
00000d680000000000000000
00000d600000000000000000
00000d640000001d00000002
00000d680000000000000000
00000d600000000000000000
00000d640000001d00000001
00000d680000000000000000
00000d600000000000000000
00000d640000001d00000000
00000d680000000000000000
00000d6c0000000100000d70
00000d740000000993409000
00000d780000000000000000
00000d700000000000000000
00000d7c00000011e8000000
00000d800000001500000001
00000d8400000003fffff810
00000d880000000700000000
00000d8c0000000000000000
00000d900000000000000000
00000da40000000300000000
00000da80000001000000ce8
00000dac0000000000000000
00000db000000016e80003a0
00000db40000000100000db8
00000dbc0000000a00000db8
00000dc00000000100000dc4
00000dd00000000b00000dc4
00000dd40000000100000dd8
00000de40000000c00000dd8
00000de80000000100000dec
00000df80000000d00000dec
00000dfc0000000100000e00
00000e0c0000000e00000e00
00000e100000000100000e14
00000e200000000f00000e14
00000e240000000100000e28
00000e340000001000000e28
00000e380000000100000e3c
00000e480000001100000e3c
00000e4c0000000100000e50
00000e5c0000001200000e50
00000e600000000100000e64
00000e7000000016ffffda00
00000e740000000000000000
00000e64000000046309d000
00000e680000000100000e50
00000e6c0000000000000000
00000e500000001500000001
00000e540000000100000e3c
00000e580000000000000000
00000e3c0000000500001100
00000e400000000100000e28
00000e440000000000000000
00000e2800000007b5c54000
00000e2c0000000100000e14
00000e300000000000000000
00000e140000000900000000
00000e180000000100000e00
00000e1c0000000000000000
00000e000000001400000000
00000e040000000100000dec
00000e080000000000000000
00000dec00000009000c613a
00000df00000000100000dd8
00000df40000000000000000
00000dd80000000900000000
00000ddc0000000100000dc4
00000de00000000000000000
00000dc40000000000000000
00000dc80000000100000db8
00000dcc0000000000000000
00000db80000000000000000
00000e780000000100000ce8
00000e7c0000001200000000
00000e8000000012b9771000
00000e840000000800000001
00000e880000000000000000
00000e8c0000001c00000003
00000e900000001a00000001
00000e940000001a00000008
00000e980000001b00000e98
00000e9c0000001b00000ea0
00000ea00000000100000ea4
00000eac000000190000014c
00000eb00000000000000000
00000eb40000001c00000002
00000eb80000000000000000
00000e900000001a00000000
00000e940000001a00000000
00000e980000001b00000e98
00000e9c0000001b00000e98
00000ea00000000100000ea4
00000ea4000000190000014d
00000ea80000000000000000
00000eb40000001c00000001
00000eb80000000000000000
00000e900000001a00000001
00000e940000001a00000008
00000e980000001b00000e98
00000e9c0000001b00000ea0
00000ea00000000100000ea4
00000eac0000001900000150
00000eb00000000000000000
00000eb40000001c00000000
00000eb80000000000000000
00000ebc0000001100000000
00000ec00000000c00000fa3
00000ec40000000f3bdb4ec4
00000ec80000001200000000
00000ecc0000000b00000e08
00000ed00000001d00000006
00000ed40000000b75d0fed4
00000ed80000000000000000
00000edc0000000000000000
00000ee00000000e00000e28
00000ee40000000000000000
00000ee80000001d00000005
00000eec0000000000000000
00000ed40000000b75d0fed4
00000ed80000000000000000
00000edc0000000000000000
00000ee00000000e00000e28
00000ee40000000000000000
00000ee80000001d00000004
00000eec0000000000000000
00000ed40000000b75d0fed4
00000ed80000000000000000
00000edc0000000000000000
00000ee00000000e00000e28
00000ee40000000000000000
00000ee80000001d00000003
00000eec0000000000000000
00000ed40000000b75d0fed4
00000ed80000000000000000
00000edc0000000000000000
00000ee00000000e00000e28
00000ee40000000000000000
00000ee80000001d00000002
00000eec0000000000000000
00000ed40000000b75d0fed4
00000ed80000000000000000
00000edc0000000000000000
00000ee00000000e00000e28
00000ee40000000000000000
00000ee80000001d00000001
00000eec0000000000000000
00000ed40000000b75d0fed4
00000ed80000000000000000
00000edc0000000000000000
00000ee00000000e00000e28
00000ee40000000000000000
00000ee80000001d00000000
00000eec0000000000000000
00000ef00000001228000000
00000ef40000000fa179eef4
00000ef80000000100000efc
00000f000000000a00000efc
00000f040000000100000f08
00000f140000000b00000f08
00000f180000000100000f1c
00000f280000001401000000
00000f2c0000000000000000
00000f1c0000000900000000
00000f200000000100000f08
00000f240000000000000000
00000f0800000005fffff800
00000f0c0000000100000efc
00000f100000000000000000
00000efc0000000000000000
00000f300000001200000000
00000f340000000100000000
00000f380000000a00000efc
00000f3c0000001200000001
00000f400000000500000800
00000f440000001100000000
00000f480000000a000015eb
00000f4c0000001700000000
00000f500000001200000dec
00000f540000000000000000
00000f580000000000000000
00000f5c0000000f010003a0
00000f600000001c00000003
00000f640000001a00000001
00000f680000001a00000008
00000f6c0000001b00000f6c
00000f700000001b00000f74
00000f740000000000000000
00000f800000001900000153
00000f840000000000000000
00000f880000001c00000002
00000f8c0000000000000000
00000f640000001a00000000
00000f680000001a00000000
00000f6c0000001b00000f6c
00000f700000001b00000f6c
00000f740000000000000000
00000f780000001900000154
00000f7c0000000000000000
00000f880000001c00000001
00000f8c0000000000000000
00000f640000001a00000001
00000f680000001a00000008
00000f6c0000001b00000f6c
00000f700000001b00000f74
00000f740000000000000000
00000f800000001900000157
00000f840000000000000000
00000f880000001c00000000
00000f8c0000000000000000
00000f900000000000000000
00000f940000001500000001
00000f980000000e00000000
00000f9c00000008fa300000
00000fa00000000000000000
00000fa400000009ffffffda
00000fa800000002634b0fa8
00000fac0000001300000000
00000fb00000000b010003a8
00000fb40000001c00000003
00000fb80000001a00000001
00000fbc0000001a00000008
00000fc00000001b00000fc0
00000fc40000001b00000fc8
00000fc80000000100000fcc
00000fd4000000190000015a
00000fd80000000000000000
00000fdc0000001c00000002
00000fe00000000000000000
00000fb80000001a00000000
00000fbc0000001a00000000
00000fc00000001b00000fc0
00000fc40000001b00000fc0
00000fc80000000100000fcc
00000fcc000000190000015b
00000fd00000000000000000
00000fdc0000001c00000001
00000fe00000000000000000
00000fb80000001a00000001
00000fbc0000001a00000008
00000fc00000001b00000fc0
00000fc40000001b00000fc8
00000fc80000000100000fcc
00000fd4000000190000015e
00000fd80000000000000000
00000fdc0000001c00000000
00000fe00000000000000000
00000fe40000001100000001
00000fe80000000000000000
00000fec0000000200000000
00000ff00000001700000000
00000ff40000000300000ded
00000ff80000000400001034
00000ffc0000000200000001
000010000000000200000001
000010040000001d00000006
000010080000000c00fcc000
0000100c00000007c32fe00c
000010100000000000000000
000010140000000a00000001
000010180000000000000000
0000101c0000001d00000005
000010200000000000000000
000010080000000c00fcc000
0000100c00000007c32fe00c
000010100000000000000000
000010140000000a00000001
000010180000000000000000
0000101c0000001d00000004
000010200000000000000000
000010080000000c00fcc000
0000100c00000007c32fe00c
000010100000000000000000
000010140000000a00000001
000010180000000000000000
0000101c0000001d00000003
000010200000000000000000
000010080000000c00fcc000
0000100c00000007c32fe00c
000010100000000000000000
000010140000000a00000001
000010180000000000000000
0000101c0000001d00000002
000010200000000000000000
000010080000000c00fcc000
0000100c00000007c32fe00c
000010100000000000000000
000010140000000a00000001
000010180000000000000000
0000101c0000001d00000001
000010200000000000000000
000010080000000c00fcc000
0000100c00000007c32fe00c
000010100000000000000000
000010140000000a00000001
000010180000000000000000
0000101c0000001d00000000
000010200000000000000000
000010240000000800000001
000010280000001400000001
0000102c0000000b00000001
000010300000000000000000
000010340000000000000000
000010380000000900002001
0000103c0000000300fcc000
000010400000000700000001
000010440000000d00000000
000010480000000000000000
000010580000000f00000000
0000105c0000000400fcc000
000010600000000000000000
000010640000000600000002
000010680000000000000000
0000106c0000000900000008
000010700000000000000000
000010740000000000000000
0000107800000004ffffda00
0000107c0000000700000000
000010800000001400000009
000010840000001600000000
00001088000000010000108c
000010900000000a0000108c
000010940000000100001098
000010a40000000b00001098
000010a800000001000010ac
000010b80000000c000010ac
000010bc00000001000010c0
000010cc0000000d000010c0
000010d000000001000010d4
000010e00000000e000010d4
000010e400000001000010e8
000010f40000000f000010e8
000010f800000001000010fc
0000110800000010000010fc
0000110c0000000100001110
0000111c0000001100001110
000011200000000100001124
000011300000001200001124
000011340000000100001138
000011440000001400000000
000011480000000000000000
000011380000000700000000
0000113c0000000100001124
000011400000000000000000
0000112400000002000010ac
000011280000000100001110
0000112c0000000000000000
000011100000000200000166
0000111400000001000010fc
000011180000000000000000
000010fc0000000900000057
0000110000000001000010e8
000011040000000000000000
000010e80000001600000000
000010ec00000001000010d4
000010f00000000000000000
000010d40000000900000000
000010d800000001000010c0
000010dc0000000000000000
000010c00000001700000000
000010c400000001000010ac
000010c80000000000000000
000010ac0000001600000001
000010b00000000100001098
000010b40000000000000000
000010980000001400002201
0000109c000000010000108c
000010a00000000000000000
0000108c0000000000000000
0000114c0000000267949000
000011500000000b00000000
000011540000001400000000
000011580000001100000000
0000115c0000001400001eec
000011600000001500002200
00001164000000140000125b
000011680000000000000000
0000116c0000000000000000
000011700000000a00001124
000011740000000400000000
000011780000001d00000002
0000117c0000000d00000001
000011800000001700000000
000011840000000c00000000
000011880000000000000000
0000118c0000000300002200
000011900000001d00000001
000011940000000000000000
0000117c0000000d00000001
000011800000001700000000
000011840000000c00000000
000011880000000000000000
0000118c0000000300002200
000011900000001d00000000
000011940000000000000000
00001198000000010000119c
000011a00000000a0000119c
000011a400000001000011a8
000011b40000000b000011a8
000011b800000001000011bc
000011c800000006fffff800
000011cc0000000000000000
000011bc0000000500000000
000011c000000001000011a8
000011c40000000000000000
000011a800000003721d1000
000011ac000000010000119c
000011b00000000000000000
0000119c0000000000000000
000011d00000001500000001
000011d40000000a000010d2
000011d800000001000011dc
000011e00000000a000011dc
000011e400000001000011e8
000011f40000000b000011e8
000011f800000001000011fc
000012080000000c000011fc
0000120c0000000100001210
0000121c00000006ffffffff
000012200000000000000000
0000121000000002000043a0
0000121400000001000011fc
000012180000000000000000
000011fc0000001400000000
0000120000000001000011e8
000012040000000000000000
000011e800000009fffff8e8
000011ec00000001000011dc
000011f00000000000000000
000011dc0000000000000000
000012240000000000000000
00001228000000120000119c
0000122c0000001200000034
000012300000000f00002201
000012340000000000000000
000012380000000e00002201
0000123c00000013d92f923c
000012400000000000000000
000012500000000500000001
000012540000000100001258
0000125c0000000a00001258
000012600000000100001264
000012700000000b00001264
000012740000000100001278
000012840000000c00001278
00001288000000010000128c
0000129800000017ffffbb99
0000129c0000000000000000
0000128c00000016000012af
000012900000000100001278
000012940000000000000000
0000127800000017ffffd6e7
0000127c0000000100001264
000012800000000000000000
000012640000001400000000
000012680000000100001258
0000126c0000000000000000
000012580000000000000000
000012a000000012000012af
000012a40000000000000000
000012a800000016000043a0
000012ac0000000600000001
000012b00000001d00000006
000012b40000000a000007ff
000012b80000000000000000
000012bc0000000000000000
000012c00000000f01000000
000012c40000001d00000005
000012c80000000000000000
000012b40000000a000007ff
000012b80000000000000000
000012bc0000000000000000
000012c00000000f01000000
000012c40000001d00000004
000012c80000000000000000
000012b40000000a000007ff
000012b80000000000000000
000012bc0000000000000000
000012c00000000f01000000
000012c40000001d00000003
000012c80000000000000000
000012b40000000a000007ff
000012b80000000000000000
000012bc0000000000000000
000012c00000000f01000000
000012c40000001d00000002
000012c80000000000000000
000012b40000000a000007ff
000012b80000000000000000
000012bc0000000000000000
000012c00000000f01000000
000012c40000001d00000001
000012c80000000000000000
000012b40000000a000007ff
000012b80000000000000000
000012bc0000000000000000
000012c00000000f01000000
000012c40000001d00000000
000012c80000000000000000
000012cc0000000dfffff801
000012d00000000000000000
000012d400000011000006c9
000012d800000011fffff7f9
000012dc0000000000000000
000012e40000000100000000
000012e80000000000000000
000012ec0000001600000000
000012f00000000f000024c8
000012f40000000700000001
000012f800000016ffffe848
000012fc0000000000000000
000013000000000100001304
000013080000000a00001304
0000130c0000000100001310
0000131c0000000b00001310
000013200000000100001324
000013300000000c00001324
000013340000000100001338
000013440000000d00001338
00001348000000010000134c
000013580000000e0000134c
0000135c0000000100001360
0000136c0000000f00001360
000013700000000100001374
000013800000001000001374
000013840000000100001388
000013940000001100001388
00001398000000010000139c
000013a8000000120000139c
000013ac00000001000013b0
000013bc00000013000013b0
000013c000000001000013c4
000013d00000001700000000
000013d40000000000000000
000013c40000000800001375
000013c800000001000013b0
000013cc0000000000000000
000013b000000004e7084000
000013b4000000010000139c
000013b80000000000000000
0000139c000000150000139d
000013a00000000100001388
000013a40000000000000000
000013880000000000000000
0000138c0000000100001374
000013900000000000000000
000013740000000600000000
000013780000000100001360
0000137c0000000000000000
000013600000001400000001
00001364000000010000134c
000013680000000000000000
0000134c0000001700000000
000013500000000100001338
000013540000000000000000
000013380000000800000001
0000133c0000000100001324
000013400000000000000000
00001324000000040000339c
000013280000000100001310
0000132c0000000000000000
0000131000000005fffff800
000013140000000100001304
000013180000000000000000
000013040000000000000000
000013d800000001000013dc
000013e00000000a000013dc
000013e400000001000013e8
000013f40000000b000013e8
000013f800000001000013fc
000014080000000c000013fc
0000140c0000000100001410
0000141c0000000d00001410
000014200000000100001424
000014300000000e00001424
000014340000000100001438
000014440000000f00001438
00001448000000010000144c
000014580000001700000000
0000145c0000000000000000
0000144c0000001500000000
000014500000000100001438
000014540000000000000000
0000143800000008000007ff
0000143c0000000100001424
000014400000000000000000
000014240000000000000000
000014280000000100001410
0000142c0000000000000000
000014100000000300000000
0000141400000001000013fc
000014180000000000000000
000013fc000000040000339d
0000140000000001000013e8
000014040000000000000000
000013e80000000000000000
000013ec00000001000013dc
000013f00000000000000000
000013dc0000000000000000
000014600000001c00000004
000014640000001a00000000
000014680000001a00000000
0000146c0000001b0000146c
000014700000001b0000146c
000014740000000000000000
00001478000000190000015f
0000147c0000000000000000
000014880000001c00000003
0000148c0000000000000000
000014640000001a00000001
000014680000001a00000008
0000146c0000001b0000146c
000014700000001b00001474
000014740000000000000000
000014800000001900000162
000014840000000000000000
000014880000001c00000002
0000148c0000000000000000
000014640000001a00000000
000014680000001a00000000
0000146c0000001b0000146c
000014700000001b0000146c
000014740000000000000000
000014780000001900000163
0000147c0000000000000000
000014880000001c00000001
0000148c0000000000000000
000014640000001a00000001
000014680000001a00000008
0000146c0000001b0000146c
000014700000001b00001474
000014740000000000000000
000014800000001900000166
000014840000000000000000
000014880000001c00000000
0000148c0000000000000000
000014900000001d00000003
000014940000001608c7f494
000014980000000300002000
0000149c0000001300001438
000014a00000000c00000000
000014a40000000ffffffcea
000014a80000000901438000
000014ac0000001d00000002
000014b00000000000000000
000014940000001608c7f494
000014980000000300002000
0000149c00000013fffffcea
000014a00000000c00000000
000014a40000000ffffffcea
000014a800000009ffcea000
000014ac0000001d00000001
000014b00000000000000000
000014940000001608c7f494
000014980000000300002000
0000149c00000013fffffcea
000014a00000000c00000000
000014a40000000ffffffcea
000014a800000009ffcea000
000014ac0000001d00000000
000014b00000000000000000
000014b400000013000017ff
000014b80000001d00000004
000014bc00000013ffffffff
000014c00000001d00000003
000014c40000000000000000
000014bc00000013ffffffff
000014c00000001d00000002
000014c40000000000000000
000014bc00000013ffffffff
000014c00000001d00000001
000014c40000000000000000
000014bc00000013ffffffff
000014c00000001d00000000
000014c40000000000000000
000014c80000001c00000005
000014cc0000001a00000001
000014d00000001a00000008
000014d40000001b000014d4
000014d80000001b000014dc
000014dc0000000000000000
000014e80000001900000169
000014ec0000000000000000
000014f00000001c00000004
000014f40000000000000000
000014cc0000001a00000000
000014d00000001a00000000
000014d40000001b000014d4
000014d80000001b000014d4
000014dc0000000000000000
000014e0000000190000016a
000014e40000000000000000
000014f00000001c00000003
000014f40000000000000000
000014cc0000001a00000001
000014d00000001a00000008
000014d40000001b000014d4
000014d80000001b000014dc
000014dc0000000000000000
000014e8000000190000016d
000014ec0000000000000000
000014f00000001c00000002
000014f40000000000000000
000014cc0000001a00000000
000014d00000001a00000000
000014d40000001b000014d4
000014d80000001b000014d4
000014dc0000000000000000
000014e0000000190000016e
000014e40000000000000000
000014f00000001c00000001
000014f40000000000000000
000014cc0000001a00000001
000014d00000001a00000008
000014d40000001b000014d4
000014d80000001b000014dc
000014dc0000000000000000
000014e80000001900000171
000014ec0000000000000000
000014f00000001c00000000
000014f40000000000000000
000014f80000001c00000003
000014fc0000001a00000001
000015000000001a00000008
000015040000001b00001504
000015080000001b0000150c
0000150c0000000000000000
000015180000001900000174
0000151c0000000000000000
000015200000001c00000002
000015240000000000000000
000014fc0000001a00000000
000015000000001a00000000
000015040000001b00001504
000015080000001b00001504
0000150c0000000000000000
000015100000001900000175
000015140000000000000000
000015200000001c00000001
000015240000000000000000
000014fc0000001a00000001
000015000000001a00000008
000015040000001b00001504
000015080000001b0000150c
0000150c0000000000000000
000015180000001900000178
0000151c0000000000000000
000015200000001c00000000
000015240000000000000000
000015280000000000000000
0000153800000011000013e8
0000153c0000000d008c0000
000015400000000100000000
000015440000001400000000
000015480000001400000003
0000154c000000110000122b
000015500000000900000001
000015540000001500000000
000015580000001400000000
0000155c0000000000000000
000015600000000500000000
000015640000000000000000
0000156c0000001c00000003
000015700000001a00000001
000015740000001a00000008
000015780000001b00001578
0000157c0000001b00001580
000015800000000100001584
0000158c000000190000017b
000015900000000000000000
000015940000001c00000002
000015980000000000000000
000015700000001a00000000
000015740000001a00000000
000015780000001b00001578
0000157c0000001b00001578
000015800000000100001584
00001584000000190000017c
000015880000000000000000
000015940000001c00000001
000015980000000000000000
000015700000001a00000001
000015740000001a00000008
000015780000001b00001578
0000157c0000001b00001580
000015800000000100001584
0000158c000000190000017f
000015900000000000000000
000015940000001c00000000
000015980000000000000000
0000159c0000001d00000004
000015a00000000700000000
000015a40000001d00000003
000015a80000000000000000
000015a00000000700000001
000015a40000001d00000002
000015a80000000000000000
000015a00000000700000000
000015a40000001d00000001
000015a80000000000000000
000015a00000000700000001
000015a40000001d00000000
000015a80000000000000000
000015ac0000001d00000002
000015b00000000bfffffa15
000015b40000001d00000001
000015b80000000000000000
000015b00000000bfffffa15
000015b40000001d00000000
000015b80000000000000000
000015bc0000000400000000
000015c00000001500000000
000015c40000001500000000
000015c800000001000015cc
000015d00000000a000015cc
000015d400000001000015d8
000015e40000000b000015d8
000015e800000001000015ec
000015f80000000c000015ec
000015fc0000000100001600
0000160c0000000d00001600
000016100000000100001614
000016200000000e00001614
000016240000000100001628
000016340000000f00001628
00001638000000010000163c
00001648000000100000163c
0000164c0000000100001650
0000165c0000001100001650
000016600000000100001664
000016700000001200001664
000016740000000100001678
000016840000001600000001
000016880000000000000000
000016780000000600003414
0000167c0000000100001664
000016800000000000000000
0000166400000009000077b4
000016680000000100001650
0000166c0000000000000000
000016500000001600000080
00001654000000010000163c
000016580000000000000000
0000163c00000005000077b4
000016400000000100001628
000016440000000000000000
000016280000000500000000
0000162c0000000100001614
000016300000000000000000
000016140000001400000000
000016180000000100001600
0000161c0000000000000000
000016000000000400000000
0000160400000001000015ec
000016080000000000000000
000015ec000000170000157f
000015f000000001000015d8
000015f40000000000000000
000015d800000003ffffd83c
000015dc00000001000015cc
000015e00000000000000000
000015cc0000000000000000
0000168c0000000f00000000
000016900000001c00000003
000016940000001a00000001
000016980000001a00000008
0000169c0000001b0000169c
000016a00000001b000016a4
000016a40000000000000000
000016b00000001900000182
000016b40000000000000000
000016b80000001c00000002
000016bc0000000000000000
000016940000001a00000000
000016980000001a00000000
0000169c0000001b0000169c
000016a00000001b0000169c
000016a40000000000000000
000016a80000001900000183
000016ac0000000000000000
000016b80000001c00000001
000016bc0000000000000000
000016940000001a00000001
000016980000001a00000008
0000169c0000001b0000169c
000016a00000001b000016a4
000016a40000000000000000
000016b00000001900000186
000016b40000000000000000
000016b80000001c00000000
000016bc0000000000000000
000016c00000000000000000
000016d00000001400000001
000016d40000000a00000001
000016d80000000100000001
000016dc0000000000000000
000016e00000000200000000
000016e40000000440000000
000016e8000000177534c000
000016ec0000000000000000
000016f00000000a00002bb0
000016f40000000000000000
000016f800000009cecb1000
000016fc0000000623b776fc
000017000000000b00000017
000017040000000100001708
0000170c0000000300000000
000017100000000000000000
000017080000000000000000
000017140000001700000080
00001718000000135ec00000
0000171c00000014fffff800
000017200000001600000000
0000172400000010aefd6724
00001728000000010000172c
000017300000000a0000172c
000017340000000100001738
000017440000000b00001738
00001748000000010000174c
000017580000000c0000174c
0000175c0000000100001760
0000176c0000000d00001760
000017700000000100001774
000017800000000e00001774
000017840000000100001788
000017940000000f00001788
00001798000000010000179c
000017a8000000100000179c
000017ac00000001000017b0
000017bc00000011000017b0
000017c000000001000017c4
000017d000000012000017c4
000017d400000001000017d8
000017e400000014cecb1000
000017e80000000000000000
000017d80000000300000001
000017dc00000001000017c4
000017e00000000000000000
000017c40000000600000000
000017c800000001000017b0
000017cc0000000000000000
000017b000000009ffffffb0
000017b4000000010000179c
000017b80000000000000000
0000179c0000001700000000
000017a00000000100001788
000017a40000000000000000
000017880000000000000000
0000178c0000000100001774
000017900000000000000000
000017740000000800002000
000017780000000100001760
0000177c0000000000000000
000017600000001700000000
00001764000000010000174c
000017680000000000000000
0000174c000000165ec00000
000017500000000100001738
000017540000000000000000
00001738000000060000174d
0000173c000000010000172c
000017400000000000000000
0000172c0000000000000000
000017ec0000001800000000
000017f00000000000000000
000017f80000000000000000
