000000000000001f00002000
000000040000001e00002000
000000080000001e00002200
0000000c000000017687a000
00000010000000017687a66e
00000014000000029cfbb000
00000018000000029cfbac6e
0000001c000000035f916000
00000020000000035f915ef0
00000024000000044462f000
00000028000000044462ebfc
0000002c0000000523775000
0000003000000005237751aa
00000034000000062fa73000
00000038000000062fa73207
0000003c00000007ddd70000
0000004000000007ddd6ff55
0000004400000008ad388000
0000004800000008ad38835e
0000004c0000000901a5c000
000000500000000901a5ba50
000000540000000a569c8000
000000580000000a569c8036
0000005c0000000b80b65000
000000600000000b80b65386
000000640000000c76b67000
000000680000000c76b67451
0000006c0000000de5f6e000
000000700000000de5f6db1d
000000740000000e9acd9000
000000780000000e9acd8acd
0000007c0000000f14b04000
000000800000000f14b044d7
00000084000000105582a000
0000008800000010558298e2
0000008c000000118de4b000
00000090000000118de4ab47
0000009400000012efb70000
0000009800000012efb6fbfe
0000009c000000139ddcc000
000000a0000000139ddcc6f8
000000a400000014b339a000
000000a800000014b339a476
000000ac000000150a782000
000000b0000000150a78250f
000000b400000016ba6ad000
000000b800000016ba6ace6c
000000bc0000001761077000
000000c00000001761076dc3
000000c40000001800000002
000000c80000000fa9637fca
000000cc00000013e323b0cc
000000d00000000a6bf82000
000000d400000001000000d8
000000dc0000000a000000d8
000000e000000001000000e4
000000f00000000b000000e4
000000f400000001000000f8
000001040000000c000000f8
00000108000000010000010c
000001180000000d0000010c
0000011c0000000100000120
0000012c0000001400000000
000001300000000000000000
000001200000000500000000
00000124000000010000010c
000001280000000000000000
0000010c00000015329a8000
0000011000000001000000f8
000001140000000000000000
000000f80000000200000000
000000fc00000001000000e4
000001000000000000000000
000000e400000005721b54b9
000000e800000001000000d8
000000ec0000000000000000
000000d80000000000000000
000001340000000000000000
000001380000000200000000
0000013c0000000000000000
000001400000000000000000
0000014400000017a9637fca
000001480000001c00000005
0000014c0000001a00000001
000001500000001a00000008
000001540000001b00000154
000001580000001b0000015c
0000015c0000000000000000
000001680000001900000003
0000016c0000000000000000
000001700000001c00000004
000001740000000000000000
0000014c0000001a00000000
000001500000001a00000000
000001540000001b00000154
000001580000001b00000154
0000015c0000000000000000
000001600000001900000004
000001640000000000000000
000001700000001c00000003
000001740000000000000000
0000014c0000001a00000001
000001500000001a00000008
000001540000001b00000154
000001580000001b0000015c
0000015c0000000000000000
000001680000001900000007
0000016c0000000000000000
000001700000001c00000002
000001740000000000000000
0000014c0000001a00000000
000001500000001a00000000
000001540000001b00000154
000001580000001b00000154
0000015c0000000000000000
000001600000001900000008
000001640000000000000000
000001700000001c00000001
000001740000000000000000
0000014c0000001a00000001
000001500000001a00000008
000001540000001b00000154
000001580000001b0000015c
0000015c0000000000000000
00000168000000190000000b
0000016c0000000000000000
000001700000001c00000000
000001740000000000000000
00000178000000010000017c
000001800000000a0000017c
000001840000000100000188
000001940000001554267194
000001980000000000000000
000001880000001500000000
0000018c000000010000017c
000001900000000000000000
0000017c0000000000000000
0000019c0000000400000008
000001a0000000115f915ffc
000001a40000001700000000
000001a80000001200000001
000001ac0000000000000000
000001b00000000000000000
000001b40000000300000001
000001b800000012fffffffd
000001bc0000000200000000
000001c00000000800000000
000001c40000001200000000
000001c80000000900000009
000001cc0000001500000001
000001d00000001d00000002
000001d40000000400002002
000001d80000001d00000001
000001dc0000000000000000
000001d40000000400002001
000001d80000001d00000000
000001dc0000000000000000
000001e00000000f00000000
000001e40000000000000000
000001e80000001300000001
000001ec000000010000066c
000001f00000001d00000004
000001f40000000300000000
000001f80000001000000000
000001fc00000004ddd6ff55
000002000000001d00000003
000002040000000000000000
000001f40000000300000000
000001f80000001000000000
000001fc00000004ddd6ff55
000002000000001d00000002
000002040000000000000000
000001f40000000300000000
000001f80000001000000000
000001fc00000004ddd6ff55
000002000000001d00000001
000002040000000000000000
000001f40000000300000000
000001f80000001000000000
000001fc00000004ddd6ff55
000002000000001d00000000
000002040000000000000000
000002080000000100000000
0000020c00000009000000f9
000002100000001d00000004
000002140000000900000000
000002180000001d00000003
0000021c0000000000000000
000002140000000900000000
000002180000001d00000002
0000021c0000000000000000
000002140000000900000000
000002180000001d00000001
0000021c0000000000000000
000002140000000900000000
000002180000001d00000000
0000021c0000000000000000
0000022000000002e6d91220
000002240000000100000001
0000022800000014fffff800
0000022c0000000a00000000
000002300000000d00000000
000002340000000000000000
0000023800000012ddd6ff55
0000023c0000000bd058cc97
000002400000000b00000001
000002440000000000000000
0000024800000011ba6ace6c
0000024c0000000700000001
000002500000000affffffff
000002540000000a00000001
00000258000000165d356736
0000025c0000001600000000
000002600000001d00000003
000002640000000e00000000
000002680000000c00000000
0000026c0000001d00000002
000002700000000000000000
000002640000000e00000000
000002680000000c00000000
0000026c0000001d00000001
000002700000000000000000
000002640000000e00000000
000002680000000c00000000
0000026c0000001d00000000
000002700000000000000000
000002740000000c00000000
000002780000001d00000005
0000027c0000000600000000
000002800000001700000001
000002840000000b0000000b
000002880000000000000000
0000028c0000001500000000
000002900000001d00000004
000002940000000000000000
0000027c0000000600000000
000002800000001700000000
000002840000000b0000000b
000002880000000000000000
0000028c0000001500000000
000002900000001d00000003
000002940000000000000000
0000027c0000000600000000
000002800000001700000000
000002840000000b0000000b
000002880000000000000000
0000028c0000001500000000
000002900000001d00000002
000002940000000000000000
0000027c0000000600000000
000002800000001700000000
000002840000000b0000000b
000002880000000000000000
0000028c0000001500000000
000002900000001d00000001
000002940000000000000000
0000027c0000000600000000
000002800000001700000000
000002840000000b0000000b
000002880000000000000000
0000028c0000001500000000
000002900000001d00000000
000002940000000000000000
000002980000000600000001
0000029c0000001d00000002
000002a000000012a58f8000
000002a40000000000000000
000002a80000000f00000000
000002ac0000001d00000001
000002b00000000000000000
000002a000000012a58f8000
000002a40000000000000000
000002a80000000f00000000
000002ac0000001d00000000
000002b00000000000000000
000002b40000001500000000
000002b800000001000002bc
000002c00000000a000002bc
000002c400000001000002c8
000002d40000000b000002c8
000002d800000001000002dc
000002e80000000c000002dc
000002ec00000001000002f0
000002fc0000000d000002f0
000003000000000100000304
000003100000000e00000304
000003140000000100000318
000003240000000f00000318
00000328000000010000032c
00000338000000100000032c
0000033c0000000100000340
0000034c0000001100000340
000003500000000100000354
000003600000000700000000
000003640000000000000000
000003540000000800000000
000003580000000100000340
0000035c0000000000000000
0000034000000006885c2340
00000344000000010000032c
000003480000000000000000
0000032c0000001400000008
000003300000000100000318
000003340000000000000000
000003180000001400000001
0000031c0000000100000304
000003200000000000000000
000003040000001700000001
0000030800000001000002f0
0000030c0000000000000000
000002f000000007ddd6ff55
000002f400000001000002dc
000002f80000000000000000
000002dc0000000300000000
000002e000000001000002c8
000002e40000000000000000
000002c80000001635bb6000
000002cc00000001000002bc
000002d00000000000000000
000002bc0000000000000000
0000036800000006a4fec368
0000036c00000010fffffabc
000003700000000000000000
000003740000000600000000
000003780000001700000144
0000037c0000000400000000
000003800000001700000537
0000038400000006000002dc
000003880000000f00000000
0000038c0000001200000000
000003900000001700000000
000003940000001d00000004
000003980000000900000000
0000039c0000000600000000
000003a00000001d00000003
000003a40000000000000000
000003980000000900000000
0000039c0000000600000000
000003a00000001d00000002
000003a40000000000000000
000003980000000900000000
0000039c0000000600000000
000003a00000001d00000001
000003a40000000000000000
000003980000000900000000
0000039c0000000600000000
000003a00000001d00000000
000003a40000000000000000
000003a80000000400000001
000003ac0000000d00000000
000003b00000000000000000
000003b40000001600000000
000003b80000001d00000005
000003bc0000000300000000
000003c00000000900000001
000003c40000001d00000004
000003c80000000000000000
000003bc0000000300000000
000003c00000000900000001
000003c40000001d00000003
000003c80000000000000000
000003bc0000000300000000
000003c00000000900000001
000003c40000001d00000002
000003c80000000000000000
000003bc0000000300000000
000003c00000000900000001
000003c40000001d00000001
000003c80000000000000000
000003bc0000000300000000
000003c00000000900000001
000003c40000001d00000000
000003c80000000000000000
000003cc00000007ffffffff
000003d000000005000002c8
000003d40000001400000000
000003d800000008fffffd38
000003dc0000000c00000303
000003e00000000000000000
000003e40000000afffffbea
000003e80000000800000001
000003ec0000000d00000752
000003f00000000900000001
000003f40000000400000000
000003f800000001000003fc
000004000000000a000003fc
000004040000000100000408
000004140000000b00000408
00000418000000010000041c
000004280000001700002200
0000042c0000000000000000
0000041c00000017000002c8
000004200000000100000408
000004240000000000000000
000004080000001400000000
0000040c00000001000003fc
000004100000000000000000
000003fc0000000000000000
000004300000001c00000004
000004340000001a00000000
000004380000001a00000000
0000043c0000001b0000043c
000004400000001b0000043c
000004440000000100000448
00000448000000190000000c
0000044c0000000000000000
000004580000001c00000003
0000045c0000000000000000
000004340000001a00000001
000004380000001a00000008
0000043c0000001b0000043c
000004400000001b00000444
000004440000000100000448
00000450000000190000000f
000004540000000000000000
000004580000001c00000002
0000045c0000000000000000
000004340000001a00000000
000004380000001a00000000
0000043c0000001b0000043c
000004400000001b0000043c
000004440000000100000448
000004480000001900000010
0000044c0000000000000000
000004580000001c00000001
0000045c0000000000000000
000004340000001a00000001
000004380000001a00000008
0000043c0000001b0000043c
000004400000001b00000444
000004440000000100000448
000004500000001900000013
000004540000000000000000
000004580000001c00000000
0000045c0000000000000000
000004600000000e1d480000
000004640000000200000378
000004680000001d00000005
0000046c000000097ffffd5e
000004700000000000000000
000004740000000e00000000
000004780000001500000005
0000047c0000001300002000
000004800000001d00000004
000004840000000000000000
0000046c0000000900000003
000004700000000000000000
000004740000000e00000000
000004780000001500000004
0000047c0000001300002000
000004800000001d00000003
000004840000000000000000
0000046c000000091fffff57
000004700000000000000000
000004740000000e00000000
000004780000001500000003
0000047c0000001300002000
000004800000001d00000002
000004840000000000000000
0000046c00000009000001ff
000004700000000000000000
000004740000000e00000000
000004780000001500000002
0000047c0000001300002000
000004800000001d00000001
000004840000000000000000
0000046c0000000900000001
000004700000000000000000
000004740000000e00000000
000004780000001500000001
0000047c0000001300002000
000004800000001d00000000
000004840000000000000000
000004880000001300000000
0000048c00000006fffffc54
000004900000001c00000003
000004940000001a00000001
000004980000001a00000008
0000049c0000001b0000049c
000004a00000001b000004a4
000004a400000001000004a8
000004b00000001900000016
000004b40000000000000000
000004b80000001c00000002
000004bc0000000000000000
000004940000001a00000000
000004980000001a00000000
0000049c0000001b0000049c
000004a00000001b0000049c
000004a400000001000004a8
000004a80000001900000017
000004ac0000000000000000
000004b80000001c00000001
000004bc0000000000000000
000004940000001a00000001
000004980000001a00000008
0000049c0000001b0000049c
000004a00000001b000004a4
000004a400000001000004a8
000004b0000000190000001a
000004b40000000000000000
000004b80000001c00000000
000004bc0000000000000000
000004c00000000900000000
000004c40000000d00000000
000004c800000001000004cc
000004d00000000000000000
000004d40000000000000000
000004cc0000000000000000
000004d80000000000000000
000004dc0000000000000000
000004e00000000700000001
000004e40000000200000200
000004e80000000000000000
000004f000000001000004f4
000004f80000000a000004f4
000004fc0000000100000500
0000050c0000000b00000500
000005100000000100000514
000005200000000c00000514
000005240000000100000528
000005340000000d00000528
00000538000000010000053c
000005480000000e0000053c
0000054c0000000100000550
0000055c0000000f00000550
000005600000000100000564
000005700000000500000000
000005740000000000000000
000005640000000600000001
000005680000000100000550
0000056c0000000000000000
000005500000000000000000
00000554000000010000053c
000005580000000000000000
0000053c0000000700000000
000005400000000100000528
000005440000000000000000
000005280000000200000514
0000052c0000000100000514
000005300000000000000000
000005140000001700000000
000005180000000100000500
0000051c0000000000000000
000005000000000400000000
0000050400000001000004f4
000005080000000000000000
000004f40000000000000000
0000057800000006d4a2e000
0000057c000000070001a945
000005800000000c00000001
000005840000000100000588
0000058c0000000500000522
000005900000000000000000
000005880000000000000000
000005940000000200000000
000005980000001d00000002
0000059c0000000100000000
000005a00000001d00000001
000005a40000000000000000
0000059c0000000100000000
000005a00000001d00000000
000005a40000000000000000
000005a800000008a445e000
000005ac0000000400000000
000005b00000001300000000
000005b40000000000000000
000005b80000000700000001
000005bc0000000000000000
000005c00000000300000000
000005c40000001700020000
000005c800000001000005cc
000005d0000000151f11c000
000005d40000000000000000
000005cc0000000000000000
000005d80000001300000001
000005dc00000010000007ff
000005e00000000000000000
000005e40000001c00000005
000005e80000001a00000001
000005ec0000001a00000008
000005f00000001b000005f0
000005f40000001b000005f8
000005f80000000000000000
00000604000000190000001d
000006080000000000000000
0000060c0000001c00000004
000006100000000000000000
000005e80000001a00000000
000005ec0000001a00000000
000005f00000001b000005f0
000005f40000001b000005f0
000005f80000000000000000
000005fc000000190000001e
000006000000000000000000
0000060c0000001c00000003
000006100000000000000000
000005e80000001a00000001
000005ec0000001a00000008
000005f00000001b000005f0
000005f40000001b000005f8
000005f80000000000000000
000006040000001900000021
000006080000000000000000
0000060c0000001c00000002
000006100000000000000000
000005e80000001a00000000
000005ec0000001a00000000
000005f00000001b000005f0
000005f40000001b000005f0
000005f80000000000000000
000005fc0000001900000022
000006000000000000000000
0000060c0000001c00000001
000006100000000000000000
000005e80000001a00000001
000005ec0000001a00000008
000005f00000001b000005f0
000005f40000001b000005f8
000005f80000000000000000
000006040000001900000025
000006080000000000000000
0000060c0000001c00000000
000006100000000000000000
000006140000001000000000
00000618000000066daaa000
0000061c00000008c4a5d000
000006200000000ef5927620
000006240000000000000000
000006280000001300000000
0000062c0000000500000000
000006300000000100000634
000006380000000a00000634
0000063c0000000100000640
0000064c0000000b00000640
000006500000000100000654
000006600000000c00000654
000006640000000100000668
000006740000000d00000668
00000678000000010000067c
000006880000000e0000067c
0000068c0000000100000690
0000069c0000000f00000690
000006a000000001000006a4
000006b000000010000006a4
000006b400000001000006b8
000006c400000011000006b8
000006c800000001000006cc
000006d800000012000006cc
000006dc00000001000006e0
000006ec00000013000006e0
000006f000000001000006f4
000007000000000300000000
000007040000000000000000
000006f40000000600000000
000006f800000001000006e0
000006fc0000000000000000
000006e00000000000000000
000006e400000001000006cc
000006e80000000000000000
000006cc0000000500000000
000006d000000001000006b8
000006d40000000000000000
000006b80000000700000002
000006bc00000001000006a4
000006c00000000000000000
000006a40000001600000025
000006a80000000100000690
000006ac0000000000000000
000006900000000000000000
00000694000000010000067c
000006980000000000000000
0000067c0000001700000000
000006800000000100000668
000006840000000000000000
000006680000000800000001
0000066c0000000100000654
000006700000000000000000
000006540000000600000001
000006580000000100000640
0000065c0000000000000000
000006400000000400000000
000006440000000100000634
000006480000000000000000
000006340000000000000000
0000070800000005fffff800
0000070c0000001d00000003
000007100000000f00000001
000007140000000000000000
000007180000000e00000025
0000071c00000016fffff800
000007200000000300000000
000007240000001d00000002
000007280000000000000000
000007100000000f00000001
000007140000000000000000
000007180000000e00000025
0000071c00000016fffff800
000007200000000300000000
000007240000001d00000001
000007280000000000000000
000007100000000f00000001
000007140000000000000000
000007180000000e00000025
0000071c00000016fffff800
000007200000000300000000
000007240000001d00000000
000007280000000000000000
0000072c000000141a9c9000
000007300000000200000025
000007340000001300000000
000007380000000f00000000
0000073c0000000000000000
000007400000000000000000
000007440000000b1f11c000
000007480000001c00000003
0000074c0000001a00000001
000007500000001a00000008
000007540000001b00000754
000007580000001b0000075c
0000075c0000000000000000
000007680000001900000028
0000076c0000000000000000
000007700000001c00000002
000007740000000000000000
0000074c0000001a00000000
000007500000001a00000000
000007540000001b00000754
000007580000001b00000754
0000075c0000000000000000
000007600000001900000029
000007640000000000000000
000007700000001c00000001
000007740000000000000000
0000074c0000001a00000001
000007500000001a00000008
000007540000001b00000754
000007580000001b0000075c
0000075c0000000000000000
00000768000000190000002c
0000076c0000000000000000
000007700000001c00000000
000007740000000000000000
000007780000000a6b52c000
0000077c0000000858000000
000007800000000100000784
000007880000000a00000784
0000078c0000000100000790
0000079c0000000b00000790
000007a000000001000007a4
000007b00000000c000007a4
000007b400000001000007b8
000007c40000000d000007b8
000007c800000001000007cc
000007d80000000e000007cc
000007dc00000001000007e0
000007ec0000000f000007e0
000007f000000001000007f4
0000080000000010000007f4
000008040000000100000808
000008140000001100000808
00000818000000010000081c
000008280000000000000000
0000082c0000000000000000
0000081c0000001700000000
000008200000000100000808
000008240000000000000000
000008080000000800004040
0000080c00000001000007f4
000008100000000000000000
000007f40000000400000000
000007f800000001000007e0
000007fc0000000000000000
000007e00000001700000000
000007e400000001000007cc
000007e80000000000000000
000007cc0000000400000000
000007d000000001000007b8
000007d40000000000000000
000007b80000000000000000
000007bc00000001000007a4
000007c00000000000000000
000007a4000000171a0eb000
000007a80000000100000790
000007ac0000000000000000
000007900000000800000000
000007940000000100000784
000007980000000000000000
000007840000000000000000
000008300000000000000000
00000834000000154dc44000
000008380000000800000000
0000083c00000004fffff979
000008400000001000000000
000008440000000f000007e1
000008480000001c00000005
0000084c0000001a00000001
000008500000001a00000008
000008540000001b00000854
000008580000001b0000085c
0000085c0000000100000860
00000868000000190000002f
0000086c0000000000000000
000008700000001c00000004
000008740000000000000000
0000084c0000001a00000000
000008500000001a00000000
000008540000001b00000854
000008580000001b00000854
0000085c0000000100000860
000008600000001900000030
000008640000000000000000
000008700000001c00000003
000008740000000000000000
0000084c0000001a00000001
000008500000001a00000008
000008540000001b00000854
000008580000001b0000085c
0000085c0000000100000860
000008680000001900000033
0000086c0000000000000000
000008700000001c00000002
000008740000000000000000
0000084c0000001a00000000
000008500000001a00000000
000008540000001b00000854
000008580000001b00000854
0000085c0000000100000860
000008600000001900000034
000008640000000000000000
000008700000001c00000001
000008740000000000000000
0000084c0000001a00000001
000008500000001a00000008
000008540000001b00000854
000008580000001b0000085c
0000085c0000000100000860
000008680000001900000037
0000086c0000000000000000
000008700000001c00000000
000008740000000000000000
000008780000000000000000
000008840000001c00000004
000008880000001a00000000
0000088c0000001a00000000
000008900000001b00000890
000008940000001b00000890
00000898000000010000089c
0000089c0000001900000038
000008a00000000000000000
000008ac0000001c00000003
000008b00000000000000000
000008880000001a00000001
0000088c0000001a00000008
000008900000001b00000890
000008940000001b00000898
00000898000000010000089c
000008a4000000190000003b
000008a80000000000000000
000008ac0000001c00000002
000008b00000000000000000
000008880000001a00000000
0000088c0000001a00000000
000008900000001b00000890
000008940000001b00000890
00000898000000010000089c
0000089c000000190000003c
000008a00000000000000000
000008ac0000001c00000001
000008b00000000000000000
000008880000001a00000001
0000088c0000001a00000008
000008900000001b00000890
000008940000001b00000898
00000898000000010000089c
000008a4000000190000003f
000008a80000000000000000
000008ac0000001c00000000
000008b00000000000000000
000008b40000000000000000
000008c00000001000000008
000008c40000001d00000006
000008c8000000025c8f6000
000008cc0000001000000000
000008d00000001400000808
000008d40000000300000000
000008d800000011000007e1
000008dc00000016fffff808
000008e00000001d00000005
000008e40000000000000000
000008c8000000025c8f6000
000008cc0000001000000000
000008d000000014000007e1
000008d40000000300000000
000008d800000011000007e1
000008dc00000016ffffffe1
000008e00000001d00000004
000008e40000000000000000
000008c8000000025c8f6000
000008cc0000001000000000
000008d000000014000007e1
000008d40000000300000000
000008d800000011000007e1
000008dc00000016ffffffe1
000008e00000001d00000003
000008e40000000000000000
000008c8000000025c8f6000
000008cc0000001000000000
000008d000000014000007e1
000008d40000000300000000
000008d800000011000007e1
000008dc00000016ffffffe1
000008e00000001d00000002
000008e40000000000000000
000008c8000000025c8f6000
000008cc0000001000000000
000008d000000014000007e1
000008d40000000300000000
000008d800000011000007e1
000008dc00000016ffffffe1
000008e00000001d00000001
000008e40000000000000000
000008c8000000025c8f6000
000008cc0000001000000000
000008d000000014000007e1
000008d40000000300000000
000008d800000011000007e1
000008dc00000016ffffffe1
000008e00000001d00000000
000008e40000000000000000
000008e800000004000003e6
000008ec0000001200000000
000008f00000000000000000
000009040000000000000000
00000908000000011a0eb000
0000090c0000001400000000
000009100000001c00000004
000009140000001a00000000
000009180000001a00000000
0000091c0000001b0000091c
000009200000001b0000091c
000009240000000000000000
000009280000001900000040
0000092c0000000000000000
000009380000001c00000003
0000093c0000000000000000
000009140000001a00000001
000009180000001a00000008
0000091c0000001b0000091c
000009200000001b00000924
000009240000000000000000
000009300000001900000043
000009340000000000000000
000009380000001c00000002
0000093c0000000000000000
000009140000001a00000000
000009180000001a00000000
0000091c0000001b0000091c
000009200000001b0000091c
000009240000000000000000
000009280000001900000044
0000092c0000000000000000
000009380000001c00000001
0000093c0000000000000000
000009140000001a00000001
000009180000001a00000008
0000091c0000001b0000091c
000009200000001b00000924
000009240000000000000000
000009300000001900000047
000009340000000000000000
000009380000001c00000000
0000093c0000000000000000
000009400000000100000944
000009480000000a00000944
0000094c0000000100000950
0000095c0000000b00000950
000009600000000100000964
000009700000000c00000964
000009740000000100000978
000009840000000d00000978
00000988000000010000098c
000009980000000300000000
0000099c0000000000000000
0000098c0000000200000000
000009900000000100000978
000009940000000000000000
000009780000000800000000
0000097c0000000100000964
000009800000000000000000
000009640000001796226000
000009680000000100000950
0000096c0000000000000000
000009500000001700000001
000009540000000100000944
000009580000000000000000
000009440000000000000000
000009a00000000000000000
000009a80000001600000000
000009ac0000001000000001
000009b00000001c00000003
000009b40000001a00000001
000009b80000001a00000008
000009bc0000001b000009bc
000009c00000001b000009c4
000009c40000000000000000
000009d0000000190000004a
000009d40000000000000000
000009d80000001c00000002
000009dc0000000000000000
000009b40000001a00000000
000009b80000001a00000000
000009bc0000001b000009bc
000009c00000001b000009bc
000009c40000000000000000
000009c8000000190000004b
000009cc0000000000000000
000009d80000001c00000001
000009dc0000000000000000
000009b40000001a00000001
000009b80000001a00000008
000009bc0000001b000009bc
000009c00000001b000009c4
000009c40000000000000000
000009d0000000190000004e
000009d40000000000000000
000009d80000001c00000000
000009dc0000000000000000
000009e00000000f00000000
000009e40000000000000000
000009f80000000f90c6d000
000009fc0000000f00000008
00000a000000001d00000004
00000a040000001107cc0000
00000a080000001d00000003
00000a0c0000000000000000
00000a040000001107cc0000
00000a080000001d00000002
00000a0c0000000000000000
00000a040000001107cc0000
00000a080000001d00000001
00000a0c0000000000000000
00000a040000001107cc0000
00000a080000001d00000000
00000a0c0000000000000000
00000a100000000000000000
00000a140000000100000a18
00000a1c0000000a00000a18
00000a200000000100000a24
00000a300000000b00000a24
00000a340000000100000a38
00000a440000000c00000a38
00000a480000000100000a4c
00000a580000000d00000a4c
00000a5c0000000100000a60
00000a6c0000000e00000a60
00000a700000000100000a74
00000a800000000f00000a74
00000a840000000100000a88
00000a940000000900000000
00000a980000000000000000
00000a880000001500000000
00000a8c0000000100000a74
00000a900000000000000000
00000a740000000400000a18
00000a780000000100000a60
00000a7c0000000000000000
00000a600000000800000000
00000a640000000100000a4c
00000a680000000000000000
00000a4c0000000400000000
00000a500000000100000a38
00000a540000000000000000
00000a380000000700000820
00000a3c0000000100000a24
00000a400000000000000000
00000a240000001700200000
00000a280000000100000a18
00000a2c0000000000000000
00000a180000000000000000
00000a9c0000000b00000000
00000aa00000000a00000000
00000aa40000000d00000000
00000aa80000000000000000
00000ab80000001383cfaab8
00000abc0000000000000000
00000ac00000000000000000
00000ac40000000b00000001
00000ac80000001600000000
00000acc0000000bd7862000
00000ad0000000016bc31000
00000ad40000000000000000
00000ae80000000c67f8f000
00000aec00000013000004a4
00000af00000000a00000001
00000af40000000c00000000
00000af80000001000000000
00000afc0000000300000000
00000b000000000d00000000
00000b040000001c00000005
00000b080000001a00000001
00000b0c0000001a00000008
00000b100000001b00000b10
00000b140000001b00000b18
00000b180000000100000b1c
00000b240000001900000051
00000b280000000000000000
00000b2c0000001c00000004
00000b300000000000000000
00000b080000001a00000000
00000b0c0000001a00000000
00000b100000001b00000b10
00000b140000001b00000b10
00000b180000000100000b1c
00000b1c0000001900000052
00000b200000000000000000
00000b2c0000001c00000003
00000b300000000000000000
00000b080000001a00000001
00000b0c0000001a00000008
00000b100000001b00000b10
00000b140000001b00000b18
00000b180000000100000b1c
00000b240000001900000055
00000b280000000000000000
00000b2c0000001c00000002
00000b300000000000000000
00000b080000001a00000000
00000b0c0000001a00000000
00000b100000001b00000b10
00000b140000001b00000b10
00000b180000000100000b1c
00000b1c0000001900000056
00000b200000000000000000
00000b2c0000001c00000001
00000b300000000000000000
00000b080000001a00000001
00000b0c0000001a00000008
00000b100000001b00000b10
00000b140000001b00000b18
00000b180000000100000b1c
00000b240000001900000059
00000b280000000000000000
00000b2c0000001c00000000
00000b300000000000000000
00000b340000000400000a74
00000b380000000400000000
00000b3c0000000400000000
00000b400000000200000000
00000b440000001d00000004
00000b480000000600000001
00000b4c0000000000000000
00000b500000000300000000
00000b540000001d00000003
00000b580000000000000000
00000b480000000600000001
00000b4c0000000000000000
00000b500000000300000000
00000b540000001d00000002
00000b580000000000000000
00000b480000000600000001
00000b4c0000000000000000
00000b500000000300000000
00000b540000001d00000001
00000b580000000000000000
00000b480000000600000001
00000b4c0000000000000000
00000b500000000300000000
00000b540000001d00000000
00000b580000000000000000
00000b5c0000000c00000000
00000b600000000000000000
00000b7400000013ad9cc000
00000b780000001d00000006
00000b7c0000000e00000000
00000b800000000000000000
00000b840000001100000820
00000b880000001d00000005
00000b8c0000000000000000
00000b7c0000000e00000000
00000b800000000000000000
00000b840000001100000820
00000b880000001d00000004
00000b8c0000000000000000
00000b7c0000000e00000000
00000b800000000000000000
00000b840000001100000820
00000b880000001d00000003
00000b8c0000000000000000
00000b7c0000000e00000000
00000b800000000000000000
00000b840000001100000820
00000b880000001d00000002
00000b8c0000000000000000
00000b7c0000000e00000000
00000b800000000000000000
00000b840000001100000820
00000b880000001d00000001
00000b8c0000000000000000
00000b7c0000000e00000000
00000b800000000000000000
00000b840000001100000820
00000b880000001d00000000
00000b8c0000000000000000
00000b900000000400000000
00000b940000001c00000005
00000b980000001a00000001
00000b9c0000001a00000008
00000ba00000001b00000ba0
00000ba40000001b00000ba8
00000ba80000000100000bac
00000bb4000000190000005c
00000bb80000000000000000
00000bbc0000001c00000004
00000bc00000000000000000
00000b980000001a00000000
00000b9c0000001a00000000
00000ba00000001b00000ba0
00000ba40000001b00000ba0
00000ba80000000100000bac
00000bac000000190000005d
00000bb00000000000000000
00000bbc0000001c00000003
00000bc00000000000000000
00000b980000001a00000001
00000b9c0000001a00000008
00000ba00000001b00000ba0
00000ba40000001b00000ba8
00000ba80000000100000bac
00000bb40000001900000060
00000bb80000000000000000
00000bbc0000001c00000002
00000bc00000000000000000
00000b980000001a00000000
00000b9c0000001a00000000
00000ba00000001b00000ba0
00000ba40000001b00000ba0
00000ba80000000100000bac
00000bac0000001900000061
00000bb00000000000000000
00000bbc0000001c00000001
00000bc00000000000000000
00000b980000001a00000001
00000b9c0000001a00000008
00000ba00000001b00000ba0
00000ba40000001b00000ba8
00000ba80000000100000bac
00000bb40000001900000064
00000bb80000000000000000
00000bbc0000001c00000000
00000bc00000000000000000
00000bc40000000dafc30000
00000bc80000001c00000003
00000bcc0000001a00000001
00000bd00000001a00000008
00000bd40000001b00000bd4
00000bd80000001b00000bdc
00000bdc0000000100000be0
00000be80000001900000067
00000bec0000000000000000
00000bf00000001c00000002
00000bf40000000000000000
00000bcc0000001a00000000
00000bd00000001a00000000
00000bd40000001b00000bd4
00000bd80000001b00000bd4
00000bdc0000000100000be0
00000be00000001900000068
00000be40000000000000000
00000bf00000001c00000001
00000bf40000000000000000
00000bcc0000001a00000001
00000bd00000001a00000008
00000bd40000001b00000bd4
00000bd80000001b00000bdc
00000bdc0000000100000be0
00000be8000000190000006b
00000bec0000000000000000
00000bf00000001c00000000
00000bf40000000000000000
00000bf80000000000000000
00000bfc00000013d7862000
00000c000000000f00000a75
00000c040000000100000004
00000c080000000a00000001
00000c0c0000000000000000
00000c100000000a00000000
00000c1400000012ffffffff
00000c180000000000000000
00000c1c0000001c00000004
00000c200000001a00000000
00000c240000001a00000000
00000c280000001b00000c28
00000c2c0000001b00000c28
00000c300000000100000c34
00000c34000000190000006c
00000c380000000000000000
00000c440000001c00000003
00000c480000000000000000
00000c200000001a00000001
00000c240000001a00000008
00000c280000001b00000c28
00000c2c0000001b00000c30
00000c300000000100000c34
00000c3c000000190000006f
00000c400000000000000000
00000c440000001c00000002
00000c480000000000000000
00000c200000001a00000000
00000c240000001a00000000
00000c280000001b00000c28
00000c2c0000001b00000c28
00000c300000000100000c34
00000c340000001900000070
00000c380000000000000000
00000c440000001c00000001
00000c480000000000000000
00000c200000001a00000001
00000c240000001a00000008
00000c280000001b00000c28
00000c2c0000001b00000c30
00000c300000000100000c34
00000c3c0000001900000073
00000c400000000000000000
00000c440000001c00000000
00000c480000000000000000
00000c4c0000001100000001
00000c500000000cafc30000
00000c540000000100000c58
00000c5c0000000a00000c58
00000c600000000100000c64
00000c700000000b00000c64
00000c740000000100000c78
00000c840000000c00000c78
00000c880000000100000c8c
00000c980000000d00000c8c
00000c9c0000000100000ca0
00000cac0000000e00000ca0
00000cb00000000100000cb4
00000cc00000000f00000cb4
00000cc40000000100000cc8
00000cd40000001000000cc8
00000cd80000000100000cdc
00000ce80000001100000cdc
00000cec0000000100000cf0
00000cfc0000001200000cf0
00000d000000000100000d04
00000d100000001300000d04
00000d140000000100000d18
00000d240000000200000000
00000d280000000000000000
00000d180000001564000000
00000d1c0000000100000d04
00000d200000000000000000
00000d040000000700000000
00000d080000000100000cf0
00000d0c0000000000000000
00000cf00000000900000001
00000cf40000000100000cdc
00000cf80000000000000000
00000cdc0000000700323000
00000ce00000000100000cc8
00000ce40000000000000000
00000cc800000017f24d3000
00000ccc0000000100000cb4
00000cd00000000000000000
00000cb40000001400000000
00000cb80000000100000ca0
00000cbc0000000000000000
00000ca00000000600000cb4
00000ca40000000100000c8c
00000ca80000000000000000
00000c8c0000000600000000
00000c900000000100000c78
00000c940000000000000000
00000c780000000800040000
00000c7c0000000100000c64
00000c800000000000000000
00000c640000000500000c64
00000c680000000100000c58
00000c6c0000000000000000
00000c580000000000000000
00000d2c0000001400000000
00000d300000000f00000cc9
00000d340000000200000000
00000d380000000800000000
00000d3c000000052eafb000
00000d400000000400323000
00000d440000000100000d48
00000d4c0000000a00000d48
00000d500000000100000d54
00000d600000000b00000d54
00000d640000000100000d68
00000d740000000c00000d68
00000d780000000100000d7c
00000d880000000d00000d7c
00000d8c0000000100000d90
00000d9c0000000000000000
00000da00000000000000000
00000d900000001500000001
00000d940000000100000d7c
00000d980000000000000000
00000d7c0000001600000000
00000d800000000100000d68
00000d840000000000000000
00000d680000000800000000
00000d6c0000000100000d54
00000d700000000000000000
00000d540000000300002200
00000d580000000100000d48
00000d5c0000000000000000
00000d480000000000000000
00000da40000000200002d48
00000da80000001d00000002
00000dac0000000200000001
00000db00000000afffff2b7
00000db40000000000000000
00000db80000000f71359db8
00000dbc0000000f00000000
00000dc00000001d00000001
00000dc40000000000000000
00000dac0000000200000000
00000db00000000afffff2b7
00000db40000000000000000
00000db80000000f71359db8
00000dbc0000000f00000000
00000dc00000001d00000000
00000dc40000000000000000
00000dc8000000070000d7c0
00000dcc0000001300000000
00000dd00000000c00000000
00000dd400000014ffffde00
00000dd80000000400000001
00000ddc0000001d00000006
00000de00000000800000000
00000de40000001300000cdc
00000de80000000b00000000
00000dec00000010a2414dec
00000df00000001500000585
00000df40000001d00000005
00000df80000000000000000
00000de00000000800000000
00000de40000001300000cdc
00000de80000000b00000000
00000dec00000010a2414dec
00000df00000001500000585
00000df40000001d00000004
00000df80000000000000000
00000de00000000800000000
00000de40000001300000cdc
00000de80000000b00000000
00000dec00000010a2414dec
00000df00000001500000585
00000df40000001d00000003
00000df80000000000000000
00000de00000000800000000
00000de40000001300000cdc
00000de80000000b00000000
00000dec00000010a2414dec
00000df00000001500000585
00000df40000001d00000002
00000df80000000000000000
00000de00000000800000000
00000de40000001300000cdc
00000de80000000b00000000
00000dec00000010a2414dec
00000df00000001500000585
00000df40000001d00000001
00000df80000000000000000
00000de00000000800000000
00000de40000001300000cdc
00000de80000000b00000000
00000dec00000010a2414dec
00000df00000001500000585
00000df40000001d00000000
00000df80000000000000000
00000dfc0000000a00000820
00000e0000000016000005c5
00000e040000000000000000
00000e140000001d00000003
00000e180000001300000d7c
00000e1c0000001d00000002
00000e200000000000000000
00000e180000001300000d7c
00000e1c0000001d00000001
00000e200000000000000000
00000e180000001300000d7c
00000e1c0000001d00000000
00000e200000000000000000
00000e240000000000000000
00000e280000000900002200
00000e2c0000000600000000
00000e300000000000000000
00000e340000001200000000
00000e38000000050000055c
00000e3c0000001d00000004
00000e400000000600000000
00000e440000000100080000
00000e480000001200000000
00000e4c0000001d00000003
00000e500000000000000000
00000e400000000600000000
00000e440000000100060000
00000e480000001200000000
00000e4c0000001d00000002
00000e500000000000000000
00000e400000000600000000
00000e440000000100040000
00000e480000001200000000
00000e4c0000001d00000001
00000e500000000000000000
00000e400000000600000000
00000e440000000100020000
00000e480000001200000000
00000e4c0000001d00000000
00000e500000000000000000
00000e540000001d00000005
00000e580000000800000005
00000e5c000000040000275c
00000e600000000500000000
00000e640000000800000000
00000e68000000010000275c
00000e6c0000000700000000
00000e700000001d00000004
00000e740000000000000000
00000e580000000800000004
00000e5c0000000400002200
00000e600000000500000000
00000e640000000800000000
00000e680000000100000000
00000e6c0000000700000001
00000e700000001d00000003
00000e740000000000000000
00000e580000000800000003
00000e5c0000000400002200
00000e600000000500000000
00000e640000000800000000
00000e680000000100002200
00000e6c0000000700000000
00000e700000001d00000002
00000e740000000000000000
00000e580000000800000002
00000e5c0000000400002200
00000e600000000500000000
00000e640000000800000000
00000e680000000100002200
00000e6c0000000700000000
00000e700000001d00000001
00000e740000000000000000
00000e580000000800000001
00000e5c0000000400002200
00000e600000000500000000
00000e640000000800000000
00000e680000000100002200
00000e6c0000000700000000
00000e700000001d00000000
00000e740000000000000000
00000e780000001400000001
00000e7c00000012a2414eca
00000e800000001400000000
00000e840000001d00000006
00000e880000001600000000
00000e8c0000000a00000001
00000e900000001d00000005
00000e940000000000000000
00000e880000001600000000
00000e8c0000000a00000001
00000e900000001d00000004
00000e940000000000000000
00000e880000001600000000
00000e8c0000000a00000001
00000e900000001d00000003
00000e940000000000000000
00000e880000001600000000
00000e8c0000000a00000001
00000e900000001d00000002
00000e940000000000000000
00000e880000001600000000
00000e8c0000000a00000001
00000e900000001d00000001
00000e940000000000000000
00000e880000001600000000
00000e8c0000000a00000001
00000e900000001d00000000
00000e940000000000000000
00000e980000000100000e9c
00000ea00000000a00000e9c
00000ea40000000100000ea8
00000eb40000000b00000ea8
00000eb80000000100000ebc
00000ec80000000c00000ebc
00000ecc0000000100000ed0
00000edc0000000d00000ed0
00000ee00000000100000ee4
00000ef00000000e00000ee4
00000ef40000000100000ef8
00000f040000000f00000ef8
00000f080000000100000f0c
00000f180000001000000f0c
00000f1c0000000100000f20
00000f2c0000001100000f20
00000f300000000100000f34
00000f400000001600000000
00000f440000000000000000
00000f340000001700000000
00000f380000000100000f20
00000f3c0000000000000000
00000f200000000200000000
00000f240000000100000f0c
00000f280000000000000000
00000f0c0000000700008000
00000f100000000100000ef8
00000f140000000000000000
00000ef80000000200000008
00000efc0000000100000ee4
00000f000000000000000000
00000ee40000001600010000
00000ee80000000100000ed0
00000eec0000000000000000
00000ed00000000600000000
00000ed40000000100000ebc
00000ed80000000000000000
00000ebc00000005e8278000
00000ec00000000100000ea8
00000ec40000000000000000
00000ea80000000200000000
00000eac0000000100000e9c
00000eb00000000000000000
00000e9c0000000000000000
00000f480000001400000000
00000f4c0000000500000000
00000f500000000500000000
00000f5400000008fffffe31
00000f5800000002d1871f58
00000f5c0000001d00000003
00000f600000000100000001
00000f640000000300000000
00000f680000000c80010e48
00000f6c0000001d00000002
00000f700000000000000000
00000f600000000100000001
00000f640000000300000000
00000f680000000c80010e48
00000f6c0000001d00000001
00000f700000000000000000
00000f600000000100000001
00000f640000000300000000
00000f680000000c80010e48
00000f6c0000001d00000000
00000f700000000000000000
00000f7400000002ee014000
00000f780000000000000000
00000f7c0000000000000000
00000f800000000b00000c78
00000f840000000200000d7c
00000f880000000d00000f0c
00000f8c0000000500000000
00000f900000001100000011
00000f940000001400000000
00000f980000000100000f9c
00000fa00000000a00000f9c
00000fa40000000100000fa8
00000fb40000000b00000fa8
00000fb80000000100000fbc
00000fc80000000c00000fbc
00000fcc0000000100000fd0
00000fdc0000000d00000fd0
00000fe00000000100000fe4
00000ff00000000e00000fe4
00000ff40000000100000ff8
000010040000000f00000ff8
00001008000000010000100c
00001018000000100000100c
0000101c0000000100001020
0000102c0000000400000ff8
000010300000000000000000
000010200000000000000000
00001024000000010000100c
000010280000000000000000
0000100c0000001600000000
000010100000000100000ff8
000010140000000000000000
00000ff80000001600000000
00000ffc0000000100000fe4
000010000000000000000000
00000fe400000008000027ff
00000fe80000000100000fd0
00000fec0000000000000000
00000fd000000017000009ff
00000fd40000000100000fbc
00000fd80000000000000000
00000fbc0000000700000000
00000fc00000000100000fa8
00000fc40000000000000000
00000fa80000001500000000
00000fac0000000100000f9c
00000fb00000000000000000
00000f9c0000000000000000
000010340000000a72c40000
000010380000001d00000002
0000103c0000000e00000fa8
0000104000000004000007f8
0000104400000011000003ef
000010480000000c00000000
0000104c0000001100000000
000010500000001d00000001
000010540000000000000000
0000103c0000000e00000fa8
0000104000000004000007f8
000010440000001100000000
000010480000000c00000000
0000104c0000001100000000
000010500000001d00000000
000010540000000000000000
000010580000000000000000
0000105c00000017923fb05c
000010600000001700000fa8
000010640000000000000000
000010680000001600002200
0000106c0000000200000000
0000107000000002fffff800
000010740000001c00000005
000010780000001a00000001
0000107c0000001a00000008
000010800000001b00001080
000010840000001b00001088
000010880000000000000000
000010940000001900000076
000010980000000000000000
0000109c0000001c00000004
000010a00000000000000000
000010780000001a00000000
0000107c0000001a00000000
000010800000001b00001080
000010840000001b00001080
000010880000000000000000
0000108c0000001900000077
000010900000000000000000
0000109c0000001c00000003
000010a00000000000000000
000010780000001a00000001
0000107c0000001a00000008
000010800000001b00001080
000010840000001b00001088
000010880000000000000000
00001094000000190000007a
000010980000000000000000
0000109c0000001c00000002
000010a00000000000000000
000010780000001a00000000
0000107c0000001a00000000
000010800000001b00001080
000010840000001b00001080
000010880000000000000000
0000108c000000190000007b
000010900000000000000000
0000109c0000001c00000001
000010a00000000000000000
000010780000001a00000001
0000107c0000001a00000008
000010800000001b00001080
000010840000001b00001088
000010880000000000000000
00001094000000190000007e
000010980000000000000000
0000109c0000001c00000000
000010a00000000000000000
000010a40000000000000000
000010a80000001c00000003
000010ac0000001a00000001
000010b00000001a00000008
000010b40000001b000010b4
000010b80000001b000010bc
000010bc00000001000010c0
000010c80000001900000081
000010cc0000000000000000
000010d00000001c00000002
000010d40000000000000000
000010ac0000001a00000000
000010b00000001a00000000
000010b40000001b000010b4
000010b80000001b000010b4
000010bc00000001000010c0
000010c00000001900000082
000010c40000000000000000
000010d00000001c00000001
000010d40000000000000000
000010ac0000001a00000001
000010b00000001a00000008
000010b40000001b000010b4
000010b80000001b000010bc
000010bc00000001000010c0
000010c80000001900000085
000010cc0000000000000000
000010d00000001c00000000
000010d40000000000000000
000010d80000000000000000
000010e00000000900000000
000010e40000000300000ff8
000010e800000017143360e8
000010ec0000001c00000004
000010f00000001a00000000
000010f40000001a00000000
000010f80000001b000010f8
000010fc0000001b000010f8
000011000000000000000000
000011040000001900000086
000011080000000000000000
000011140000001c00000003
000011180000000000000000
000010f00000001a00000001
000010f40000001a00000008
000010f80000001b000010f8
000010fc0000001b00001100
000011000000000000000000
0000110c0000001900000089
000011100000000000000000
000011140000001c00000002
000011180000000000000000
000010f00000001a00000000
000010f40000001a00000000
000010f80000001b000010f8
000010fc0000001b000010f8
000011000000000000000000
00001104000000190000008a
000011080000000000000000
000011140000001c00000001
000011180000000000000000
000010f00000001a00000001
000010f40000001a00000008
000010f80000001b000010f8
000010fc0000001b00001100
000011000000000000000000
0000110c000000190000008d
000011100000000000000000
000011140000001c00000000
000011180000000000000000
0000111c0000000ba2414eca
000011200000000900000fd0
000011240000000a00000000
000011280000000e00000000
0000112c0000000200000001
000011300000001d00000004
000011340000001200000001
0000113800000001000018bf
0000113c0000001700000000
00001140000000095dbeb138
0000114400000010ffffffff
000011480000000900000000
0000114c0000001d00000003
000011500000000000000000
000011340000001200000001
0000113800000001000020be
0000113c0000001700000000
00001140000000095dbeb138
0000114400000010ffffffff
000011480000000900000000
0000114c0000001d00000002
000011500000000000000000
000011340000001200000001
0000113800000001000028bd
0000113c0000001700000000
00001140000000095dbeb138
0000114400000010ffffffff
000011480000000900000000
0000114c0000001d00000001
000011500000000000000000
000011340000001200000001
0000113800000001000030bc
0000113c0000001700000000
00001140000000095dbeb138
0000114400000010ffffffff
000011480000000900000000
0000114c0000001d00000000
000011500000000000000000
000011540000001000002000
000011580000000000000000
0000115c0000000100001160
000011640000000a00001160
00001168000000010000116c
000011780000000b0000116c
0000117c0000000100001180
0000118c0000000c00001180
000011900000000100001194
000011a00000000d00001194
000011a400000001000011a8
000011b40000000e000011a8
000011b800000001000011bc
000011c80000000f000011bc
000011cc00000001000011d0
000011dc00000010000011d0
000011e000000001000011e4
000011f000000011000011e4
000011f400000001000011f8
0000120400000012000011f8
00001208000000010000120c
00001218000000130000120c
0000121c0000000100001220
0000122c0000000000000000
000012300000000000000000
00001220000000040000116c
00001224000000010000120c
000012280000000000000000
0000120c000000043b923000
0000121000000001000011f8
000012140000000000000000
000011f80000001500000000
000011fc00000001000011e4
000012000000000000000000
000011e40000001400000000
000011e800000001000011d0
000011ec0000000000000000
000011d00000001600001000
000011d400000001000011bc
000011d80000000000000000
000011bc0000000400000000
000011c000000001000011a8
000011c40000000000000000
000011a80000000300000000
000011ac0000000100001194
000011b00000000000000000
00001194000000066e676194
000011980000000100001180
0000119c0000000000000000
000011800000001600000000
00001184000000010000116c
000011880000000000000000
0000116c0000000800001180
000011700000000100001160
000011740000000000000000
000011600000000000000000
000012340000001d00000006
000012380000000200000010
0000123c0000000900000000
000012400000000000000000
000012440000000900000000
000012480000000a1043e000
0000124c000000090000020c
000012500000001d00000005
000012540000000000000000
000012380000000200080000
0000123c0000000900000000
000012400000000000000000
000012440000000900000000
000012480000000a1043e000
0000124c000000090000020c
000012500000001d00000004
000012540000000000000000
000012380000000200000008
0000123c0000000900000000
000012400000000000000000
000012440000000900000000
000012480000000a1043e000
0000124c000000090000020c
000012500000001d00000003
000012540000000000000000
000012380000000200000800
0000123c0000000900000000
000012400000000000000000
000012440000000900000000
000012480000000a1043e000
0000124c000000090000020c
000012500000001d00000002
000012540000000000000000
000012380000000200000008
0000123c0000000900000000
000012400000000000000000
000012440000000900000000
000012480000000a1043e000
0000124c000000090000020c
000012500000001d00000001
000012540000000000000000
000012380000000200000800
0000123c0000000900000000
000012400000000000000000
000012440000000900000000
000012480000000a1043e000
0000124c000000090000020c
000012500000001d00000000
000012540000000000000000
000012580000000000000000
0000125c0000000e00000000
000012600000000af35f2260
000012640000000f00000000
000012680000001400001181
0000126c0000000000000000
000012800000000000000000
0000128c0000000883ada28c
0000129000000001ffffe960
000012940000001c00000005
000012980000001a00000001
0000129c0000001a00000008
000012a00000001b000012a0
000012a40000001b000012a8
000012a800000001000012ac
000012b40000001900000090
000012b80000000000000000
000012bc0000001c00000004
000012c00000000000000000
000012980000001a00000000
0000129c0000001a00000000
000012a00000001b000012a0
000012a40000001b000012a0
000012a800000001000012ac
000012ac0000001900000091
000012b00000000000000000
000012bc0000001c00000003
000012c00000000000000000
000012980000001a00000001
0000129c0000001a00000008
000012a00000001b000012a0
000012a40000001b000012a8
000012a800000001000012ac
000012b40000001900000094
000012b80000000000000000
000012bc0000001c00000002
000012c00000000000000000
000012980000001a00000000
0000129c0000001a00000000
000012a00000001b000012a0
000012a40000001b000012a0
000012a800000001000012ac
000012ac0000001900000095
000012b00000000000000000
000012bc0000001c00000001
000012c00000000000000000
000012980000001a00000001
0000129c0000001a00000008
000012a00000001b000012a0
000012a40000001b000012a8
000012a800000001000012ac
000012b40000001900000098
000012b80000000000000000
000012bc0000001c00000000
000012c00000000000000000
000012c40000001d00000003
000012c80000000200000000
000012cc000000070006e676
000012d00000001d00000002
000012d40000000000000000
000012c80000000200000000
000012cc000000070006e676
000012d00000001d00000001
000012d40000000000000000
000012c80000000200000000
000012cc000000070006e676
000012d00000001d00000000
000012d40000000000000000
000012d80000000900000000
000012dc0000001d00000004
000012e000000001ffffeaa8
000012e40000001d00000003
000012e80000000000000000
000012e000000001ffffeaa8
000012e40000001d00000002
000012e80000000000000000
000012e000000001ffffeaa8
000012e40000001d00000001
000012e80000000000000000
000012e000000001ffffeaa8
000012e40000001d00000000
000012e80000000000000000
000012ec0000000b00000000
000012f000000013023a8000
000012f40000000000000000
000012f80000001300000000
000012fc0000001400000000
000013000000001500000000
000013040000001700000001
000013080000001300000001
0000130c0000000000000000
000013100000001000000001
0000131400000011000011e4
000013180000001500000000
0000131c000000014aafb31c
00001320000000100000223a
000013240000000100001328
0000132c0000000a00001328
000013300000000100001334
000013400000000b00001334
000013440000000100001348
000013540000000c00001348
00001358000000010000135c
000013680000000d0000135c
0000136c0000000100001370
0000137c0000000e00001370
000013800000000100001384
000013900000001683ada324
000013940000000000000000
00001384000000060000011f
000013880000000100001370
0000138c0000000000000000
000013700000001500000000
00001374000000010000135c
000013780000000000000000
0000135c000000080882b000
000013600000000100001348
000013640000000000000000
000013480000000000000000
0000134c0000000100001334
000013500000000000000000
000013340000000800001008
000013380000000100001328
0000133c0000000000000000
000013280000000000000000
000013980000000000000000
0000139c0000001100000000
000013a00000000000000000
000013ac0000000600000038
000013b00000000f00000001
000013b40000001d00000005
000013b80000001500000000
000013bc0000001d00000004
000013c00000000000000000
000013b80000001500000000
000013bc0000001d00000003
000013c00000000000000000
000013b80000001500000000
000013bc0000001d00000002
000013c00000000000000000
000013b80000001500000000
000013bc0000001d00000001
000013c00000000000000000
000013b80000001500000000
000013bc0000001d00000000
000013c00000000000000000
000013c40000001d00000003
000013c80000000500000000
000013cc00000013000011f8
000013d00000001d00000002
000013d40000000000000000
000013c80000000500000000
000013cc00000013000011f8
000013d00000001d00000001
000013d40000000000000000
000013c80000000500000000
000013cc00000013000011f8
000013d00000001d00000000
000013d40000000000000000
000013d80000000f00001370
000013dc00000006ffffffff
000013e0000000160000223a
000013e4000000091d5a8000
000013e80000000800000000
000013ec00000013000012a8
000013f0000000091d000000
000013f40000000e00000008
000013f80000000e00000098
000013fc0000001700000897
0000140000000010000032ba
000014040000001d00000002
000014080000000300000000
0000140c0000000534000000
000014100000000300000000
000014140000001300009940
000014180000001100000897
0000141c0000001d00000001
000014200000000000000000
000014080000000300000000
0000140c0000000534000000
000014100000000300000000
000014140000001300009940
000014180000001100000897
0000141c0000001d00000000
000014200000000000000000
000014240000000000000000
000014280000000400000000
0000142c0000000b00000000
000014300000001700000000
000014340000001700000000
000014380000001000000002
0000143c0000000700000000
000014400000001d00000002
000014440000001400100000
000014480000000601000000
0000144c0000000700000000
000014500000000100001328
000014540000001500000000
000014580000000f00001348
0000145c0000001d00000001
000014600000000000000000
000014440000001400080000
000014480000000601000000
0000144c0000000700000000
000014500000000100001328
000014540000001500000000
000014580000000f00001348
0000145c0000001d00000000
000014600000000000000000
000014640000000e00000001
000014680000000ca1546000
0000146c0000000100001470
000014740000000a00001470
00001478000000010000147c
000014880000000b0000147c
0000148c0000000100001490
0000149c0000000c00001490
000014a000000001000014a4
000014b00000000d000014a4
000014b400000001000014b8
000014c40000001400000001
000014c80000000000000000
000014b80000001400000000
000014bc00000001000014a4
000014c00000000000000000
000014a400000016000014a4
000014a80000000100001490
000014ac0000000000000000
000014900000000500000000
00001494000000010000147c
000014980000000000000000
0000147c000000070000147c
000014800000000100001470
000014840000000000000000
000014700000000000000000
000014cc0000001700000000
000014d00000000000000000
000014e40000000400000089
000014e80000000300000001
000014ec000000020000147c
000014f000000015dd4394f0
000014f40000001701000000
000014f80000000700000000
000014fc0000000000000000
000015080000000d00000897
0000150c0000001d00000003
000015100000000000000000
000015140000000000000000
000015180000000700000000
0000151c0000001d00000002
000015200000000000000000
000015100000000000000000
000015140000000000000000
000015180000000700000000
0000151c0000001d00000001
000015200000000000000000
000015100000000000000000
000015140000000000000000
000015180000000700000000
0000151c0000001d00000000
000015200000000000000000
000015240000000300000000
000015280000000800000896
0000152c0000000600000820
000015300000000cfffff896
000015340000000f000014f4
00001538000000010000153c
000015400000000a0000153c
000015440000000100001548
000015540000000b00001548
00001558000000010000155c
000015680000000c0000155c
0000156c0000000100001570
0000157c0000000d00001570
000015800000000100001584
000015900000000900000001
000015940000000000000000
000015840000000400000000
000015880000000100001570
0000158c0000000000000000
000015700000000300000000
00001574000000010000155c
000015780000000000000000
0000155c00000009000112c0
000015600000000100001548
000015640000000000000000
000015480000000413782000
0000154c000000010000153c
000015500000000000000000
0000153c0000000000000000
000015980000000e00000000
0000159c00000001000015a0
000015a40000000a000015a0
000015a800000001000015ac
000015b80000000b000015ac
000015bc00000001000015c0
000015cc0000000c000015c0
000015d000000001000015d4
000015e00000000d000015d4
000015e400000001000015e8
000015f40000000e000015e8
000015f800000001000015fc
000016080000000f000015fc
0000160c0000000100001610
0000161c0000001500000000
000016200000000000000000
0000161000000003fffeeac0
0000161400000001000015fc
000016180000000000000000
000015fc0000000400000000
0000160000000001000015e8
000016040000000000000000
000015e80000000800000000
000015ec00000001000015d4
000015f00000000000000000
000015d40000000600000000
000015d800000001000015c0
000015dc0000000000000000
000015c000000002ffffde00
000015c400000001000015ac
000015c80000000000000000
000015ac0000001600000000
000015b000000001000015a0
000015b40000000000000000
000015a00000000000000000
000016240000001c00000005
000016280000001a00000001
0000162c0000001a00000008
000016300000001b00001630
000016340000001b00001638
00001638000000010000163c
00001644000000190000009b
000016480000000000000000
0000164c0000001c00000004
000016500000000000000000
000016280000001a00000000
0000162c0000001a00000000
000016300000001b00001630
000016340000001b00001630
00001638000000010000163c
0000163c000000190000009c
000016400000000000000000
0000164c0000001c00000003
000016500000000000000000
000016280000001a00000001
0000162c0000001a00000008
000016300000001b00001630
000016340000001b00001638
00001638000000010000163c
00001644000000190000009f
000016480000000000000000
0000164c0000001c00000002
000016500000000000000000
000016280000001a00000000
0000162c0000001a00000000
000016300000001b00001630
000016340000001b00001630
00001638000000010000163c
0000163c00000019000000a0
000016400000000000000000
0000164c0000001c00000001
000016500000000000000000
000016280000001a00000001
0000162c0000001a00000008
000016300000001b00001630
000016340000001b00001638
00001638000000010000163c
0000164400000019000000a3
000016480000000000000000
0000164c0000001c00000000
000016500000000000000000
000016540000000800000000
0000165800000012bf757000
0000165c0000000000000000
000016600000000000000000
000016640000000400000000
000016680000000c00000000
0000166c0000001d00000003
000016700000000500000000
000016740000000900000001
000016780000000000000000
0000167c0000001401000000
000016800000001d00000002
000016840000000000000000
000016700000000500000000
000016740000000900000000
000016780000000000000000
0000167c0000001401000000
000016800000001d00000001
000016840000000000000000
000016700000000500000000
000016740000000900000001
000016780000000000000000
0000167c0000001401000000
000016800000001d00000000
000016840000000000000000
000016880000000000000000
0000168c00000015000015ac
000016900000001300000001
000016940000000100000000
000016980000001d00000004
0000169c000000100000003f
000016a00000000100000001
000016a40000000000000000
000016a80000001d00000003
000016ac0000000000000000
0000169c000000100000003f
000016a00000000100000001
000016a40000000000000000
000016a80000001d00000002
000016ac0000000000000000
0000169c000000100000003f
000016a00000000100000001
000016a40000000000000000
000016a80000001d00000001
000016ac0000000000000000
0000169c000000100000003f
000016a00000000100000001
000016a40000000000000000
000016a80000001d00000000
000016ac0000000000000000
000016b00000000300000000
000016b40000001300000000
000016b80000001400000008
000016bc0000000600000820
000016c00000001400000965
000016c40000000e00000000
000016c80000000e00000000
000016cc0000000dfffffe38
000016d00000000000000000
000016d40000000000000000
000016d80000001200000000
000016dc0000000600000008
000016e00000000d00000001
000016e40000000e00000000
000016e80000001400000188
000016ec0000000600000000
000016f000000001000016f4
000016f80000000a000016f4
000016fc0000000100001700
0000170c0000000b00001700
000017100000000100001714
000017200000000c00001714
000017240000000100001728
000017340000000d00001728
00001738000000010000173c
000017480000000e0000173c
0000174c0000000100001750
0000175c0000000800000000
000017600000000000000000
000017500000000400000000
00001754000000010000173c
000017580000000000000000
0000173c0000000300000000
000017400000000100001728
000017440000000000000000
000017280000000700000000
0000172c0000000100001714
000017300000000000000000
0000171400000017000007fd
000017180000000100001700
0000171c0000000000000000
000017000000001600000001
0000170400000001000016f4
000017080000000000000000
000016f40000000000000000
000017640000000c00000000
000017680000001400000000
0000176c0000000d00000001
000017700000001800000001
000017740000000000000000
000017780000000000000000
000000c80000000fffffff44
000000cc00000013e323b0cc
000000d00000000a6bf82000
000000d400000001000000d8
000000dc0000000a000000d8
000000e000000001000000e4
000000f00000000b000000e4
000000f400000001000000f8
000001040000000c000000f8
00000108000000010000010c
000001180000000d0000010c
0000011c0000000100000120
0000012c0000001400000000
000001300000000000000000
000001200000000500000000
00000124000000010000010c
000001280000000000000000
0000010c00000015329a8000
0000011000000001000000f8
000001140000000000000000
000000f80000000200000000
000000fc00000001000000e4
000001000000000000000000
000000e400000005fffff80c
000000e800000001000000d8
000000ec0000000000000000
000000d80000000000000000
000001340000000000000000
0000013c0000000000000000
000001400000000000000000
0000014400000017ffffffe7
000001480000001c00000005
0000014c0000001a00000001
000001500000001a00000008
000001540000001b00000154
000001580000001b0000015c
0000015c0000000000000000
0000016800000019000000a6
0000016c0000000000000000
000001700000001c00000004
000001740000000000000000
0000014c0000001a00000000
000001500000001a00000000
000001540000001b00000154
000001580000001b00000154
0000015c0000000000000000
0000016000000019000000a7
000001640000000000000000
000001700000001c00000003
000001740000000000000000
0000014c0000001a00000001
000001500000001a00000008
000001540000001b00000154
000001580000001b0000015c
0000015c0000000000000000
0000016800000019000000aa
0000016c0000000000000000
000001700000001c00000002
000001740000000000000000
0000014c0000001a00000000
000001500000001a00000000
000001540000001b00000154
000001580000001b00000154
0000015c0000000000000000
0000016000000019000000ab
000001640000000000000000
000001700000001c00000001
000001740000000000000000
0000014c0000001a00000001
000001500000001a00000008
000001540000001b00000154
000001580000001b0000015c
0000015c0000000000000000
0000016800000019000000ae
0000016c0000000000000000
000001700000001c00000000
000001740000000000000000
00000178000000010000017c
000001800000000a0000017c
000001840000000100000188
000001940000001554267194
000001980000000000000000
000001880000001500000000
0000018c000000010000017c
000001900000000000000000
0000017c0000000000000000
0000019c0000000400000008
000001a0000000110000017c
000001a40000001700000000
000001a80000001200000001
000001ac0000000000000000
000001b00000000000000000
000001b40000000300000000
000001b800000012fffffffe
000001bc000000020000017c
000001c00000000800000000
000001c40000001200000000
000001c80000000900000009
000001cc0000001500000001
000001d00000001d00000002
000001d40000000400002002
000001d80000001d00000001
000001dc0000000000000000
000001d40000000400002001
000001d80000001d00000000
000001dc0000000000000000
000001e00000000f00002000
000001e40000000000000000
000001e80000001300000000
000001ec0000000100000001
000001f00000001d00000004
000001f40000000300000000
000001f80000001000000000
000001fc0000000400000000
000002000000001d00000003
000002040000000000000000
000001f40000000300000000
000001f80000001000000000
000001fc0000000400000000
000002000000001d00000002
000002040000000000000000
000001f40000000300000000
000001f80000001000000000
000001fc0000000400000000
000002000000001d00000001
000002040000000000000000
000001f40000000300000000
000001f80000001000000000
000001fc0000000400000000
000002000000001d00000000
000002040000000000000000
000002080000000100000000
0000020c00000009000000f9
000002100000001d00000004
000002140000000900000000
000002180000001d00000003
0000021c0000000000000000
000002140000000900000000
000002180000001d00000002
0000021c0000000000000000
000002140000000900000000
000002180000001d00000001
0000021c0000000000000000
000002140000000900000000
000002180000001d00000000
0000021c0000000000000000
0000022000000002e6d91220
000002240000000100000000
0000022800000014fffff800
0000022c0000000a00000000
000002300000000d00000000
000002340000000000000000
000002380000001200000001
0000023c0000000bfffffe90
000002400000000b00000001
000002440000000000000000
000002480000001100000001
0000024c0000000700000001
000002500000000affffffff
000002540000000a00000001
000002580000001600000000
0000025c0000001600000000
000002600000001d00000003
000002640000000e00000000
000002680000000c00000000
0000026c0000001d00000002
000002700000000000000000
000002640000000e00000000
000002680000000c00000000
0000026c0000001d00000001
000002700000000000000000
000002640000000e00000000
000002680000000c00000000
0000026c0000001d00000000
000002700000000000000000
000002740000000c00002000
000002780000001d00000005
0000027c0000000600000000
000002800000001700000000
000002840000000b000000ae
000002880000000000000000
0000028c0000001500000001
000002900000001d00000004
000002940000000000000000
0000027c0000000600000000
000002800000001700000000
000002840000000b000000ae
000002880000000000000000
0000028c0000001500000001
000002900000001d00000003
000002940000000000000000
0000027c0000000600000000
000002800000001700000000
000002840000000b000000ae
000002880000000000000000
0000028c0000001500000001
000002900000001d00000002
000002940000000000000000
0000027c0000000600000000
000002800000001700000000
000002840000000b000000ae
000002880000000000000000
0000028c0000001500000001
000002900000001d00000001
000002940000000000000000
0000027c0000000600000000
000002800000001700000000
000002840000000b000000ae
000002880000000000000000
0000028c0000001500000001
000002900000001d00000000
000002940000000000000000
000002980000000600000001
0000029c0000001d00000002
000002a000000012a58f8000
000002a40000000000000000
000002a80000000f00000000
000002ac0000001d00000001
000002b00000000000000000
000002a000000012a58f8000
000002a40000000000000000
000002a80000000f00000000
000002ac0000001d00000000
000002b00000000000000000
000002b40000001500000004
000002b800000001000002bc
000002c00000000a000002bc
000002c400000001000002c8
000002d40000000b000002c8
000002d800000001000002dc
000002e80000000c000002dc
000002ec00000001000002f0
000002fc0000000d000002f0
000003000000000100000304
000003100000000e00000304
000003140000000100000318
000003240000000f00000318
00000328000000010000032c
00000338000000100000032c
0000033c0000000100000340
0000034c0000001100000340
000003500000000100000354
000003600000000700000000
000003640000000000000000
00000354000000081f11c000
000003580000000100000340
0000035c0000000000000000
0000034000000006885c2340
00000344000000010000032c
000003480000000000000000
0000032c0000001400000008
000003300000000100000318
000003340000000000000000
000003180000001400000001
0000031c0000000100000304
000003200000000000000000
000003040000001700000001
0000030800000001000002f0
0000030c0000000000000000
000002f00000000700000000
000002f400000001000002dc
000002f80000000000000000
000002dc0000000300000000
000002e000000001000002c8
000002e40000000000000000
000002c80000001635bb6000
000002cc00000001000002bc
000002d00000000000000000
000002bc0000000000000000
0000036800000006a4fec368
0000036c00000010fffffabc
000003700000000000000000
000003740000000600000000
000003780000001700000aa5
0000037c0000000400000000
000003800000001700000537
0000038400000006000002dc
000003880000000f00000000
0000038c0000001200000000
000003900000001700000000
000003940000001d00000004
000003980000000900000000
0000039c0000000600000000
000003a00000001d00000003
000003a40000000000000000
000003980000000900000000
0000039c0000000600000000
000003a00000001d00000002
000003a40000000000000000
000003980000000900000000
0000039c0000000600000000
000003a00000001d00000001
000003a40000000000000000
000003980000000900000000
0000039c0000000600000000
000003a00000001d00000000
000003a40000000000000000
000003a80000000400000001
000003ac0000000d00000000
000003b00000000000000000
000003b40000001600000000
000003b80000001d00000005
000003bc0000000300000000
000003c00000000900000001
000003c40000001d00000004
000003c80000000000000000
000003bc0000000300000000
000003c00000000900000001
000003c40000001d00000003
000003c80000000000000000
000003bc0000000300000000
000003c00000000900000001
000003c40000001d00000002
000003c80000000000000000
000003bc0000000300000000
000003c00000000900000001
000003c40000001d00000001
000003c80000000000000000
000003bc0000000300000000
000003c00000000900000001
000003c40000001d00000000
000003c80000000000000000
000003cc00000007ffffffff
000003d000000005000002c8
000003d40000001400000000
000003d800000008fffffd38
000003dc0000000c00000303
000003e00000000000000000
000003e40000000afffffbea
000003e80000000800000001
000003ec0000000d00000752
000003f00000000900000001
000003f40000000400000000
000003f800000001000003fc
000004000000000a000003fc
000004040000000100000408
000004140000000b00000408
00000418000000010000041c
000004280000001700002200
0000042c0000000000000000
0000041c00000017000002c8
000004200000000100000408
000004240000000000000000
000004080000001400000000
0000040c00000001000003fc
000004100000000000000000
000003fc0000000000000000
000004300000001c00000004
000004340000001a00000000
000004380000001a00000000
0000043c0000001b0000043c
000004400000001b0000043c
000004440000000100000448
0000044800000019000000af
0000044c0000000000000000
000004580000001c00000003
0000045c0000000000000000
000004340000001a00000001
000004380000001a00000008
0000043c0000001b0000043c
000004400000001b00000444
000004440000000100000448
0000045000000019000000b2
000004540000000000000000
000004580000001c00000002
0000045c0000000000000000
000004340000001a00000000
000004380000001a00000000
0000043c0000001b0000043c
000004400000001b0000043c
000004440000000100000448
0000044800000019000000b3
0000044c0000000000000000
000004580000001c00000001
0000045c0000000000000000
000004340000001a00000001
000004380000001a00000008
0000043c0000001b0000043c
000004400000001b00000444
000004440000000100000448
0000045000000019000000b6
000004540000000000000000
000004580000001c00000000
0000045c0000000000000000
000004600000000e1d480000
000004640000000200000378
000004680000001d00000005
0000046c000000097ffffd5e
000004700000000000000000
000004740000000e00000000
000004780000001500000005
0000047c0000001300002000
000004800000001d00000004
000004840000000000000000
0000046c0000000900000003
000004700000000000000000
000004740000000e00000000
000004780000001500000004
0000047c0000001300002000
000004800000001d00000003
000004840000000000000000
0000046c000000091fffff57
000004700000000000000000
000004740000000e00000000
000004780000001500000003
0000047c0000001300002000
000004800000001d00000002
000004840000000000000000
0000046c00000009000001ff
000004700000000000000000
000004740000000e00000000
000004780000001500000002
0000047c0000001300002000
000004800000001d00000001
000004840000000000000000
0000046c0000000900000001
000004700000000000000000
000004740000000e00000000
000004780000001500000001
0000047c0000001300002000
000004800000001d00000000
000004840000000000000000
000004880000001300000000
0000048c00000006fffffc54
000004900000001c00000003
000004940000001a00000001
000004980000001a00000008
0000049c0000001b0000049c
000004a00000001b000004a4
000004a400000001000004a8
000004b000000019000000b9
000004b40000000000000000
000004b80000001c00000002
000004bc0000000000000000
000004940000001a00000000
000004980000001a00000000
0000049c0000001b0000049c
000004a00000001b0000049c
000004a400000001000004a8
000004a800000019000000ba
000004ac0000000000000000
000004b80000001c00000001
000004bc0000000000000000
000004940000001a00000001
000004980000001a00000008
0000049c0000001b0000049c
000004a00000001b000004a4
000004a400000001000004a8
000004b000000019000000bd
000004b40000000000000000
000004b80000001c00000000
000004bc0000000000000000
000004c00000000900000000
000004c40000000d00000000
000004c800000001000004cc
000004d00000000000000000
000004d40000000000000000
000004cc0000000000000000
000004d80000000000000000
000004dc0000000000000000
000004e00000000700000001
000004e40000000200000b61
000004e80000000000000000
000004f000000001000004f4
000004f80000000a000004f4
000004fc0000000100000500
0000050c0000000b00000500
000005100000000100000514
000005200000000c00000514
000005240000000100000528
000005340000000d00000528
00000538000000010000053c
000005480000000e0000053c
0000054c0000000100000550
0000055c0000000f00000550
000005600000000100000564
000005700000000500000000
000005740000000000000000
000005640000000600000001
000005680000000100000550
0000056c0000000000000000
000005500000000000000000
00000554000000010000053c
000005580000000000000000
0000053c0000000700000000
000005400000000100000528
000005440000000000000000
000005280000000200000514
0000052c0000000100000514
000005300000000000000000
000005140000001700000000
000005180000000100000500
0000051c0000000000000000
000005000000000400000000
0000050400000001000004f4
000005080000000000000000
000004f40000000000000000
0000057800000006d4a2e000
0000057c000000070001a945
000005800000000c00000001
000005840000000100000588
0000058c000000050000047f
000005900000000000000000
000005880000000000000000
000005940000000200000000
000005980000001d00000002
0000059c0000000100000000
000005a00000001d00000001
000005a40000000000000000
0000059c0000000100000000
000005a00000001d00000000
000005a40000000000000000
000005a800000008a445e000
000005ac0000000400000000
000005b00000001300000000
000005b40000000000000000
000005b80000000700000001
000005bc0000000000000000
000005c00000000300000000
000005c40000001700010000
000005c800000001000005cc
000005d0000000151f11c000
000005d40000000000000000
000005cc0000000000000000
000005d80000001300000001
000005dc00000010000007ff
000005e00000000000000000
000005e40000001c00000005
000005e80000001a00000001
000005ec0000001a00000008
000005f00000001b000005f0
000005f40000001b000005f8
000005f80000000000000000
0000060400000019000000c0
000006080000000000000000
0000060c0000001c00000004
000006100000000000000000
000005e80000001a00000000
000005ec0000001a00000000
000005f00000001b000005f0
000005f40000001b000005f0
000005f80000000000000000
000005fc00000019000000c1
000006000000000000000000
0000060c0000001c00000003
000006100000000000000000
000005e80000001a00000001
000005ec0000001a00000008
000005f00000001b000005f0
000005f40000001b000005f8
000005f80000000000000000
0000060400000019000000c4
000006080000000000000000
0000060c0000001c00000002
000006100000000000000000
000005e80000001a00000000
000005ec0000001a00000000
000005f00000001b000005f0
000005f40000001b000005f0
000005f80000000000000000
000005fc00000019000000c5
000006000000000000000000
0000060c0000001c00000001
000006100000000000000000
000005e80000001a00000001
000005ec0000001a00000008
000005f00000001b000005f0
000005f40000001b000005f8
000005f80000000000000000
0000060400000019000000c8
000006080000000000000000
0000060c0000001c00000000
000006100000000000000000
000006140000001000000000
00000618000000066daaa000
0000061c00000008c4a5d000
000006200000000ef5927620
000006240000000000000000
000006280000001300000000
0000062c0000000500000000
000006300000000100000634
000006380000000a00000634
0000063c0000000100000640
0000064c0000000b00000640
000006500000000100000654
000006600000000c00000654
000006640000000100000668
000006740000000d00000668
00000678000000010000067c
000006880000000e0000067c
0000068c0000000100000690
0000069c0000000f00000690
000006a000000001000006a4
000006b000000010000006a4
000006b400000001000006b8
000006c400000011000006b8
000006c800000001000006cc
000006d800000012000006cc
000006dc00000001000006e0
000006ec00000013000006e0
000006f000000001000006f4
000007000000000300000000
000007040000000000000000
000006f40000000600000000
000006f800000001000006e0
000006fc0000000000000000
000006e00000000000000000
000006e400000001000006cc
000006e80000000000000000
000006cc0000000500000000
000006d000000001000006b8
000006d40000000000000000
000006b80000000700000001
000006bc00000001000006a4
000006c00000000000000000
000006a400000016000000c8
000006a80000000100000690
000006ac0000000000000000
000006900000000000000000
00000694000000010000067c
000006980000000000000000
0000067c0000001700000000
000006800000000100000668
000006840000000000000000
000006680000000800000001
0000066c0000000100000654
000006700000000000000000
000006540000000600000001
000006580000000100000640
0000065c0000000000000000
000006400000000400000000
000006440000000100000634
000006480000000000000000
000006340000000000000000
0000070800000005fffff800
0000070c0000001d00000003
000007100000000f00000001
000007140000000000000000
000007180000000e000000c8
0000071c00000016fffff800
000007200000000300000000
000007240000001d00000002
000007280000000000000000
000007100000000f00000001
000007140000000000000000
000007180000000e000000c8
0000071c00000016fffff800
000007200000000300000000
000007240000001d00000001
000007280000000000000000
000007100000000f00000001
000007140000000000000000
000007180000000e000000c8
0000071c00000016fffff800
000007200000000300000000
000007240000001d00000000
000007280000000000000000
0000072c000000141a9c9000
0000073000000002000000c8
000007340000001300000000
000007380000000f00000000
0000073c0000000000000000
000007400000000000000000
000007440000000b1f11c000
000007480000001c00000003
0000074c0000001a00000001
000007500000001a00000008
000007540000001b00000754
000007580000001b0000075c
0000075c0000000000000000
0000076800000019000000cb
0000076c0000000000000000
000007700000001c00000002
000007740000000000000000
0000074c0000001a00000000
000007500000001a00000000
000007540000001b00000754
000007580000001b00000754
0000075c0000000000000000
0000076000000019000000cc
000007640000000000000000
000007700000001c00000001
000007740000000000000000
0000074c0000001a00000001
000007500000001a00000008
000007540000001b00000754
000007580000001b0000075c
0000075c0000000000000000
0000076800000019000000cf
0000076c0000000000000000
000007700000001c00000000
000007740000000000000000
000007780000000a6b52c000
0000077c000000089e000000
000007800000000100000784
000007880000000a00000784
0000078c0000000100000790
0000079c0000000b00000790
000007a000000001000007a4
000007b00000000c000007a4
000007b400000001000007b8
000007c40000000d000007b8
000007c800000001000007cc
000007d80000000e000007cc
000007dc00000001000007e0
000007ec0000000f000007e0
000007f000000001000007f4
0000080000000010000007f4
000008040000000100000808
000008140000001100000808
00000818000000010000081c
000008280000000000000000
0000082c0000000000000000
0000081c0000001700000000
000008200000000100000808
000008240000000000000000
000008080000000800004040
0000080c00000001000007f4
000008100000000000000000
000007f40000000400000000
000007f800000001000007e0
000007fc0000000000000000
000007e00000001700000000
000007e400000001000007cc
000007e80000000000000000
000007cc0000000400000000
000007d000000001000007b8
000007d40000000000000000
000007b80000000000000000
000007bc00000001000007a4
000007c00000000000000000
000007a4000000171a0eb000
000007a80000000100000790
000007ac0000000000000000
000007900000000800000000
000007940000000100000784
000007980000000000000000
000007840000000000000000
000008300000000000000000
00000834000000154dc44000
000008380000000800000000
0000083c00000004fffff979
000008400000001000000000
000008440000000f000007e1
000008480000001c00000005
0000084c0000001a00000001
000008500000001a00000008
000008540000001b00000854
000008580000001b0000085c
0000085c0000000100000860
0000086800000019000000d2
0000086c0000000000000000
000008700000001c00000004
000008740000000000000000
0000084c0000001a00000000
000008500000001a00000000
000008540000001b00000854
000008580000001b00000854
0000085c0000000100000860
0000086000000019000000d3
000008640000000000000000
000008700000001c00000003
000008740000000000000000
0000084c0000001a00000001
000008500000001a00000008
000008540000001b00000854
000008580000001b0000085c
0000085c0000000100000860
0000086800000019000000d6
0000086c0000000000000000
000008700000001c00000002
000008740000000000000000
0000084c0000001a00000000
000008500000001a00000000
000008540000001b00000854
000008580000001b00000854
0000085c0000000100000860
0000086000000019000000d7
000008640000000000000000
000008700000001c00000001
000008740000000000000000
0000084c0000001a00000001
000008500000001a00000008
000008540000001b00000854
000008580000001b0000085c
0000085c0000000100000860
0000086800000019000000da
0000086c0000000000000000
000008700000001c00000000
000008740000000000000000
000008780000000000000000
000008840000001c00000004
000008880000001a00000000
0000088c0000001a00000000
000008900000001b00000890
000008940000001b00000890
00000898000000010000089c
0000089c00000019000000db
000008a00000000000000000
000008ac0000001c00000003
000008b00000000000000000
000008880000001a00000001
0000088c0000001a00000008
000008900000001b00000890
000008940000001b00000898
00000898000000010000089c
000008a400000019000000de
000008a80000000000000000
000008ac0000001c00000002
000008b00000000000000000
000008880000001a00000000
0000088c0000001a00000000
000008900000001b00000890
000008940000001b00000890
00000898000000010000089c
0000089c00000019000000df
000008a00000000000000000
000008ac0000001c00000001
000008b00000000000000000
000008880000001a00000001
0000088c0000001a00000008
000008900000001b00000890
000008940000001b00000898
00000898000000010000089c
000008a400000019000000e2
000008a80000000000000000
000008ac0000001c00000000
000008b00000000000000000
000008b40000000000000000
000008c00000001000000008
000008c40000001d00000006
000008c8000000025c8f6000
000008cc0000001000000000
000008d00000001400000808
000008d40000000300000000
000008d800000011000007e1
000008dc00000016fffff808
000008e00000001d00000005
000008e40000000000000000
000008c8000000025c8f6000
000008cc0000001000000000
000008d000000014000007e1
000008d40000000300000000
000008d800000011000007e1
000008dc00000016ffffffe1
000008e00000001d00000004
000008e40000000000000000
000008c8000000025c8f6000
000008cc0000001000000000
000008d000000014000007e1
000008d40000000300000000
000008d800000011000007e1
000008dc00000016ffffffe1
000008e00000001d00000003
000008e40000000000000000
000008c8000000025c8f6000
000008cc0000001000000000
000008d000000014000007e1
000008d40000000300000000
000008d800000011000007e1
000008dc00000016ffffffe1
000008e00000001d00000002
000008e40000000000000000
000008c8000000025c8f6000
000008cc0000001000000000
000008d000000014000007e1
000008d40000000300000000
000008d800000011000007e1
000008dc00000016ffffffe1
000008e00000001d00000001
000008e40000000000000000
000008c8000000025c8f6000
000008cc0000001000000000
000008d000000014000007e1
000008d40000000300000000
000008d800000011000007e1
000008dc00000016ffffffe1
000008e00000001d00000000
000008e40000000000000000
000008e800000004000003e6
000008ec0000001200000000
000008f00000000000000000
000009040000000000000000
00000908000000011a0eb000
0000090c0000001400000000
000009100000001c00000004
000009140000001a00000000
000009180000001a00000000
0000091c0000001b0000091c
000009200000001b0000091c
000009240000000000000000
0000092800000019000000e3
0000092c0000000000000000
000009380000001c00000003
0000093c0000000000000000
000009140000001a00000001
000009180000001a00000008
0000091c0000001b0000091c
000009200000001b00000924
000009240000000000000000
0000093000000019000000e6
000009340000000000000000
000009380000001c00000002
0000093c0000000000000000
000009140000001a00000000
000009180000001a00000000
0000091c0000001b0000091c
000009200000001b0000091c
000009240000000000000000
0000092800000019000000e7
0000092c0000000000000000
000009380000001c00000001
0000093c0000000000000000
000009140000001a00000001
000009180000001a00000008
0000091c0000001b0000091c
000009200000001b00000924
000009240000000000000000
0000093000000019000000ea
000009340000000000000000
000009380000001c00000000
0000093c0000000000000000
000009400000000100000944
000009480000000a00000944
0000094c0000000100000950
0000095c0000000b00000950
000009600000000100000964
000009700000000c00000964
000009740000000100000978
000009840000000d00000978
00000988000000010000098c
000009980000000300000000
0000099c0000000000000000
0000098c0000000200000000
000009900000000100000978
000009940000000000000000
000009780000000800000000
0000097c0000000100000964
000009800000000000000000
000009640000001796226000
000009680000000100000950
0000096c0000000000000000
000009500000001700000001
000009540000000100000944
000009580000000000000000
000009440000000000000000
000009a00000000000000000
000009a80000001600000000
000009ac0000001000000001
000009b00000001c00000003
000009b40000001a00000001
000009b80000001a00000008
000009bc0000001b000009bc
000009c00000001b000009c4
000009c40000000000000000
000009d000000019000000ed
000009d40000000000000000
000009d80000001c00000002
000009dc0000000000000000
000009b40000001a00000000
000009b80000001a00000000
000009bc0000001b000009bc
000009c00000001b000009bc
000009c40000000000000000
000009c800000019000000ee
000009cc0000000000000000
000009d80000001c00000001
000009dc0000000000000000
000009b40000001a00000001
000009b80000001a00000008
000009bc0000001b000009bc
000009c00000001b000009c4
000009c40000000000000000
000009d000000019000000f1
000009d40000000000000000
000009d80000001c00000000
000009dc0000000000000000
000009e00000000f00000000
000009e40000000000000000
000009f80000000f90c6d000
000009fc0000000f00000008
00000a000000001d00000004
00000a040000001107cc0000
00000a080000001d00000003
00000a0c0000000000000000
00000a040000001107cc0000
00000a080000001d00000002
00000a0c0000000000000000
00000a040000001107cc0000
00000a080000001d00000001
00000a0c0000000000000000
00000a040000001107cc0000
00000a080000001d00000000
00000a0c0000000000000000
00000a100000000000000000
00000a140000000100000a18
00000a1c0000000a00000a18
00000a200000000100000a24
00000a300000000b00000a24
00000a340000000100000a38
00000a440000000c00000a38
00000a480000000100000a4c
00000a580000000d00000a4c
00000a5c0000000100000a60
00000a6c0000000e00000a60
00000a700000000100000a74
00000a800000000f00000a74
00000a840000000100000a88
00000a940000000900000000
00000a980000000000000000
00000a880000001500000000
00000a8c0000000100000a74
00000a900000000000000000
00000a740000000400000a18
00000a780000000100000a60
00000a7c0000000000000000
00000a600000000800000000
00000a640000000100000a4c
00000a680000000000000000
00000a4c0000000400000000
00000a500000000100000a38
00000a540000000000000000
00000a380000000700000820
00000a3c0000000100000a24
00000a400000000000000000
00000a240000001700200000
00000a280000000100000a18
00000a2c0000000000000000
00000a180000000000000000
00000a9c0000000b00000000
00000aa00000000a00000000
00000aa40000000d00000000
00000aa80000000000000000
00000ab80000001383cfaab8
00000abc0000000000000000
00000ac00000000000000000
00000ac40000000b00000001
00000ac80000001600000000
00000acc0000000bd7862000
00000ad0000000016bc31000
00000ad40000000000000000
00000ae80000000c67f8f000
00000aec00000013000004a4
00000af00000000a00000001
00000af40000000c00000000
00000af80000001000000000
00000afc0000000300000000
00000b000000000d00000000
00000b040000001c00000005
00000b080000001a00000001
00000b0c0000001a00000008
00000b100000001b00000b10
00000b140000001b00000b18
00000b180000000100000b1c
00000b2400000019000000f4
00000b280000000000000000
00000b2c0000001c00000004
00000b300000000000000000
00000b080000001a00000000
00000b0c0000001a00000000
00000b100000001b00000b10
00000b140000001b00000b10
00000b180000000100000b1c
00000b1c00000019000000f5
00000b200000000000000000
00000b2c0000001c00000003
00000b300000000000000000
00000b080000001a00000001
00000b0c0000001a00000008
00000b100000001b00000b10
00000b140000001b00000b18
00000b180000000100000b1c
00000b2400000019000000f8
00000b280000000000000000
00000b2c0000001c00000002
00000b300000000000000000
00000b080000001a00000000
00000b0c0000001a00000000
00000b100000001b00000b10
00000b140000001b00000b10
00000b180000000100000b1c
00000b1c00000019000000f9
00000b200000000000000000
00000b2c0000001c00000001
00000b300000000000000000
00000b080000001a00000001
00000b0c0000001a00000008
00000b100000001b00000b10
00000b140000001b00000b18
00000b180000000100000b1c
00000b2400000019000000fc
00000b280000000000000000
00000b2c0000001c00000000
00000b300000000000000000
00000b340000000400000a74
00000b380000000400000000
00000b3c0000000400000000
00000b400000000200000000
00000b440000001d00000004
00000b480000000600000001
00000b4c0000000000000000
00000b500000000300000000
00000b540000001d00000003
00000b580000000000000000
00000b480000000600000001
00000b4c0000000000000000
00000b500000000300000000
00000b540000001d00000002
00000b580000000000000000
00000b480000000600000001
00000b4c0000000000000000
00000b500000000300000000
00000b540000001d00000001
00000b580000000000000000
00000b480000000600000001
00000b4c0000000000000000
00000b500000000300000000
00000b540000001d00000000
00000b580000000000000000
00000b5c0000000c00000000
00000b600000000000000000
00000b7400000013ad9cc000
00000b780000001d00000006
00000b7c0000000e00000000
00000b800000000000000000
00000b840000001100000820
00000b880000001d00000005
00000b8c0000000000000000
00000b7c0000000e00000000
00000b800000000000000000
00000b840000001100000820
00000b880000001d00000004
00000b8c0000000000000000
00000b7c0000000e00000000
00000b800000000000000000
00000b840000001100000820
00000b880000001d00000003
00000b8c0000000000000000
00000b7c0000000e00000000
00000b800000000000000000
00000b840000001100000820
00000b880000001d00000002
00000b8c0000000000000000
00000b7c0000000e00000000
00000b800000000000000000
00000b840000001100000820
00000b880000001d00000001
00000b8c0000000000000000
00000b7c0000000e00000000
00000b800000000000000000
00000b840000001100000820
00000b880000001d00000000
00000b8c0000000000000000
00000b900000000400000000
00000b940000001c00000005
00000b980000001a00000001
00000b9c0000001a00000008
00000ba00000001b00000ba0
00000ba40000001b00000ba8
00000ba80000000100000bac
00000bb400000019000000ff
00000bb80000000000000000
00000bbc0000001c00000004
00000bc00000000000000000
00000b980000001a00000000
00000b9c0000001a00000000
00000ba00000001b00000ba0
00000ba40000001b00000ba0
00000ba80000000100000bac
00000bac0000001900000100
00000bb00000000000000000
00000bbc0000001c00000003
00000bc00000000000000000
00000b980000001a00000001
00000b9c0000001a00000008
00000ba00000001b00000ba0
00000ba40000001b00000ba8
00000ba80000000100000bac
00000bb40000001900000103
00000bb80000000000000000
00000bbc0000001c00000002
00000bc00000000000000000
00000b980000001a00000000
00000b9c0000001a00000000
00000ba00000001b00000ba0
00000ba40000001b00000ba0
00000ba80000000100000bac
00000bac0000001900000104
00000bb00000000000000000
00000bbc0000001c00000001
00000bc00000000000000000
00000b980000001a00000001
00000b9c0000001a00000008
00000ba00000001b00000ba0
00000ba40000001b00000ba8
00000ba80000000100000bac
00000bb40000001900000107
00000bb80000000000000000
00000bbc0000001c00000000
00000bc00000000000000000
00000bc40000000dafc30000
00000bc80000001c00000003
00000bcc0000001a00000001
00000bd00000001a00000008
00000bd40000001b00000bd4
00000bd80000001b00000bdc
00000bdc0000000100000be0
00000be8000000190000010a
00000bec0000000000000000
00000bf00000001c00000002
00000bf40000000000000000
00000bcc0000001a00000000
00000bd00000001a00000000
00000bd40000001b00000bd4
00000bd80000001b00000bd4
00000bdc0000000100000be0
00000be0000000190000010b
00000be40000000000000000
00000bf00000001c00000001
00000bf40000000000000000
00000bcc0000001a00000001
00000bd00000001a00000008
00000bd40000001b00000bd4
00000bd80000001b00000bdc
00000bdc0000000100000be0
00000be8000000190000010e
00000bec0000000000000000
00000bf00000001c00000000
00000bf40000000000000000
00000bf80000000000000000
00000bfc00000013d7862000
00000c000000000f00000a75
00000c040000000100000004
00000c080000000a00000001
00000c0c0000000000000000
00000c100000000a00000000
00000c1400000012ffffffff
00000c180000000000000000
00000c1c0000001c00000004
00000c200000001a00000000
00000c240000001a00000000
00000c280000001b00000c28
00000c2c0000001b00000c28
00000c300000000100000c34
00000c34000000190000010f
00000c380000000000000000
00000c440000001c00000003
00000c480000000000000000
00000c200000001a00000001
00000c240000001a00000008
00000c280000001b00000c28
00000c2c0000001b00000c30
00000c300000000100000c34
00000c3c0000001900000112
00000c400000000000000000
00000c440000001c00000002
00000c480000000000000000
00000c200000001a00000000
00000c240000001a00000000
00000c280000001b00000c28
00000c2c0000001b00000c28
00000c300000000100000c34
00000c340000001900000113
00000c380000000000000000
00000c440000001c00000001
00000c480000000000000000
00000c200000001a00000001
00000c240000001a00000008
00000c280000001b00000c28
00000c2c0000001b00000c30
00000c300000000100000c34
00000c3c0000001900000116
00000c400000000000000000
00000c440000001c00000000
00000c480000000000000000
00000c4c0000001100000001
00000c500000000cafc30000
00000c540000000100000c58
00000c5c0000000a00000c58
00000c600000000100000c64
00000c700000000b00000c64
00000c740000000100000c78
00000c840000000c00000c78
00000c880000000100000c8c
00000c980000000d00000c8c
00000c9c0000000100000ca0
00000cac0000000e00000ca0
00000cb00000000100000cb4
00000cc00000000f00000cb4
00000cc40000000100000cc8
00000cd40000001000000cc8
00000cd80000000100000cdc
00000ce80000001100000cdc
00000cec0000000100000cf0
00000cfc0000001200000cf0
00000d000000000100000d04
00000d100000001300000d04
00000d140000000100000d18
00000d240000000200000000
00000d280000000000000000
00000d180000001564000000
00000d1c0000000100000d04
00000d200000000000000000
00000d040000000700000000
00000d080000000100000cf0
00000d0c0000000000000000
00000cf00000000900000001
00000cf40000000100000cdc
00000cf80000000000000000
00000cdc0000000700323000
00000ce00000000100000cc8
00000ce40000000000000000
00000cc800000017f24d3000
00000ccc0000000100000cb4
00000cd00000000000000000
00000cb40000001400000000
00000cb80000000100000ca0
00000cbc0000000000000000
00000ca00000000600000cb4
00000ca40000000100000c8c
00000ca80000000000000000
00000c8c0000000600000000
00000c900000000100000c78
00000c940000000000000000
00000c780000000800020000
00000c7c0000000100000c64
00000c800000000000000000
00000c640000000500000c64
00000c680000000100000c58
00000c6c0000000000000000
00000c580000000000000000
00000d2c0000001400000000
00000d300000000f00000cc9
00000d340000000200000000
00000d380000000800000000
00000d3c000000052eafb000
00000d400000000400323000
00000d440000000100000d48
00000d4c0000000a00000d48
00000d500000000100000d54
00000d600000000b00000d54
00000d640000000100000d68
00000d740000000c00000d68
00000d780000000100000d7c
00000d880000000d00000d7c
00000d8c0000000100000d90
00000d9c0000000000000000
00000da00000000000000000
00000d900000001500000001
00000d940000000100000d7c
00000d980000000000000000
00000d7c0000001600000000
00000d800000000100000d68
00000d840000000000000000
00000d680000000800000000
00000d6c0000000100000d54
00000d700000000000000000
00000d540000000300002200
00000d580000000100000d48
00000d5c0000000000000000
00000d480000000000000000
00000da40000000200002d48
00000da80000001d00000002
00000dac0000000200000001
00000db00000000afffff2b7
00000db40000000000000000
00000db80000000f71359db8
00000dbc0000000f00000000
00000dc00000001d00000001
00000dc40000000000000000
00000dac0000000200000000
00000db00000000afffff2b7
00000db40000000000000000
00000db80000000f71359db8
00000dbc0000000f00000000
00000dc00000001d00000000
00000dc40000000000000000
00000dc8000000070000d7c0
00000dcc0000001300000000
00000dd00000000c00000000
00000dd400000014ffffde00
00000dd80000000400000001
00000ddc0000001d00000006
00000de00000000800000000
00000de40000001300000cdc
00000de80000000b00000000
00000dec00000010a2414dec
00000df00000001500000585
00000df40000001d00000005
00000df80000000000000000
00000de00000000800000000
00000de40000001300000cdc
00000de80000000b00000000
00000dec00000010a2414dec
00000df00000001500000585
00000df40000001d00000004
00000df80000000000000000
00000de00000000800000000
00000de40000001300000cdc
00000de80000000b00000000
00000dec00000010a2414dec
00000df00000001500000585
00000df40000001d00000003
00000df80000000000000000
00000de00000000800000000
00000de40000001300000cdc
00000de80000000b00000000
00000dec00000010a2414dec
00000df00000001500000585
00000df40000001d00000002
00000df80000000000000000
00000de00000000800000000
00000de40000001300000cdc
00000de80000000b00000000
00000dec00000010a2414dec
00000df00000001500000585
00000df40000001d00000001
00000df80000000000000000
00000de00000000800000000
00000de40000001300000cdc
00000de80000000b00000000
00000dec00000010a2414dec
00000df00000001500000585
00000df40000001d00000000
00000df80000000000000000
00000dfc0000000a00000820
00000e000000001600000f26
00000e040000000000000000
00000e140000001d00000003
00000e180000001300000d7c
00000e1c0000001d00000002
00000e200000000000000000
00000e180000001300000d7c
00000e1c0000001d00000001
00000e200000000000000000
00000e180000001300000d7c
00000e1c0000001d00000000
00000e200000000000000000
00000e240000000000000000
00000e280000000900002200
00000e2c0000000600000000
00000e300000000000000000
00000e340000001200000000
00000e38000000050000055c
00000e3c0000001d00000004
00000e400000000600000000
00000e440000000100080000
00000e480000001200000000
00000e4c0000001d00000003
00000e500000000000000000
00000e400000000600000000
00000e440000000100060000
00000e480000001200000000
00000e4c0000001d00000002
00000e500000000000000000
00000e400000000600000000
00000e440000000100040000
00000e480000001200000000
00000e4c0000001d00000001
00000e500000000000000000
00000e400000000600000000
00000e440000000100020000
00000e480000001200000000
00000e4c0000001d00000000
00000e500000000000000000
00000e540000001d00000005
00000e580000000800000005
00000e5c000000040000275c
00000e600000000500000000
00000e640000000800000000
00000e68000000010000275c
00000e6c0000000700000000
00000e700000001d00000004
00000e740000000000000000
00000e580000000800000004
00000e5c0000000400002200
00000e600000000500000000
00000e640000000800000000
00000e680000000100000000
00000e6c0000000700000001
00000e700000001d00000003
00000e740000000000000000
00000e580000000800000003
00000e5c0000000400002200
00000e600000000500000000
00000e640000000800000000
00000e680000000100002200
00000e6c0000000700000000
00000e700000001d00000002
00000e740000000000000000
00000e580000000800000002
00000e5c0000000400002200
00000e600000000500000000
00000e640000000800000000
00000e680000000100002200
00000e6c0000000700000000
00000e700000001d00000001
00000e740000000000000000
00000e580000000800000001
00000e5c0000000400002200
00000e600000000500000000
00000e640000000800000000
00000e680000000100002200
00000e6c0000000700000000
00000e700000001d00000000
00000e740000000000000000
00000e780000001400000001
00000e7c00000012a2414eca
00000e800000001400000000
00000e840000001d00000006
00000e880000001600000000
00000e8c0000000a00000001
00000e900000001d00000005
00000e940000000000000000
00000e880000001600000000
00000e8c0000000a00000001
00000e900000001d00000004
00000e940000000000000000
00000e880000001600000000
00000e8c0000000a00000001
00000e900000001d00000003
00000e940000000000000000
00000e880000001600000000
00000e8c0000000a00000001
00000e900000001d00000002
00000e940000000000000000
00000e880000001600000000
00000e8c0000000a00000001
00000e900000001d00000001
00000e940000000000000000
00000e880000001600000000
00000e8c0000000a00000001
00000e900000001d00000000
00000e940000000000000000
00000e980000000100000e9c
00000ea00000000a00000e9c
00000ea40000000100000ea8
00000eb40000000b00000ea8
00000eb80000000100000ebc
00000ec80000000c00000ebc
00000ecc0000000100000ed0
00000edc0000000d00000ed0
00000ee00000000100000ee4
00000ef00000000e00000ee4
00000ef40000000100000ef8
00000f040000000f00000ef8
00000f080000000100000f0c
00000f180000001000000f0c
00000f1c0000000100000f20
00000f2c0000001100000f20
00000f300000000100000f34
00000f400000001600000000
00000f440000000000000000
00000f340000001700000000
00000f380000000100000f20
00000f3c0000000000000000
00000f200000000200000000
00000f240000000100000f0c
00000f280000000000000000
00000f0c0000000700008000
00000f100000000100000ef8
00000f140000000000000000
00000ef80000000200000008
00000efc0000000100000ee4
00000f000000000000000000
00000ee40000001600010000
00000ee80000000100000ed0
00000eec0000000000000000
00000ed00000000600000000
00000ed40000000100000ebc
00000ed80000000000000000
00000ebc00000005e8278000
00000ec00000000100000ea8
00000ec40000000000000000
00000ea80000000200000000
00000eac0000000100000e9c
00000eb00000000000000000
00000e9c0000000000000000
00000f480000001400000000
00000f4c0000000500000000
00000f500000000500000000
00000f5400000008fffffe31
00000f5800000002d1871f58
00000f5c0000001d00000003
00000f600000000100000001
00000f640000000300000000
00000f680000000c80010e48
00000f6c0000001d00000002
00000f700000000000000000
00000f600000000100000001
00000f640000000300000000
00000f680000000c80010e48
00000f6c0000001d00000001
00000f700000000000000000
00000f600000000100000001
00000f640000000300000000
00000f680000000c80010e48
00000f6c0000001d00000000
00000f700000000000000000
00000f7400000002ee014000
00000f780000000000000000
00000f7c0000000000000000
00000f800000000b00000c78
00000f840000000200000d7c
00000f880000000d00000f0c
00000f8c0000000500000000
00000f900000001100000010
00000f940000001400000000
00000f980000000100000f9c
00000fa00000000a00000f9c
00000fa40000000100000fa8
00000fb40000000b00000fa8
00000fb80000000100000fbc
00000fc80000000c00000fbc
00000fcc0000000100000fd0
00000fdc0000000d00000fd0
00000fe00000000100000fe4
00000ff00000000e00000fe4
00000ff40000000100000ff8
000010040000000f00000ff8
00001008000000010000100c
00001018000000100000100c
0000101c0000000100001020
0000102c0000000400000ff8
000010300000000000000000
000010200000000000000000
00001024000000010000100c
000010280000000000000000
0000100c0000001600000000
000010100000000100000ff8
000010140000000000000000
00000ff80000001600000000
00000ffc0000000100000fe4
000010000000000000000000
00000fe400000008000027ff
00000fe80000000100000fd0
00000fec0000000000000000
00000fd000000017000013ff
00000fd40000000100000fbc
00000fd80000000000000000
00000fbc0000000700000000
00000fc00000000100000fa8
00000fc40000000000000000
00000fa80000001500000000
00000fac0000000100000f9c
00000fb00000000000000000
00000f9c0000000000000000
000010340000000a72c40000
000010380000001d00000002
0000103c0000000e00000fa8
0000104000000004000007f8
0000104400000011000007de
000010480000000c00000000
0000104c0000001100000000
000010500000001d00000001
000010540000000000000000
0000103c0000000e00000fa8
0000104000000004000007f8
000010440000001100000000
000010480000000c00000000
0000104c0000001100000000
000010500000001d00000000
000010540000000000000000
000010580000000000000000
0000105c00000017923fb05c
000010600000001700000fa8
000010640000000000000000
000010680000001600002200
0000106c0000000200000000
0000107000000002fffff800
000010740000001c00000005
000010780000001a00000001
0000107c0000001a00000008
000010800000001b00001080
000010840000001b00001088
000010880000000000000000
000010940000001900000119
000010980000000000000000
0000109c0000001c00000004
000010a00000000000000000
000010780000001a00000000
0000107c0000001a00000000
000010800000001b00001080
000010840000001b00001080
000010880000000000000000
0000108c000000190000011a
000010900000000000000000
0000109c0000001c00000003
000010a00000000000000000
000010780000001a00000001
0000107c0000001a00000008
000010800000001b00001080
000010840000001b00001088
000010880000000000000000
00001094000000190000011d
000010980000000000000000
0000109c0000001c00000002
000010a00000000000000000
000010780000001a00000000
0000107c0000001a00000000
000010800000001b00001080
000010840000001b00001080
000010880000000000000000
0000108c000000190000011e
000010900000000000000000
0000109c0000001c00000001
000010a00000000000000000
000010780000001a00000001
0000107c0000001a00000008
000010800000001b00001080
000010840000001b00001088
000010880000000000000000
000010940000001900000121
000010980000000000000000
0000109c0000001c00000000
000010a00000000000000000
000010a40000000000000000
000010a80000001c00000003
000010ac0000001a00000001
000010b00000001a00000008
000010b40000001b000010b4
000010b80000001b000010bc
000010bc00000001000010c0
000010c80000001900000124
000010cc0000000000000000
000010d00000001c00000002
000010d40000000000000000
000010ac0000001a00000000
000010b00000001a00000000
000010b40000001b000010b4
000010b80000001b000010b4
000010bc00000001000010c0
000010c00000001900000125
000010c40000000000000000
000010d00000001c00000001
000010d40000000000000000
000010ac0000001a00000001
000010b00000001a00000008
000010b40000001b000010b4
000010b80000001b000010bc
000010bc00000001000010c0
000010c80000001900000128
000010cc0000000000000000
000010d00000001c00000000
000010d40000000000000000
000010d80000000000000000
000010e00000000900000000
000010e40000000300000ff8
000010e800000017143360e8
000010ec0000001c00000004
000010f00000001a00000000
000010f40000001a00000000
000010f80000001b000010f8
000010fc0000001b000010f8
000011000000000000000000
000011040000001900000129
000011080000000000000000
000011140000001c00000003
000011180000000000000000
000010f00000001a00000001
000010f40000001a00000008
000010f80000001b000010f8
000010fc0000001b00001100
000011000000000000000000
0000110c000000190000012c
000011100000000000000000
000011140000001c00000002
000011180000000000000000
000010f00000001a00000000
000010f40000001a00000000
000010f80000001b000010f8
000010fc0000001b000010f8
000011000000000000000000
00001104000000190000012d
000011080000000000000000
000011140000001c00000001
000011180000000000000000
000010f00000001a00000001
000010f40000001a00000008
000010f80000001b000010f8
000010fc0000001b00001100
000011000000000000000000
0000110c0000001900000130
000011100000000000000000
000011140000001c00000000
000011180000000000000000
0000111c0000000ba2414eca
000011200000000900000fd0
000011240000000a00000000
000011280000000e00000000
0000112c0000000200000001
000011300000001d00000004
000011340000001200000001
0000113800000001000018bf
0000113c0000001700000000
00001140000000095dbeb137
0000114400000010ffffffff
000011480000000900000000
0000114c0000001d00000003
000011500000000000000000
000011340000001200000001
0000113800000001000020be
0000113c0000001700000000
00001140000000095dbeb137
0000114400000010ffffffff
000011480000000900000000
0000114c0000001d00000002
000011500000000000000000
000011340000001200000001
0000113800000001000028bd
0000113c0000001700000000
00001140000000095dbeb137
0000114400000010ffffffff
000011480000000900000000
0000114c0000001d00000001
000011500000000000000000
000011340000001200000001
0000113800000001000030bc
0000113c0000001700000000
00001140000000095dbeb137
0000114400000010ffffffff
000011480000000900000000
0000114c0000001d00000000
000011500000000000000000
000011540000001000002000
000011580000000000000000
0000115c0000000100001160
000011640000000a00001160
00001168000000010000116c
000011780000000b0000116c
0000117c0000000100001180
0000118c0000000c00001180
000011900000000100001194
000011a00000000d00001194
000011a400000001000011a8
000011b40000000e000011a8
000011b800000001000011bc
000011c80000000f000011bc
000011cc00000001000011d0
000011dc00000010000011d0
000011e000000001000011e4
000011f000000011000011e4
000011f400000001000011f8
0000120400000012000011f8
00001208000000010000120c
00001218000000130000120c
0000121c0000000100001220
0000122c0000000000000000
000012300000000000000000
00001220000000040000116c
00001224000000010000120c
000012280000000000000000
0000120c000000043b923000
0000121000000001000011f8
000012140000000000000000
000011f80000001500000000
000011fc00000001000011e4
000012000000000000000000
000011e40000001400000000
000011e800000001000011d0
000011ec0000000000000000
000011d00000001600001000
000011d400000001000011bc
000011d80000000000000000
000011bc0000000400000000
000011c000000001000011a8
000011c40000000000000000
000011a80000000300000000
000011ac0000000100001194
000011b00000000000000000
00001194000000066e676194
000011980000000100001180
0000119c0000000000000000
000011800000001600000000
00001184000000010000116c
000011880000000000000000
0000116c0000000800001180
000011700000000100001160
000011740000000000000000
000011600000000000000000
000012340000001d00000006
000012380000000200000010
0000123c0000000900000000
000012400000000000000000
000012440000000900000000
000012480000000a1043e000
0000124c000000090000020c
000012500000001d00000005
000012540000000000000000
000012380000000200080000
0000123c0000000900000000
000012400000000000000000
000012440000000900000000
000012480000000a1043e000
0000124c000000090000020c
000012500000001d00000004
000012540000000000000000
000012380000000200000008
0000123c0000000900000000
000012400000000000000000
000012440000000900000000
000012480000000a1043e000
0000124c000000090000020c
000012500000001d00000003
000012540000000000000000
000012380000000200000800
0000123c0000000900000000
000012400000000000000000
000012440000000900000000
000012480000000a1043e000
0000124c000000090000020c
000012500000001d00000002
000012540000000000000000
000012380000000200000008
0000123c0000000900000000
000012400000000000000000
000012440000000900000000
000012480000000a1043e000
0000124c000000090000020c
000012500000001d00000001
000012540000000000000000
000012380000000200000800
0000123c0000000900000000
000012400000000000000000
000012440000000900000000
000012480000000a1043e000
0000124c000000090000020c
000012500000001d00000000
000012540000000000000000
000012580000000000000000
0000125c0000000e00000000
000012600000000af35f2260
000012640000000f00000000
000012680000001400001181
0000126c0000000000000000
000012800000000000000000
0000128c0000000883ada28c
0000129000000001ffffe960
000012940000001c00000005
000012980000001a00000001
0000129c0000001a00000008
000012a00000001b000012a0
000012a40000001b000012a8
000012a800000001000012ac
000012b40000001900000133
000012b80000000000000000
000012bc0000001c00000004
000012c00000000000000000
000012980000001a00000000
0000129c0000001a00000000
000012a00000001b000012a0
000012a40000001b000012a0
000012a800000001000012ac
000012ac0000001900000134
000012b00000000000000000
000012bc0000001c00000003
000012c00000000000000000
000012980000001a00000001
0000129c0000001a00000008
000012a00000001b000012a0
000012a40000001b000012a8
000012a800000001000012ac
000012b40000001900000137
000012b80000000000000000
000012bc0000001c00000002
000012c00000000000000000
000012980000001a00000000
0000129c0000001a00000000
000012a00000001b000012a0
000012a40000001b000012a0
000012a800000001000012ac
000012ac0000001900000138
000012b00000000000000000
000012bc0000001c00000001
000012c00000000000000000
000012980000001a00000001
0000129c0000001a00000008
000012a00000001b000012a0
000012a40000001b000012a8
000012a800000001000012ac
000012b4000000190000013b
000012b80000000000000000
000012bc0000001c00000000
000012c00000000000000000
000012c40000001d00000003
000012c80000000200000000
000012cc000000070006e676
000012d00000001d00000002
000012d40000000000000000
000012c80000000200000000
000012cc000000070006e676
000012d00000001d00000001
000012d40000000000000000
000012c80000000200000000
000012cc000000070006e676
000012d00000001d00000000
000012d40000000000000000
000012d80000000900000000
000012dc0000001d00000004
000012e000000001ffffeaa8
000012e40000001d00000003
000012e80000000000000000
000012e000000001ffffeaa8
000012e40000001d00000002
000012e80000000000000000
000012e000000001ffffeaa8
000012e40000001d00000001
000012e80000000000000000
000012e000000001ffffeaa8
000012e40000001d00000000
000012e80000000000000000
000012ec0000000b00000000
000012f000000013023a8000
000012f40000000000000000
000012f80000001300000000
000012fc0000001400000000
000013000000001500000000
000013040000001700000001
000013080000001300000001
0000130c0000000000000000
000013100000001000000001
0000131400000011000011e4
000013180000001500000000
0000131c000000014aafb31c
00001320000000100000223a
000013240000000100001328
0000132c0000000a00001328
000013300000000100001334
000013400000000b00001334
000013440000000100001348
000013540000000c00001348
00001358000000010000135c
000013680000000d0000135c
0000136c0000000100001370
0000137c0000000e00001370
000013800000000100001384
000013900000001683ada3c7
000013940000000000000000
000013840000000600000023
000013880000000100001370
0000138c0000000000000000
000013700000001500000000
00001374000000010000135c
000013780000000000000000
0000135c000000080882b000
000013600000000100001348
000013640000000000000000
000013480000000000000000
0000134c0000000100001334
000013500000000000000000
000013340000000800001008
000013380000000100001328
0000133c0000000000000000
000013280000000000000000
000013980000000000000000
0000139c0000001100000000
000013a00000000000000000
000013ac0000000600000038
000013b00000000f00000001
000013b40000001d00000005
000013b80000001500000000
000013bc0000001d00000004
000013c00000000000000000
000013b80000001500000000
000013bc0000001d00000003
000013c00000000000000000
000013b80000001500000000
000013bc0000001d00000002
000013c00000000000000000
000013b80000001500000000
000013bc0000001d00000001
000013c00000000000000000
000013b80000001500000000
000013bc0000001d00000000
000013c00000000000000000
000013c40000001d00000003
000013c80000000500000000
000013cc00000013000011f8
000013d00000001d00000002
000013d40000000000000000
000013c80000000500000000
000013cc00000013000011f8
000013d00000001d00000001
000013d40000000000000000
000013c80000000500000000
000013cc00000013000011f8
000013d00000001d00000000
000013d40000000000000000
000013d80000000f00001370
000013dc00000006ffffffff
000013e0000000160000223a
000013e4000000091d5a8000
000013e80000000800000000
000013ec00000013000012a8
000013f0000000091d000000
000013f40000000e00000008
000013f80000000e0000013b
000013fc000000170000093a
0000140000000010000032ba
000014040000001d00000002
000014080000000300000000
0000140c0000000534000000
000014100000000300000000
000014140000001300009940
00001418000000110000093a
0000141c0000001d00000001
000014200000000000000000
000014080000000300000000
0000140c0000000534000000
000014100000000300000000
000014140000001300009940
00001418000000110000093a
0000141c0000001d00000000
000014200000000000000000
000014240000000000000000
000014280000000400000000
0000142c0000000b00000000
000014300000001700000000
000014340000001700000108
000014380000001000000002
0000143c0000000700000000
000014400000001d00000002
000014440000001400100000
000014480000000601000000
0000144c0000000700000000
000014500000000100001328
000014540000001500000000
000014580000000f00001348
0000145c0000001d00000001
000014600000000000000000
000014440000001400080000
000014480000000601000000
0000144c0000000700000000
000014500000000100001328
000014540000001500000000
000014580000000f00001348
0000145c0000001d00000000
000014600000000000000000
000014640000000e00000001
000014680000000ca1546000
0000146c0000000100001470
000014740000000a00001470
00001478000000010000147c
000014880000000b0000147c
0000148c0000000100001490
0000149c0000000c00001490
000014a000000001000014a4
000014b00000000d000014a4
000014b400000001000014b8
000014c40000001400000001
000014c80000000000000000
000014b80000001400000000
000014bc00000001000014a4
000014c00000000000000000
000014a400000016000014a4
000014a80000000100001490
000014ac0000000000000000
000014900000000500000002
00001494000000010000147c
000014980000000000000000
0000147c000000070000147c
000014800000000100001470
000014840000000000000000
000014700000000000000000
000014cc0000001700000000
000014d00000000000000000
000014e40000000400000093
000014e80000000300000001
000014ec000000020000147c
000014f000000015dd4394f0
000014f40000001701000000
000014f80000000700000000
000014fc0000000000000000
000015080000000d0000093a
0000150c0000001d00000003
000015100000000000000000
000015140000000000000000
000015180000000700000000
0000151c0000001d00000002
000015200000000000000000
000015100000000000000000
000015140000000000000000
000015180000000700000000
0000151c0000001d00000001
000015200000000000000000
000015100000000000000000
000015140000000000000000
000015180000000700000000
0000151c0000001d00000000
000015200000000000000000
000015240000000300000000
000015280000000800000939
0000152c0000000600000820
000015300000000cfffff939
000015340000000f000014f4
00001538000000010000153c
000015400000000a0000153c
000015440000000100001548
000015540000000b00001548
00001558000000010000155c
000015680000000c0000155c
0000156c0000000100001570
0000157c0000000d00001570
000015800000000100001584
000015900000000900000001
000015940000000000000000
000015840000000400000000
000015880000000100001570
0000158c0000000000000000
000015700000000300000000
00001574000000010000155c
000015780000000000000000
0000155c0000000900012720
000015600000000100001548
000015640000000000000000
000015480000000413782000
0000154c000000010000153c
000015500000000000000000
0000153c0000000000000000
000015980000000e00000000
0000159c00000001000015a0
000015a40000000a000015a0
000015a800000001000015ac
000015b80000000b000015ac
000015bc00000001000015c0
000015cc0000000c000015c0
000015d000000001000015d4
000015e00000000d000015d4
000015e400000001000015e8
000015f40000000e000015e8
000015f800000001000015fc
000016080000000f000015fc
0000160c0000000100001610
0000161c0000001500000000
000016200000000000000000
0000161000000003fffedf20
0000161400000001000015fc
000016180000000000000000
000015fc0000000400000000
0000160000000001000015e8
000016040000000000000000
000015e80000000800000000
000015ec00000001000015d4
000015f00000000000000000
000015d40000000600000000
000015d800000001000015c0
000015dc0000000000000000
000015c000000002ffffde00
000015c400000001000015ac
000015c80000000000000000
000015ac0000001600000000
000015b000000001000015a0
000015b40000000000000000
000015a00000000000000000
000016240000001c00000005
000016280000001a00000001
0000162c0000001a00000008
000016300000001b00001630
000016340000001b00001638
00001638000000010000163c
00001644000000190000013e
000016480000000000000000
0000164c0000001c00000004
000016500000000000000000
000016280000001a00000000
0000162c0000001a00000000
000016300000001b00001630
000016340000001b00001630
00001638000000010000163c
0000163c000000190000013f
000016400000000000000000
0000164c0000001c00000003
000016500000000000000000
000016280000001a00000001
0000162c0000001a00000008
000016300000001b00001630
000016340000001b00001638
00001638000000010000163c
000016440000001900000142
000016480000000000000000
0000164c0000001c00000002
000016500000000000000000
000016280000001a00000000
0000162c0000001a00000000
000016300000001b00001630
000016340000001b00001630
00001638000000010000163c
0000163c0000001900000143
000016400000000000000000
0000164c0000001c00000001
000016500000000000000000
000016280000001a00000001
0000162c0000001a00000008
000016300000001b00001630
000016340000001b00001638
00001638000000010000163c
000016440000001900000146
000016480000000000000000
0000164c0000001c00000000
000016500000000000000000
000016540000000800000000
0000165800000012bf757000
0000165c0000000000000000
000016600000000000000000
000016640000000400000000
000016680000000c00000000
0000166c0000001d00000003
000016700000000500000000
000016740000000900000001
000016780000000000000000
0000167c0000001401000000
000016800000001d00000002
000016840000000000000000
000016700000000500000000
000016740000000900000000
000016780000000000000000
0000167c0000001401000000
000016800000001d00000001
000016840000000000000000
000016700000000500000000
000016740000000900000001
000016780000000000000000
0000167c0000001401000000
000016800000001d00000000
000016840000000000000000
000016880000000000000000
0000168c00000015000015ac
000016900000001300000001
000016940000000100000000
000016980000001d00000004
0000169c000000100000003f
000016a00000000100000001
000016a40000000000000000
000016a80000001d00000003
000016ac0000000000000000
0000169c000000100000003f
000016a00000000100000001
000016a40000000000000000
000016a80000001d00000002
000016ac0000000000000000
0000169c000000100000003f
000016a00000000100000001
000016a40000000000000000
000016a80000001d00000001
000016ac0000000000000000
0000169c000000100000003f
000016a00000000100000001
000016a40000000000000000
000016a80000001d00000000
000016ac0000000000000000
000016b00000000300000000
000016b40000001300000000
000016b80000001400000008
000016bc0000000600000820
000016c000000014000012c6
000016c40000000e00000000
000016c80000000e00000000
000016cc0000000dfffffe38
000016d00000000000000000
000016d40000000000000000
000016d80000001200000000
000016dc0000000600000008
000016e00000000d00000001
000016e40000000e00000000
000016e80000001400000188
000016ec0000000600000000
000016f000000001000016f4
000016f80000000a000016f4
000016fc0000000100001700
0000170c0000000b00001700
000017100000000100001714
000017200000000c00001714
000017240000000100001728
000017340000000d00001728
00001738000000010000173c
000017480000000e0000173c
0000174c0000000100001750
0000175c0000000800000000
000017600000000000000000
000017500000000400000000
00001754000000010000173c
000017580000000000000000
0000173c0000000300000000
000017400000000100001728
000017440000000000000000
000017280000000700000000
0000172c0000000100001714
000017300000000000000000
0000171400000017000007fe
000017180000000100001700
0000171c0000000000000000
000017000000001600000001
0000170400000001000016f4
000017080000000000000000
000016f40000000000000000
000017640000000c00000000
000017680000001400000000
0000176c0000000d00000001
000017700000001800000000
000017740000000000000000
0000177c0000000000000000
