000000000000001f00002000
000000040000001e00002000
000000080000001e00002200
0000000c000000013a096000
00000010000000013a096533
00000014000000025ed35000
00000018000000025ed34fe5
0000001c00000003f658f000
0000002000000003f658f7a7
000000240000000460183000
00000028000000046018366c
0000002c0000000520574000
0000003000000005205738d1
000000340000000631701000
0000003800000006317017a6
0000003c00000007b46ee000
0000004000000007b46ee1da
00000044000000080b351000
00000048000000080b3510b0
0000004c0000000915ceb000
000000500000000915ceb3a1
000000540000000a23082000
000000580000000a230824d2
0000005c0000000b3f585000
000000600000000b3f584ad4
000000640000000ccfaf0000
000000680000000ccfaf0010
0000006c0000000dffc6e000
000000700000000dffc6e35c
000000740000000e81a0d000
000000780000000e81a0d5b3
0000007c0000000f359b1000
000000800000000f359b1548
00000084000000106694f000
00000088000000106694f229
0000008c00000011a4518000
0000009000000011a4517d6c
000000940000001207c15000
000000980000001207c15471
0000009c000000137589d000
000000a0000000137589ca4a
000000a4000000147cc66000
000000a8000000147cc661e9
000000ac0000001574008000
000000b00000001574007cb4
000000b40000001663f66000
000000b80000001663f65da8
000000bc000000177eb73000
000000c0000000177eb72f82
000000c40000001800000002
000000c80000000d205758d1
000000cc0000001000000020
000000d00000000db80bd300
000000d400000015b80bdaff
000000d80000001300000000
000000dc00000006317017a6
000000e00000001100000000
000000e400000001000000e8
000000ec0000000a000000e8
000000f000000001000000f4
000001000000000b000000f4
000001040000000100000108
000001140000000c00000108
00000118000000010000011c
000001280000000d0000011c
0000012c0000000100000130
0000013c0000000000000000
000001400000000000000000
000001300000000661655130
00000134000000010000011c
000001380000000000000000
0000011c0000000300000001
000001200000000100000108
000001240000000000000000
000001080000000800000000
0000010c00000001000000f4
000001100000000000000000
000000f40000000781a0d5b3
000000f800000001000000e8
000000fc0000000000000000
000000e80000000000000000
000001440000001360183e6b
000001480000001100000000
0000014c00000005d7f80000
000001500000000c00002000
000001540000000100000158
0000015c0000000a00000158
000001600000000100000164
000001700000000b00000164
000001740000000100000178
000001840000000c00000178
00000188000000010000018c
000001980000000d0000018c
0000019c00000001000001a0
000001ac0000000e000001a0
000001b000000001000001b4
000001c00000000f000001b4
000001c400000001000001c8
000001d400000010000001c8
000001d800000001000001dc
000001e800000011000001dc
000001ec00000001000001f0
000001fc00000012000001f0
000002000000000100000204
0000021000000016fffff930
000002140000000000000000
000002040000000300000000
0000020800000001000001f0
0000020c0000000000000000
000001f0000000037cc661e9
000001f400000001000001dc
000001f80000000000000000
000001dc000000140000017a
000001e000000001000001c8
000001e40000000000000000
000001c80000001500000000
000001cc00000001000001b4
000001d00000000000000000
000001b400000009e30626e3
000001b800000001000001a0
000001bc0000000000000000
000001a000000015fffffe51
000001a4000000010000018c
000001a80000000000000000
0000018c0000001500000000
000001900000000100000178
000001940000000000000000
000001780000000900011000
0000017c0000000100000164
000001800000000000000000
000001640000000000000000
000001680000000100000158
0000016c0000000000000000
000001580000000000000000
000002180000001400000000
0000021c0000001c00000005
000002200000001a00000001
000002240000001a00000008
000002280000001b00000228
0000022c0000001b00000230
000002300000000000000000
0000023c0000001900000003
000002400000000000000000
000002440000001c00000004
000002480000000000000000
000002200000001a00000000
000002240000001a00000000
000002280000001b00000228
0000022c0000001b00000228
000002300000000000000000
000002340000001900000004
000002380000000000000000
000002440000001c00000003
000002480000000000000000
000002200000001a00000001
000002240000001a00000008
000002280000001b00000228
0000022c0000001b00000230
000002300000000000000000
0000023c0000001900000007
000002400000000000000000
000002440000001c00000002
000002480000000000000000
000002200000001a00000000
000002240000001a00000000
000002280000001b00000228
0000022c0000001b00000228
000002300000000000000000
000002340000001900000008
000002380000000000000000
000002440000001c00000001
000002480000000000000000
000002200000001a00000001
000002240000001a00000008
000002280000001b00000228
0000022c0000001b00000230
000002300000000000000000
0000023c000000190000000b
000002400000000000000000
000002440000001c00000000
000002480000000000000000
0000024c0000000000000000
000002500000000000000000
000002540000000f00000000
0000025800000014000000b8
0000025c00000007cb1eb25c
000002600000000000000000
000002640000000000000000
00000268000000020d7f8000
0000026c0000001d00000006
000002700000000bf79b3000
000002740000000000000000
000002780000000900000080
0000027c0000001200000000
000002800000000000000000
000002840000001d00000005
000002880000000000000000
000002700000000bf79b3000
000002740000000000000000
000002780000000900000080
0000027c0000001200000000
000002800000000000000000
000002840000001d00000004
000002880000000000000000
000002700000000bf79b3000
000002740000000000000000
000002780000000900000080
0000027c0000001200000000
000002800000000000000000
000002840000001d00000003
000002880000000000000000
000002700000000bf79b3000
000002740000000000000000
000002780000000900000080
0000027c0000001200000000
000002800000000000000000
000002840000001d00000002
000002880000000000000000
000002700000000bf79b3000
000002740000000000000000
000002780000000900000080
0000027c0000001200000000
000002800000000000000000
000002840000001d00000001
000002880000000000000000
000002700000000bf79b3000
000002740000000000000000
000002780000000900000080
0000027c0000001200000000
000002800000000000000000
000002840000001d00000000
000002880000000000000000
0000028c0000000000000000
000002900000000000000000
00000294000000060f93a000
0000029800000017000007ff
0000029c00000017c798b000
000002a00000000a00000000
000002a40000001d00000005
000002a80000001534e16fa4
000002ac0000000cfffff930
000002b00000000500000000
000002b40000000000000000
000002b80000001d00000004
000002bc0000000000000000
000002a80000001534e16fa4
000002ac0000000cfffff930
000002b00000000500000000
000002b40000000000000000
000002b80000001d00000003
000002bc0000000000000000
000002a80000001534e16fa4
000002ac0000000cfffff930
000002b00000000500000000
000002b40000000000000000
000002b80000001d00000002
000002bc0000000000000000
000002a80000001534e16fa4
000002ac0000000cfffff930
000002b00000000500000000
000002b40000000000000000
000002b80000001d00000001
000002bc0000000000000000
000002a80000001534e16fa4
000002ac0000000cfffff930
000002b00000000500000000
000002b40000000000000000
000002b80000001d00000000
000002bc0000000000000000
000002c00000001c00000005
000002c40000001a00000001
000002c80000001a00000008
000002cc0000001b000002cc
000002d00000001b000002d4
000002d40000000000000000
000002e0000000190000000e
000002e40000000000000000
000002e80000001c00000004
000002ec0000000000000000
000002c40000001a00000000
000002c80000001a00000000
000002cc0000001b000002cc
000002d00000001b000002cc
000002d40000000000000000
000002d8000000190000000f
000002dc0000000000000000
000002e80000001c00000003
000002ec0000000000000000
000002c40000001a00000001
000002c80000001a00000008
000002cc0000001b000002cc
000002d00000001b000002d4
000002d40000000000000000
000002e00000001900000012
000002e40000000000000000
000002e80000001c00000002
000002ec0000000000000000
000002c40000001a00000000
000002c80000001a00000000
000002cc0000001b000002cc
000002d00000001b000002cc
000002d40000000000000000
000002d80000001900000013
000002dc0000000000000000
000002e80000001c00000001
000002ec0000000000000000
000002c40000001a00000001
000002c80000001a00000008
000002cc0000001b000002cc
000002d00000001b000002d4
000002d40000000000000000
000002e00000001900000016
000002e40000000000000000
000002e80000001c00000000
000002ec0000000000000000
000002f0000000136df58000
000002f40000000000000000
000002f80000000800000001
000002fc00000015bdcea2fc
000003000000001600000000
000003040000001500000000
000003080000001400000001
0000030c00000013f79b3001
000003100000001d00000004
000003140000000700000000
000003180000000400000001
0000031c00000001936df000
000003200000001d00000003
000003240000000000000000
000003140000000700000000
000003180000000400000001
0000031c00000001936df000
000003200000001d00000002
000003240000000000000000
000003140000000700000000
000003180000000400000001
0000031c00000001936df000
000003200000001d00000001
000003240000000000000000
000003140000000700000000
000003180000000400000001
0000031c00000001936df000
000003200000001d00000000
000003240000000000000000
000003280000000000000000
0000032c0000000b00000008
000003300000000000000000
000003340000000e00000040
000003380000000e00000001
0000033c0000001000000001
000003400000001c00000004
000003440000001a00000000
000003480000001a00000000
0000034c0000001b0000034c
000003500000001b0000034c
000003540000000100000358
000003580000001900000017
0000035c0000000000000000
000003680000001c00000003
0000036c0000000000000000
000003440000001a00000001
000003480000001a00000008
0000034c0000001b0000034c
000003500000001b00000354
000003540000000100000358
00000360000000190000001a
000003640000000000000000
000003680000001c00000002
0000036c0000000000000000
000003440000001a00000000
000003480000001a00000000
0000034c0000001b0000034c
000003500000001b0000034c
000003540000000100000358
00000358000000190000001b
0000035c0000000000000000
000003680000001c00000001
0000036c0000000000000000
000003440000001a00000001
000003480000001a00000008
0000034c0000001b0000034c
000003500000001b00000354
000003540000000100000358
00000360000000190000001e
000003640000000000000000
000003680000001c00000000
0000036c0000000000000000
0000037000000009b408e370
000003740000000000000000
000003800000000800000001
000003840000000000000000
000003900000001600000000
000003940000000000000000
000003a00000000000000000
000003a40000000d00000001
000003a8000000100000000f
000003ac0000000000000000
000003b00000001491052000
000003b40000000d000007ff
000003b80000001d00000005
000003bc0000000c833999e9
000003c00000001200000000
000003c400000010fffff801
000003c80000001d00000004
000003cc0000000000000000
000003bc0000000c833999e9
000003c00000001200000000
000003c400000010fffff801
000003c80000001d00000003
000003cc0000000000000000
000003bc0000000c833999e9
000003c00000001200000000
000003c400000010fffff801
000003c80000001d00000002
000003cc0000000000000000
000003bc0000000c833999e9
000003c00000001200000000
000003c400000010fffff801
000003c80000001d00000001
000003cc0000000000000000
000003bc0000000c833999e9
000003c00000001200000000
000003c400000010fffff801
000003c80000001d00000000
000003cc0000000000000000
000003d00000000400000000
000003d40000000d00000000
000003d80000001341325000
000003dc0000000400000000
000003e00000000d00000000
000003e400000016b80483e4
000003e80000000f00000001
000003ec0000000b8154a3ec
000003f00000000e41325001
000003f400000001000003f8
000003fc0000000a000003f8
000004000000000100000404
000004100000000b00000404
000004140000000100000418
000004240000000c00000418
00000428000000010000042c
000004380000000200000001
0000043c0000000000000000
0000042c000000084f4e5000
000004300000000100000418
000004340000000000000000
000004180000001700000000
0000041c0000000100000404
000004200000000000000000
0000040400000003000003f8
0000040800000001000003f8
0000040c0000000000000000
000003f80000000000000000
000004400000001700000001
000004440000000219b3e000
000004480000000800000000
0000044c000000090f939ff8
000004500000000000000000
000004540000001c00000004
000004580000001a00000000
0000045c0000001a00000000
000004600000001b00000460
000004640000001b00000460
00000468000000010000046c
0000046c000000190000001f
000004700000000000000000
0000047c0000001c00000003
000004800000000000000000
000004580000001a00000001
0000045c0000001a00000008
000004600000001b00000460
000004640000001b00000468
00000468000000010000046c
000004740000001900000022
000004780000000000000000
0000047c0000001c00000002
000004800000000000000000
000004580000001a00000000
0000045c0000001a00000000
000004600000001b00000460
000004640000001b00000460
00000468000000010000046c
0000046c0000001900000023
000004700000000000000000
0000047c0000001c00000001
000004800000000000000000
000004580000001a00000001
0000045c0000001a00000008
000004600000001b00000460
000004640000001b00000468
00000468000000010000046c
000004740000001900000026
000004780000000000000000
0000047c0000001c00000000
000004800000000000000000
0000048400000017fffffe23
00000488000000010000048c
000004900000000a0000048c
000004940000000100000498
000004a40000000b00000498
000004a800000001000004ac
000004b80000000c000004ac
000004bc00000001000004c0
000004cc0000000d000004c0
000004d000000001000004d4
000004e00000000e000004d4
000004e400000001000004e8
000004f40000000f000004e8
000004f800000001000004fc
0000050800000010000004fc
0000050c0000000100000510
0000051c0000001100000510
000005200000000100000524
000005300000001200000524
000005340000000100000538
000005440000001400000000
000005480000000000000000
000005380000001400000000
0000053c0000000100000524
000005400000000000000000
000005240000000626000000
000005280000000100000510
0000052c0000000000000000
000005100000001400000000
0000051400000001000004fc
000005180000000000000000
000004fc0000001700000000
0000050000000001000004e8
000005040000000000000000
000004e80000001400000000
000004ec00000001000004d4
000004f00000000000000000
000004d400000016ffffffff
000004d800000001000004c0
000004dc0000000000000000
000004c000000009e2321000
000004c400000001000004ac
000004c80000000000000000
000004ac0000000000000000
000004b00000000100000498
000004b40000000000000000
000004980000000500000000
0000049c000000010000048c
000004a00000000000000000
0000048c0000000000000000
0000054c0000001141325000
000005500000001000000001
000005540000000600000000
000005580000000200000224
0000055c0000000d00000000
000005600000000100000564
000005680000000a00000564
0000056c0000000100000570
0000057c0000000b00000570
000005800000000100000584
000005900000001500000000
000005940000000000000000
0000058400000003000007ff
000005880000000100000570
0000058c0000000000000000
000005700000001600000000
000005740000000100000564
000005780000000000000000
000005640000000000000000
000005980000001602406000
0000059c0000000f00000001
000005a00000000000000000
000005b00000001d00000006
000005b40000001500000000
000005b80000001d00000005
000005bc0000000000000000
000005b40000001500000000
000005b80000001d00000004
000005bc0000000000000000
000005b40000001500000000
000005b80000001d00000003
000005bc0000000000000000
000005b40000001500000000
000005b80000001d00000002
000005bc0000000000000000
000005b40000001500000000
000005b80000001d00000001
000005bc0000000000000000
000005b40000001500000000
000005b80000001d00000000
000005bc0000000000000000
000005c00000000500000ae0
000005c40000000a000007ff
000005c80000001200000000
000005cc0000000200000000
000005d00000001c00000005
000005d40000001a00000001
000005d80000001a00000008
000005dc0000001b000005dc
000005e00000001b000005e4
000005e400000001000005e8
000005f00000001900000029
000005f40000000000000000
000005f80000001c00000004
000005fc0000000000000000
000005d40000001a00000000
000005d80000001a00000000
000005dc0000001b000005dc
000005e00000001b000005dc
000005e400000001000005e8
000005e8000000190000002a
000005ec0000000000000000
000005f80000001c00000003
000005fc0000000000000000
000005d40000001a00000001
000005d80000001a00000008
000005dc0000001b000005dc
000005e00000001b000005e4
000005e400000001000005e8
000005f0000000190000002d
000005f40000000000000000
000005f80000001c00000002
000005fc0000000000000000
000005d40000001a00000000
000005d80000001a00000000
000005dc0000001b000005dc
000005e00000001b000005dc
000005e400000001000005e8
000005e8000000190000002e
000005ec0000000000000000
000005f80000001c00000001
000005fc0000000000000000
000005d40000001a00000001
000005d80000001a00000008
000005dc0000001b000005dc
000005e00000001b000005e4
000005e400000001000005e8
000005f00000001900000031
000005f40000000000000000
000005f80000001c00000000
000005fc0000000000000000
000006000000001d00000002
000006040000001000000000
000006080000001012d47000
0000060c00000009085c260c
000006100000000100000000
000006140000001d00000001
000006180000000000000000
000006040000001000000000
000006080000001012d47000
0000060c00000009085c260c
000006100000000100000000
000006140000001d00000000
000006180000000000000000
0000061c0000000b00000000
000006200000000000000000
000006240000001d00000005
000006280000001700000000
0000062c0000000900000000
000006300000001d00000004
000006340000000000000000
000006280000001700000000
0000062c0000000900000000
000006300000001d00000003
000006340000000000000000
000006280000001700000000
0000062c0000000900000000
000006300000001d00000002
000006340000000000000000
000006280000001700000000
0000062c0000000900000000
000006300000001d00000001
000006340000000000000000
000006280000001700000000
0000062c0000000900000000
000006300000001d00000000
000006340000000000000000
000006380000000e00000000
0000063c0000000ffffffa1c
000006400000000000000000
000006440000000e00000001
000006480000000500000000
0000064c0000000b00000000
000006500000000600000001
000006540000001300000001
000006580000001c00000004
0000065c0000001a00000000
000006600000001a00000000
000006640000001b00000664
000006680000001b00000664
0000066c0000000100000670
000006700000001900000032
000006740000000000000000
000006800000001c00000003
000006840000000000000000
0000065c0000001a00000001
000006600000001a00000008
000006640000001b00000664
000006680000001b0000066c
0000066c0000000100000670
000006780000001900000035
0000067c0000000000000000
000006800000001c00000002
000006840000000000000000
0000065c0000001a00000000
000006600000001a00000000
000006640000001b00000664
000006680000001b00000664
0000066c0000000100000670
000006700000001900000036
000006740000000000000000
000006800000001c00000001
000006840000000000000000
0000065c0000001a00000001
000006600000001a00000008
000006640000001b00000664
000006680000001b0000066c
0000066c0000000100000670
000006780000001900000039
0000067c0000000000000000
000006800000001c00000000
000006840000000000000000
000006880000000000000000
0000068c0000001d00000002
000006900000000100000000
000006940000001d00000001
000006980000000000000000
000006900000000100000000
000006940000001d00000000
000006980000000000000000
0000069c0000001000000000
000006a00000000100000039
000006a40000000c00000000
000006a80000000f00000000
000006ac00000009000007ff
000006b00000000000000000
000006b40000000000000000
000006c40000000000000000
000006c80000000b00000000
000006cc0000001d00000004
000006d00000001700000000
000006d40000000500000002
000006d80000000000000000
000006dc0000000000000000
000006e00000001d00000003
000006e40000000000000000
000006d00000001700000000
000006d40000000500000002
000006d80000000000000000
000006dc0000000000000000
000006e00000001d00000002
000006e40000000000000000
000006d00000001700000000
000006d40000000500000002
000006d80000000000000000
000006dc0000000000000000
000006e00000001d00000001
000006e40000000000000000
000006d00000001700000000
000006d40000000500000002
000006d80000000000000000
000006dc0000000000000000
000006e00000001d00000000
000006e40000000000000000
000006e800000012000027ff
000006ec0000000500000000
000006f00000000000000000
000006f40000000600000000
000006f80000000800000001
000006fc0000000c02406000
000007000000001400000008
000007040000000502406000
000007080000001d00000003
0000070c0000000e02406000
000007100000001700000000
000007140000000a00000000
0000071800000005fffff800
0000071c0000001d00000002
000007200000000000000000
0000070c0000000efffff800
000007100000001700000000
000007140000000a00000000
0000071800000005fffff800
0000071c0000001d00000001
000007200000000000000000
0000070c0000000efffff800
000007100000001700000000
000007140000000a00000000
0000071800000005fffff800
0000071c0000001d00000000
000007200000000000000000
000007240000000affffffff
000007280000000d00000000
0000072c00000010000007ff
000007300000001100000000
000007340000000e00000000
000007380000000d000007ff
0000073c0000000800000000
000007400000001d00000004
000007440000000900000039
000007480000000000000000
0000074c0000001d00000003
000007500000000000000000
000007440000000900000039
000007480000000000000000
0000074c0000001d00000002
000007500000000000000000
000007440000000900000039
000007480000000000000000
0000074c0000001d00000001
000007500000000000000000
000007440000000900000039
000007480000000000000000
0000074c0000001d00000000
000007500000000000000000
000007540000000b000007ff
000007580000001300000001
0000075c0000000f767c2000
000007600000000300000039
000007640000000100000768
0000076c0000000000000000
000007700000000000000000
000007680000000000000000
000007740000000000000000
0000077800000013000007ff
0000077c0000001d00000002
000007800000000e00000000
000007840000000000000000
000007880000000200000000
0000078c0000000e00000020
000007900000001d00000001
000007940000000000000000
000007800000000e00000000
000007840000000000000000
000007880000000200000000
0000078c0000000e00000020
000007900000001d00000000
000007940000000000000000
000007980000001c00000005
0000079c0000001a00000001
000007a00000001a00000008
000007a40000001b000007a4
000007a80000001b000007ac
000007ac0000000000000000
000007b8000000190000003c
000007bc0000000000000000
000007c00000001c00000004
000007c40000000000000000
0000079c0000001a00000000
000007a00000001a00000000
000007a40000001b000007a4
000007a80000001b000007a4
000007ac0000000000000000
000007b0000000190000003d
000007b40000000000000000
000007c00000001c00000003
000007c40000000000000000
0000079c0000001a00000001
000007a00000001a00000008
000007a40000001b000007a4
000007a80000001b000007ac
000007ac0000000000000000
000007b80000001900000040
000007bc0000000000000000
000007c00000001c00000002
000007c40000000000000000
0000079c0000001a00000000
000007a00000001a00000000
000007a40000001b000007a4
000007a80000001b000007a4
000007ac0000000000000000
000007b00000001900000041
000007b40000000000000000
000007c00000001c00000001
000007c40000000000000000
0000079c0000001a00000001
000007a00000001a00000008
000007a40000001b000007a4
000007a80000001b000007ac
000007ac0000000000000000
000007b80000001900000044
000007bc0000000000000000
000007c00000001c00000000
000007c40000000000000000
000007c80000000100000000
000007cc0000000d00000008
000007d000000003000007ac
000007d400000001000007d8
000007dc0000000a000007d8
000007e000000001000007e4
000007f00000000b000007e4
000007f400000001000007f8
000008040000000c000007f8
00000808000000010000080c
000008180000000d0000080c
0000081c0000000100000820
0000082c0000000e00000820
000008300000000100000834
000008400000000f00000834
000008440000000100000848
000008540000001000000848
00000858000000010000085c
00000868000000110000085c
0000086c0000000100000870
0000087c0000000600000001
000008800000000000000000
000008700000000300000000
00000874000000010000085c
000008780000000000000000
0000085c0000000600000000
000008600000000100000848
000008640000000000000000
000008480000000700000001
0000084c0000000100000834
000008500000000000000000
0000083400000002167c5834
000008380000000100000820
0000083c0000000000000000
0000082000000017ccb0a000
00000824000000010000080c
000008280000000000000000
0000080c00000005fffff800
0000081000000001000007f8
000008140000000000000000
000007f800000017000020d0
000007fc00000001000007e4
000008000000000000000000
000007e400000007000007ff
000007e800000001000007d8
000007ec0000000000000000
000007d80000000000000000
000008840000001d00000005
0000088800000013000007d0
0000088c0000001d00000004
000008900000000000000000
0000088800000013000007d0
0000088c0000001d00000003
000008900000000000000000
0000088800000013000007d0
0000088c0000001d00000002
000008900000000000000000
0000088800000013000007d0
0000088c0000001d00000001
000008900000000000000000
0000088800000013000007d0
0000088c0000001d00000000
000008900000000000000000
000008940000000600000039
000008980000000a00000000
0000089c0000001d00000003
000008a00000000000000000
000008a40000001d00000002
000008a80000000000000000
000008a00000000000000000
000008a40000001d00000001
000008a80000000000000000
000008a00000000000000000
000008a40000001d00000000
000008a80000000000000000
000008ac0000001d00000003
000008b000000015f7118000
000008b40000000b000007e3
000008b80000001d00000002
000008bc0000000000000000
000008b000000015f7118000
000008b40000000b000007e2
000008b80000001d00000001
000008bc0000000000000000
000008b000000015f7118000
000008b40000000b000007e1
000008b80000001d00000000
000008bc0000000000000000
000008c00000000000000000
000008c40000000b00000020
000008c80000001700088000
000008cc0000000000000000
000008dc0000001d00000005
000008e00000000200000001
000008e40000001100000ffc
000008e80000001d00000004
000008ec0000000000000000
000008e00000000200000001
000008e40000001100000ffc
000008e80000001d00000003
000008ec0000000000000000
000008e00000000200000001
000008e40000001100000ffc
000008e80000001d00000002
000008ec0000000000000000
000008e00000000200000001
000008e40000001100000ffc
000008e80000001d00000001
000008ec0000000000000000
000008e00000000200000001
000008e40000001100000ffc
000008e80000001d00000000
000008ec0000000000000000
000008f00000000000000000
000008fc0000001d00000005
000009000000000300000000
00000904000000106ba67904
000009080000000300000000
0000090c0000001d00000004
000009100000000000000000
000009000000000300000000
00000904000000106ba67904
000009080000000300000000
0000090c0000001d00000003
000009100000000000000000
000009000000000300000000
00000904000000106ba67904
000009080000000300000000
0000090c0000001d00000002
000009100000000000000000
000009000000000300000000
00000904000000106ba67904
000009080000000300000000
0000090c0000001d00000001
000009100000000000000000
000009000000000300000000
00000904000000106ba67904
000009080000000300000000
0000090c0000001d00000000
000009100000000000000000
000009140000000a00000000
000009180000000d02406000
0000091c00000016000003fd
000009200000000100000924
000009280000000a00000924
0000092c0000000100000930
0000093c000000067509d93c
000009400000000000000000
000009300000000200000000
000009340000000100000924
000009380000000000000000
000009240000000000000000
000009440000001378b9a000
000009480000000000000000
0000094c0000001126cfb94c
000009500000000e000027ff
000009540000000100000958
0000095c0000000a00000958
000009600000000100000964
000009700000000b00000964
000009740000000100000978
000009840000001400000140
000009880000000000000000
000009780000001700000000
0000097c0000000100000964
000009800000000000000000
000009640000000000000000
000009680000000100000958
0000096c0000000000000000
000009580000000000000000
0000098c0000000000000000
000009900000000000000000
000009940000001100002800
000009980000001400000000
0000099c0000000e18d4e000
000009a00000000f00000001
000009a40000000000000000
000009ac0000001c00000005
000009b00000001a00000001
000009b40000001a00000008
000009b80000001b000009b8
000009bc0000001b000009c0
000009c000000001000009c4
000009cc0000001900000047
000009d00000000000000000
000009d40000001c00000004
000009d80000000000000000
000009b00000001a00000000
000009b40000001a00000000
000009b80000001b000009b8
000009bc0000001b000009b8
000009c000000001000009c4
000009c40000001900000048
000009c80000000000000000
000009d40000001c00000003
000009d80000000000000000
000009b00000001a00000001
000009b40000001a00000008
000009b80000001b000009b8
000009bc0000001b000009c0
000009c000000001000009c4
000009cc000000190000004b
000009d00000000000000000
000009d40000001c00000002
000009d80000000000000000
000009b00000001a00000000
000009b40000001a00000000
000009b80000001b000009b8
000009bc0000001b000009b8
000009c000000001000009c4
000009c4000000190000004c
000009c80000000000000000
000009d40000001c00000001
000009d80000000000000000
000009b00000001a00000001
000009b40000001a00000008
000009b80000001b000009b8
000009bc0000001b000009c0
000009c000000001000009c4
000009cc000000190000004f
000009d00000000000000000
000009d40000001c00000000
000009d80000000000000000
000009dc0000001200000000
000009e00000000200000000
000009e40000000900000001
000009e80000000d00000000
000009ec0000000300000000
000009f000000001000009f4
000009f80000000a000009f4
000009fc0000000100000a00
00000a0c0000000b00000a00
00000a100000000100000a14
00000a200000000c00000a14
00000a240000000100000a28
00000a340000000d00000a28
00000a380000000100000a3c
00000a480000000e00000a3c
00000a4c0000000100000a50
00000a5c0000000f00000a50
00000a600000000100000a64
00000a700000001000000a64
00000a740000000100000a78
00000a840000001100000a78
00000a880000000100000a8c
00000a980000001200000a8c
00000a9c0000000100000aa0
00000aac0000000500000000
00000ab00000000000000000
00000aa00000000600000000
00000aa40000000100000a8c
00000aa80000000000000000
00000a8c0000000699e07a8c
00000a900000000100000a78
00000a940000000000000000
00000a7800000015000009fc
00000a7c0000000100000a64
00000a800000000000000000
00000a640000001600000000
00000a680000000100000a50
00000a6c0000000000000000
00000a500000000400000a64
00000a540000000100000a3c
00000a580000000000000000
00000a3c00000006fffffaf9
00000a400000000100000a28
00000a440000000000000000
00000a280000000600000000
00000a2c0000000100000a14
00000a300000000000000000
00000a140000000300000000
00000a180000000100000a00
00000a1c0000000000000000
00000a000000001700000001
00000a0400000001000009f4
00000a080000000000000000
000009f40000000000000000
00000ab40000000100000ab8
00000abc0000000a00000ab8
00000ac00000000100000ac4
00000ad00000000b00000ac4
00000ad40000000100000ad8
00000ae40000000c00000ad8
00000ae80000000100000aec
00000af80000000d00000aec
00000afc0000000100000b00
00000b0c0000000400000000
00000b100000000000000000
00000b000000000300000000
00000b040000000100000aec
00000b080000000000000000
00000aec0000001600000001
00000af00000000100000ad8
00000af40000000000000000
00000ad800000005fffff84f
00000adc0000000100000ac4
00000ae00000000000000000
00000ac40000000400000000
00000ac80000000100000ab8
00000acc0000000000000000
00000ab80000000000000000
00000b140000000100000b18
00000b1c0000000a00000b18
00000b200000000100000b24
00000b300000000b00000b24
00000b340000000100000b38
00000b440000000c00000b38
00000b480000000100000b4c
00000b580000000d00000b4c
00000b5c0000000100000b60
00000b6c0000000500000000
00000b700000000000000000
00000b600000000700000000
00000b640000000100000b4c
00000b680000000000000000
00000b4c00000004fffffe88
00000b500000000100000b38
00000b540000000000000000
00000b3800000003fffffbff
00000b3c0000000100000b24
00000b400000000000000000
00000b2400000003000001c0
00000b280000000100000b18
00000b2c0000000000000000
00000b180000000000000000
00000b740000000000000000
00000b780000001500000000
00000b7c0000000d000014a0
00000b800000000c00000000
00000b840000001c00000004
00000b880000001a00000000
00000b8c0000001a00000000
00000b900000001b00000b90
00000b940000001b00000b90
00000b980000000000000000
00000b9c0000001900000050
00000ba00000000000000000
00000bac0000001c00000003
00000bb00000000000000000
00000b880000001a00000001
00000b8c0000001a00000008
00000b900000001b00000b90
00000b940000001b00000b98
00000b980000000000000000
00000ba40000001900000053
00000ba80000000000000000
00000bac0000001c00000002
00000bb00000000000000000
00000b880000001a00000000
00000b8c0000001a00000000
00000b900000001b00000b90
00000b940000001b00000b90
00000b980000000000000000
00000b9c0000001900000054
00000ba00000000000000000
00000bac0000001c00000001
00000bb00000000000000000
00000b880000001a00000001
00000b8c0000001a00000008
00000b900000001b00000b90
00000b940000001b00000b98
00000b980000000000000000
00000ba40000001900000057
00000ba80000000000000000
00000bac0000001c00000000
00000bb00000000000000000
00000bb40000001d00000003
00000bb80000001200000a18
00000bbc0000000800000001
00000bc00000000000000000
00000bc40000000d00000000
00000bc800000009fffff318
00000bcc0000001d00000002
00000bd00000000000000000
00000bb80000001200000a18
00000bbc0000000800000001
00000bc00000000000000000
00000bc40000000d00000000
00000bc800000009fffff318
00000bcc0000001d00000001
00000bd00000000000000000
00000bb80000001200000a18
00000bbc0000000800000001
00000bc00000000000000000
00000bc40000000d00000000
00000bc800000009fffff318
00000bcc0000001d00000000
00000bd00000000000000000
00000bd40000000000000000
00000bd80000000900000a00
00000bdc0000001400000a50
00000be00000000400000001
00000be40000000678b9a000
00000be80000000a00000001
00000bec0000001200000000
00000bf00000000800000400
00000bf40000001600000000
00000bf80000000200000000
00000bfc0000000e00000b24
00000c000000000d00000020
00000c0400000004000004ff
00000c080000001d00000006
00000c0c0000000da0bf4c0c
00000c100000000a00000a00
00000c140000001d00000005
00000c180000000000000000
00000c0c0000000da0bf4c0c
00000c100000000a00000a00
00000c140000001d00000004
00000c180000000000000000
00000c0c0000000da0bf4c0c
00000c100000000a00000a00
00000c140000001d00000003
00000c180000000000000000
00000c0c0000000da0bf4c0c
00000c100000000a00000a00
00000c140000001d00000002
00000c180000000000000000
00000c0c0000000da0bf4c0c
00000c100000000a00000a00
00000c140000001d00000001
00000c180000000000000000
00000c0c0000000da0bf4c0c
00000c100000000a00000a00
00000c140000001d00000000
00000c180000000000000000
00000c1c0000000900000000
00000c2000000001000004ff
00000c240000001d00000002
00000c280000000dfffffe00
00000c2c0000000b00000400
00000c300000001d00000001
00000c340000000000000000
00000c280000000dfffffe00
00000c2c0000000b00000400
00000c300000001d00000000
00000c340000000000000000
00000c380000000a00000000
00000c3c0000001c00000005
00000c400000001a00000001
00000c440000001a00000008
00000c480000001b00000c48
00000c4c0000001b00000c50
00000c500000000100000c54
00000c5c000000190000005a
00000c600000000000000000
00000c640000001c00000004
00000c680000000000000000
00000c400000001a00000000
00000c440000001a00000000
00000c480000001b00000c48
00000c4c0000001b00000c48
00000c500000000100000c54
00000c54000000190000005b
00000c580000000000000000
00000c640000001c00000003
00000c680000000000000000
00000c400000001a00000001
00000c440000001a00000008
00000c480000001b00000c48
00000c4c0000001b00000c50
00000c500000000100000c54
00000c5c000000190000005e
00000c600000000000000000
00000c640000001c00000002
00000c680000000000000000
00000c400000001a00000000
00000c440000001a00000000
00000c480000001b00000c48
00000c4c0000001b00000c48
00000c500000000100000c54
00000c54000000190000005f
00000c580000000000000000
00000c640000001c00000001
00000c680000000000000000
00000c400000001a00000001
00000c440000001a00000008
00000c480000001b00000c48
00000c4c0000001b00000c50
00000c500000000100000c54
00000c5c0000001900000062
00000c600000000000000000
00000c640000001c00000000
00000c680000000000000000
00000c6c0000000c00000a50
00000c700000001000000e50
00000c740000001d00000004
00000c780000000000000000
00000c7c0000001500000000
00000c800000000000000000
00000c840000000000000000
00000c880000000400000001
00000c8c0000001d00000003
00000c900000000000000000
00000c780000000000000000
00000c7c0000001500000000
00000c800000000000000000
00000c840000000000000000
00000c880000000400000001
00000c8c0000001d00000002
00000c900000000000000000
00000c780000000000000000
00000c7c0000001500000000
00000c800000000000000000
00000c840000000000000000
00000c880000000400000001
00000c8c0000001d00000001
00000c900000000000000000
00000c780000000000000000
00000c7c0000001500000000
00000c800000000000000000
00000c840000000000000000
00000c880000000400000001
00000c8c0000001d00000000
00000c900000000000000000
00000c940000001d00000003
00000c980000000700000001
00000c9c00000011fffff5af
00000ca00000001100000001
00000ca40000001d00000002
00000ca80000000000000000
00000c980000000700000001
00000c9c00000011fffff5af
00000ca00000001100000001
00000ca40000001d00000001
00000ca80000000000000000
00000c980000000700000001
00000c9c00000011fffff5af
00000ca00000001100000001
00000ca40000001d00000000
00000ca80000000000000000
00000cac0000001300000e50
00000cb00000001c00000005
00000cb40000001a00000001
00000cb80000001a00000008
00000cbc0000001b00000cbc
00000cc00000001b00000cc4
00000cc40000000100000cc8
00000cd00000001900000065
00000cd40000000000000000
00000cd80000001c00000004
00000cdc0000000000000000
00000cb40000001a00000000
00000cb80000001a00000000
00000cbc0000001b00000cbc
00000cc00000001b00000cbc
00000cc40000000100000cc8
00000cc80000001900000066
00000ccc0000000000000000
00000cd80000001c00000003
00000cdc0000000000000000
00000cb40000001a00000001
00000cb80000001a00000008
00000cbc0000001b00000cbc
00000cc00000001b00000cc4
00000cc40000000100000cc8
00000cd00000001900000069
00000cd40000000000000000
00000cd80000001c00000002
00000cdc0000000000000000
00000cb40000001a00000000
00000cb80000001a00000000
00000cbc0000001b00000cbc
00000cc00000001b00000cbc
00000cc40000000100000cc8
00000cc8000000190000006a
00000ccc0000000000000000
00000cd80000001c00000001
00000cdc0000000000000000
00000cb40000001a00000001
00000cb80000001a00000008
00000cbc0000001b00000cbc
00000cc00000001b00000cc4
00000cc40000000100000cc8
00000cd0000000190000006d
00000cd40000000000000000
00000cd80000001c00000000
00000cdc0000000000000000
00000ce00000001300000000
00000ce40000001c00000005
00000ce80000001a00000001
00000cec0000001a00000008
00000cf00000001b00000cf0
00000cf40000001b00000cf8
00000cf80000000000000000
00000d040000001900000070
00000d080000000000000000
00000d0c0000001c00000004
00000d100000000000000000
00000ce80000001a00000000
00000cec0000001a00000000
00000cf00000001b00000cf0
00000cf40000001b00000cf0
00000cf80000000000000000
00000cfc0000001900000071
00000d000000000000000000
00000d0c0000001c00000003
00000d100000000000000000
00000ce80000001a00000001
00000cec0000001a00000008
00000cf00000001b00000cf0
00000cf40000001b00000cf8
00000cf80000000000000000
00000d040000001900000074
00000d080000000000000000
00000d0c0000001c00000002
00000d100000000000000000
00000ce80000001a00000000
00000cec0000001a00000000
00000cf00000001b00000cf0
00000cf40000001b00000cf0
00000cf80000000000000000
00000cfc0000001900000075
00000d000000000000000000
00000d0c0000001c00000001
00000d100000000000000000
00000ce80000001a00000001
00000cec0000001a00000008
00000cf00000001b00000cf0
00000cf40000001b00000cf8
00000cf80000000000000000
00000d040000001900000078
00000d080000000000000000
00000d0c0000001c00000000
00000d100000000000000000
00000d14000000134b313d14
00000d180000000200000000
00000d1c0000000000000000
00000d300000000efffff27b
00000d340000001400000000
00000d380000000600000001
00000d3c0000000d00000000
00000d400000000c00000001
00000d440000000100000d48
00000d4c0000000a00000d48
00000d500000000100000d54
00000d600000000b00000d54
00000d640000000100000d68
00000d740000000c00000d68
00000d780000000100000d7c
00000d880000000d00000d7c
00000d8c0000000100000d90
00000d9c0000000e00000d90
00000da00000000100000da4
00000db00000000f00000da4
00000db40000000100000db8
00000dc40000000400000400
00000dc80000000000000000
00000db80000000000000000
00000dbc0000000100000da4
00000dc00000000000000000
00000da40000000700000000
00000da80000000100000d90
00000dac0000000000000000
00000d90000000074b313800
00000d940000000100000d7c
00000d980000000000000000
00000d7c0000000400000d14
00000d800000000100000d68
00000d840000000000000000
00000d6800000007000007fe
00000d6c0000000100000d54
00000d700000000000000000
00000d5400000015347a4000
00000d580000000100000d48
00000d5c0000000000000000
00000d480000000000000000
00000dcc0000000000000000
00000dd00000000afffffd48
00000dd40000001c00000004
00000dd80000001a00000000
00000ddc0000001a00000000
00000de00000001b00000de0
00000de40000001b00000de0
00000de80000000000000000
00000dec0000001900000079
00000df00000000000000000
00000dfc0000001c00000003
00000e000000000000000000
00000dd80000001a00000001
00000ddc0000001a00000008
00000de00000001b00000de0
00000de40000001b00000de8
00000de80000000000000000
00000df4000000190000007c
00000df80000000000000000
00000dfc0000001c00000002
00000e000000000000000000
00000dd80000001a00000000
00000ddc0000001a00000000
00000de00000001b00000de0
00000de40000001b00000de0
00000de80000000000000000
00000dec000000190000007d
00000df00000000000000000
00000dfc0000001c00000001
00000e000000000000000000
00000dd80000001a00000001
00000ddc0000001a00000008
00000de00000001b00000de0
00000de40000001b00000de8
00000de80000000000000000
00000df40000001900000080
00000df80000000000000000
00000dfc0000001c00000000
00000e000000000000000000
00000e040000000affffde02
00000e080000000000000000
00000e0c0000001d00000003
00000e100000000600000d90
00000e140000001400000d69
00000e180000000000000000
00000e1c0000000100000001
00000e200000000d00002143
00000e240000001d00000002
00000e280000000000000000
00000e100000000600000d90
00000e140000001400000d69
00000e180000000000000000
00000e1c0000000100000001
00000e200000000d00002143
00000e240000001d00000001
00000e280000000000000000
00000e100000000600000d90
00000e140000001400000d69
00000e180000000000000000
00000e1c0000000100000001
00000e200000000d00002143
00000e240000001d00000000
00000e280000000000000000
00000e2c0000001c00000005
00000e300000001a00000001
00000e340000001a00000008
00000e380000001b00000e38
00000e3c0000001b00000e40
00000e400000000000000000
00000e4c0000001900000083
00000e500000000000000000
00000e540000001c00000004
00000e580000000000000000
00000e300000001a00000000
00000e340000001a00000000
00000e380000001b00000e38
00000e3c0000001b00000e38
00000e400000000000000000
00000e440000001900000084
00000e480000000000000000
00000e540000001c00000003
00000e580000000000000000
00000e300000001a00000001
00000e340000001a00000008
00000e380000001b00000e38
00000e3c0000001b00000e40
00000e400000000000000000
00000e4c0000001900000087
00000e500000000000000000
00000e540000001c00000002
00000e580000000000000000
00000e300000001a00000000
00000e340000001a00000000
00000e380000001b00000e38
00000e3c0000001b00000e38
00000e400000000000000000
00000e440000001900000088
00000e480000000000000000
00000e540000001c00000001
00000e580000000000000000
00000e300000001a00000001
00000e340000001a00000008
00000e380000001b00000e38
00000e3c0000001b00000e40
00000e400000000000000000
00000e4c000000190000008b
00000e500000000000000000
00000e540000001c00000000
00000e580000000000000000
00000e5c0000000dfffffa00
00000e600000000000000000
00000e640000000000000000
00000e680000001400000001
00000e6c0000000600000000
00000e700000000100000e74
00000e780000000a00000e74
00000e7c0000000100000e80
00000e8c0000001500000e00
00000e900000000000000000
00000e8000000009ffffffff
00000e840000000100000e74
00000e880000000000000000
00000e740000000000000000
00000e94000000155b589000
00000e980000000100000e9c
00000ea00000000a00000e9c
00000ea40000000100000ea8
00000eb40000000b00000ea8
00000eb80000000100000ebc
00000ec80000000c00000ebc
00000ecc0000000100000ed0
00000edc0000000d00000ed0
00000ee00000000100000ee4
00000ef00000000e00000ee4
00000ef40000000100000ef8
00000f040000000f00000ef8
00000f080000000100000f0c
00000f180000001000000f0c
00000f1c0000000100000f20
00000f2c0000001100000f20
00000f300000000100000f34
00000f400000001200000f34
00000f440000000100000f48
00000f5400000007000007ff
00000f580000000000000000
00000f480000001600000001
00000f4c0000000100000f34
00000f500000000000000000
00000f340000000000000000
00000f380000000100000f20
00000f3c0000000000000000
00000f200000000400000000
00000f240000000100000f0c
00000f280000000000000000
00000f0c0000000900000514
00000f100000000100000ef8
00000f140000000000000000
00000ef80000000400000000
00000efc0000000100000ee4
00000f000000000000000000
00000ee40000000800000390
00000ee80000000100000ed0
00000eec0000000000000000
00000ed0000000090bc5bed0
00000ed40000000100000ebc
00000ed80000000000000000
00000ebc0000000900000fbc
00000ec00000000100000ea8
00000ec40000000000000000
00000ea80000001600000fff
00000eac0000000100000e9c
00000eb00000000000000000
00000e9c0000000000000000
00000f5c0000001d00000005
00000f600000000900000f20
00000f64000000146cfd7f64
00000f680000000600000000
00000f6c0000000300000000
00000f700000000000000000
00000f740000001d00000004
00000f780000000000000000
00000f600000000900000f20
00000f64000000146cfd7f64
00000f680000000600000000
00000f6c0000000300000000
00000f700000000000000000
00000f740000001d00000003
00000f780000000000000000
00000f600000000900000f20
00000f64000000146cfd7f64
00000f680000000600000000
00000f6c0000000300000000
00000f700000000000000000
00000f740000001d00000002
00000f780000000000000000
00000f600000000900000f20
00000f64000000146cfd7f64
00000f680000000600000000
00000f6c0000000300000000
00000f700000000000000000
00000f740000001d00000001
00000f780000000000000000
00000f600000000900000f20
00000f64000000146cfd7f64
00000f680000000600000000
00000f6c0000000300000000
00000f700000000000000000
00000f740000001d00000000
00000f780000000000000000
00000f7c0000001300000000
00000f800000000f732bff80
00000f840000001300000001
00000f880000001c00000005
00000f8c0000001a00000001
00000f900000001a00000008
00000f940000001b00000f94
00000f980000001b00000f9c
00000f9c0000000100000fa0
00000fa8000000190000008e
00000fac0000000000000000
00000fb00000001c00000004
00000fb40000000000000000
00000f8c0000001a00000000
00000f900000001a00000000
00000f940000001b00000f94
00000f980000001b00000f94
00000f9c0000000100000fa0
00000fa0000000190000008f
00000fa40000000000000000
00000fb00000001c00000003
00000fb40000000000000000
00000f8c0000001a00000001
00000f900000001a00000008
00000f940000001b00000f94
00000f980000001b00000f9c
00000f9c0000000100000fa0
00000fa80000001900000092
00000fac0000000000000000
00000fb00000001c00000002
00000fb40000000000000000
00000f8c0000001a00000000
00000f900000001a00000000
00000f940000001b00000f94
00000f980000001b00000f94
00000f9c0000000100000fa0
00000fa00000001900000093
00000fa40000000000000000
00000fb00000001c00000001
00000fb40000000000000000
00000f8c0000001a00000001
00000f900000001a00000008
00000f940000001b00000f94
00000f980000001b00000f9c
00000f9c0000000100000fa0
00000fa80000001900000096
00000fac0000000000000000
00000fb00000001c00000000
00000fb40000000000000000
00000fb80000000f00000001
00000fbc0000001c00000005
00000fc00000001a00000001
00000fc40000001a00000008
00000fc80000001b00000fc8
00000fcc0000001b00000fd0
00000fd00000000000000000
00000fdc0000001900000099
00000fe00000000000000000
00000fe40000001c00000004
00000fe80000000000000000
00000fc00000001a00000000
00000fc40000001a00000000
00000fc80000001b00000fc8
00000fcc0000001b00000fc8
00000fd00000000000000000
00000fd4000000190000009a
00000fd80000000000000000
00000fe40000001c00000003
00000fe80000000000000000
00000fc00000001a00000001
00000fc40000001a00000008
00000fc80000001b00000fc8
00000fcc0000001b00000fd0
00000fd00000000000000000
00000fdc000000190000009d
00000fe00000000000000000
00000fe40000001c00000002
00000fe80000000000000000
00000fc00000001a00000000
00000fc40000001a00000000
00000fc80000001b00000fc8
00000fcc0000001b00000fc8
00000fd00000000000000000
00000fd4000000190000009e
00000fd80000000000000000
00000fe40000001c00000001
00000fe80000000000000000
00000fc00000001a00000001
00000fc40000001a00000008
00000fc80000001b00000fc8
00000fcc0000001b00000fd0
00000fd00000000000000000
00000fdc00000019000000a1
00000fe00000000000000000
00000fe40000001c00000000
00000fe80000000000000000
00000fec0000000100000ff0
00000ff40000000a00000ff0
00000ff80000000100000ffc
000010080000000b00000ffc
0000100c0000000100001010
0000101c0000000c00001010
000010200000000100001024
000010300000000d00001024
000010340000000100001038
000010440000001700000000
000010480000000000000000
000010380000000700000000
0000103c0000000100001024
000010400000000000000000
000010240000000900000001
000010280000000100001010
0000102c0000000000000000
0000101000000016f3b16000
000010140000000100000ffc
000010180000000000000000
00000ffc0000000200000001
000010000000000100000ff0
000010040000000000000000
00000ff00000000000000000
0000104c0000000100000000
00001050000000122f4d2000
000010540000000000000000
000010580000001048476000
0000105c0000001000000000
000010600000000100001064
000010680000000a00001064
0000106c0000000100001070
0000107c0000000b00001070
000010800000000100001084
000010900000000c00001084
000010940000000100001098
000010a4000000067ae87000
000010a80000000000000000
000010980000000500000000
0000109c0000000100001084
000010a00000000000000000
000010840000001500000001
000010880000000100001070
0000108c0000000000000000
000010700000000700000000
000010740000000100001064
000010780000000000000000
000010640000000000000000
000010ac00000001000010b0
000010b40000000a000010b0
000010b800000001000010bc
000010c80000000b000010bc
000010cc00000001000010d0
000010dc0000000c000010d0
000010e000000001000010e4
000010f00000000d000010e4
000010f400000001000010f8
000011040000000e000010f8
00001108000000010000110c
000011180000000f0000110c
0000111c0000000100001120
0000112c0000000000000000
000011300000000000000000
000011200000001600000000
00001124000000010000110c
000011280000000000000000
0000110c00000016000032e4
0000111000000001000010f8
000011140000000000000000
000010f80000001500000000
000010fc00000001000010e4
000011000000000000000000
000010e40000001700000000
000010e800000001000010d0
000010ec0000000000000000
000010d00000000900000000
000010d400000001000010bc
000010d80000000000000000
000010bc0000000000000000
000010c000000001000010b0
000010c40000000000000000
000010b00000000000000000
00001134000000050000102f
000011380000000800000000
0000113c0000001300002200
000011400000001c00000004
000011440000001a00000000
000011480000001a00000000
0000114c0000001b0000114c
000011500000001b0000114c
000011540000000100001158
0000115800000019000000a2
0000115c0000000000000000
000011680000001c00000003
0000116c0000000000000000
000011440000001a00000001
000011480000001a00000008
0000114c0000001b0000114c
000011500000001b00001154
000011540000000100001158
0000116000000019000000a5
000011640000000000000000
000011680000001c00000002
0000116c0000000000000000
000011440000001a00000000
000011480000001a00000000
0000114c0000001b0000114c
000011500000001b0000114c
000011540000000100001158
0000115800000019000000a6
0000115c0000000000000000
000011680000001c00000001
0000116c0000000000000000
000011440000001a00000001
000011480000001a00000008
0000114c0000001b0000114c
000011500000001b00001154
000011540000000100001158
0000116000000019000000a9
000011640000000000000000
000011680000001c00000000
0000116c0000000000000000
000011700000001100000000
000011740000000000000000
000011780000000cd12d1000
0000117c00000017bc36f000
000011800000001612d10000
000011840000001d00000004
000011880000001300000000
0000118c0000001d00000003
000011900000000000000000
000011880000001300000000
0000118c0000001d00000002
000011900000000000000000
000011880000001300000000
0000118c0000001d00000001
000011900000000000000000
000011880000001300000000
0000118c0000001d00000000
000011900000000000000000
000011940000000900000000
000011980000000b00000000
0000119c00000005000000aa
000011a00000001c00000005
000011a40000001a00000001
000011a80000001a00000008
000011ac0000001b000011ac
000011b00000001b000011b4
000011b40000000000000000
000011c000000019000000ac
000011c40000000000000000
000011c80000001c00000004
000011cc0000000000000000
000011a40000001a00000000
000011a80000001a00000000
000011ac0000001b000011ac
000011b00000001b000011ac
000011b40000000000000000
000011b800000019000000ad
000011bc0000000000000000
000011c80000001c00000003
000011cc0000000000000000
000011a40000001a00000001
000011a80000001a00000008
000011ac0000001b000011ac
000011b00000001b000011b4
000011b40000000000000000
000011c000000019000000b0
000011c40000000000000000
000011c80000001c00000002
000011cc0000000000000000
000011a40000001a00000000
000011a80000001a00000000
000011ac0000001b000011ac
000011b00000001b000011ac
000011b40000000000000000
000011b800000019000000b1
000011bc0000000000000000
000011c80000001c00000001
000011cc0000000000000000
000011a40000001a00000001
000011a80000001a00000008
000011ac0000001b000011ac
000011b00000001b000011b4
000011b40000000000000000
000011c000000019000000b4
000011c40000000000000000
000011c80000001c00000000
000011cc0000000000000000
000011d00000000000000000
000011dc0000001d00000006
000011e00000000300000000
000011e40000000f000007ff
000011e80000000c00000000
000011ec00000001000011b4
000011f00000000e00000000
000011f40000001d00000005
000011f80000000000000000
000011e00000000300000000
000011e40000000f000007ff
000011e80000000c00000000
000011ec00000001000011b4
000011f00000000e00000000
000011f40000001d00000004
000011f80000000000000000
000011e00000000300000000
000011e40000000f000007ff
000011e80000000c00000000
000011ec00000001000011b4
000011f00000000e00000000
000011f40000001d00000003
000011f80000000000000000
000011e00000000300000000
000011e40000000f000007ff
000011e80000000c00000000
000011ec00000001000011b4
000011f00000000e00000000
000011f40000001d00000002
000011f80000000000000000
000011e00000000300000000
000011e40000000f000007ff
000011e80000000c00000000
000011ec00000001000011b4
000011f00000000e00000000
000011f40000001d00000001
000011f80000000000000000
000011e00000000300000000
000011e40000000f000007ff
000011e80000000c00000000
000011ec00000001000011b4
000011f00000000e00000000
000011f40000001d00000000
000011f80000000000000000
000011fc0000000700000000
000012000000000200000000
0000120400000015000018c3
0000120800000017ea910208
0000120c0000001300000000
000012100000001100000000
000012140000000100001218
0000121c0000000a00001218
000012200000000100001224
000012300000000b00001224
000012340000000100001238
000012440000000c00001238
00001248000000010000124c
000012580000000d0000124c
0000125c0000000100001260
0000126c000000022b41f000
000012700000000000000000
00001260000000039fffd260
00001264000000010000124c
000012680000000000000000
0000124c00000007ecf1d24c
000012500000000100001238
000012540000000000000000
000012380000000200000000
0000123c0000000100001224
000012400000000000000000
000012240000000700000001
000012280000000100001218
0000122c0000000000000000
000012180000000000000000
000012740000001100000000
000012780000000a00000843
0000127c0000000100001280
000012840000000a00001280
00001288000000010000128c
000012980000000b0000128c
0000129c00000001000012a0
000012ac0000000c000012a0
000012b000000001000012b4
000012c00000000d000012b4
000012c400000001000012c8
000012d40000000e000012c8
000012d800000001000012dc
000012e80000000600000001
000012ec0000000000000000
000012dc0000001400000000
000012e000000001000012c8
000012e40000000000000000
000012c80000000800000008
000012cc00000001000012b4
000012d00000000000000000
000012b40000000400000000
000012b800000001000012a0
000012bc0000000000000000
000012a00000000200000000
000012a4000000010000128c
000012a80000000000000000
0000128c0000000000000000
000012900000000100001280
000012940000000000000000
000012800000000000000000
000012f000000001000012f4
000012f80000000a000012f4
000012fc0000000100001300
0000130c0000000b00001300
000013100000000100001314
000013200000000c00001314
000013240000000100001328
000013340000000d00001328
00001338000000010000133c
000013480000000e0000133c
0000134c0000000100001350
0000135c0000000f00001350
000013600000000100001364
000013700000001000001364
000013740000000100001378
000013840000001100001378
00001388000000010000138c
000013980000000700000000
0000139c0000000000000000
0000138c00000017d65a038c
000013900000000100001378
000013940000000000000000
000013780000000500000000
0000137c0000000100001364
000013800000000000000000
000013640000000200000000
000013680000000100001350
0000136c0000000000000000
000013500000000800000000
00001354000000010000133c
000013580000000000000000
0000133c00000005000001f4
000013400000000100001328
000013440000000000000000
0000132800000014fffff800
0000132c0000000100001314
000013300000000000000000
000013140000000800000000
000013180000000100001300
0000131c0000000000000000
000013000000000800002614
0000130400000001000012f4
000013080000000000000000
000012f40000000000000000
000013a00000001c00000003
000013a40000001a00000001
000013a80000001a00000008
000013ac0000001b000013ac
000013b00000001b000013b4
000013b40000000000000000
000013c000000019000000b7
000013c40000000000000000
000013c80000001c00000002
000013cc0000000000000000
000013a40000001a00000000
000013a80000001a00000000
000013ac0000001b000013ac
000013b00000001b000013ac
000013b40000000000000000
000013b800000019000000b8
000013bc0000000000000000
000013c80000001c00000001
000013cc0000000000000000
000013a40000001a00000001
000013a80000001a00000008
000013ac0000001b000013ac
000013b00000001b000013b4
000013b40000000000000000
000013c000000019000000bb
000013c40000000000000000
000013c80000001c00000000
000013cc0000000000000000
000013d00000000b00000001
000013d40000000b00000001
000013d80000000900000001
000013dc0000000000000000
000013f00000000700fb0000
000013f40000000a00000000
000013f800000012fffff800
000013fc00000005fffff314
000014000000000100001404
000014080000000a00001404
0000140c0000000100001410
0000141c0000000b00001410
000014200000000100001424
000014300000000c00001424
000014340000000100001438
000014440000000d00001438
00001448000000010000144c
000014580000000e0000144c
0000145c0000000100001460
0000146c0000000600000000
000014700000000000000000
0000146000000003000000bb
00001464000000010000144c
000014680000000000000000
0000144c0000000600000000
000014500000000100001438
000014540000000000000000
000014380000000900000000
0000143c0000000100001424
000014400000000000000000
000014240000000500000001
000014280000000100001410
0000142c0000000000000000
000014100000001600001350
000014140000000100001404
000014180000000000000000
000014040000000000000000
000014740000001d00000003
000014780000000a00000000
0000147c0000001d00000002
000014800000000000000000
000014780000000a00000000
0000147c0000001d00000001
000014800000000000000000
000014780000000a00000000
0000147c0000001d00000000
000014800000000000000000
000014840000000000000000
000014880000000c00000000
0000148c0000000700000002
0000149000000015072db490
000014940000000000000000
000014980000000a00000000
0000149c000000100026a000
000014a00000000d000004be
000014a4000000140000144c
000014a80000000000000000
000014ac0000000b00000000
000014b00000000d00000000
000014b40000000f00000000
000014b80000001300000000
000014bc0000000000000000
000014c00000001700000000
000014c40000000bfffffb02
000014c80000000600000000
000014cc0000000600000000
000014d00000000500000007
000014d40000000b00000000
000014d80000001200000008
000014dc0000001600000000
000014e00000000200000000
000014e40000000000000000
000014f00000001c00000004
000014f40000001a00000000
000014f80000001a00000000
000014fc0000001b000014fc
000015000000001b000014fc
000015040000000000000000
0000150800000019000000bc
0000150c0000000000000000
000015180000001c00000003
0000151c0000000000000000
000014f40000001a00000001
000014f80000001a00000008
000014fc0000001b000014fc
000015000000001b00001504
000015040000000000000000
0000151000000019000000bf
000015140000000000000000
000015180000001c00000002
0000151c0000000000000000
000014f40000001a00000000
000014f80000001a00000000
000014fc0000001b000014fc
000015000000001b000014fc
000015040000000000000000
0000150800000019000000c0
0000150c0000000000000000
000015180000001c00000001
0000151c0000000000000000
000014f40000001a00000001
000014f80000001a00000008
000014fc0000001b000014fc
000015000000001b00001504
000015040000000000000000
0000151000000019000000c3
000015140000000000000000
000015180000001c00000000
0000151c0000000000000000
000015200000001500000000
000015240000000800000000
000015280000000000000000
0000152c00000005fffffa00
000015300000000100000001
0000153400000014a1016534
000015380000000000000000
0000153c0000000000000000
0000154c0000001d00000006
000015500000000500000000
00001554000000020026a0c3
000015580000001600000006
0000155c000000070026a000
000015600000000e000007ff
000015640000000000000000
000015680000001d00000005
0000156c0000000000000000
000015500000000500000000
00001554000000020026a0c3
000015580000001600000005
0000155c000000070026a000
000015600000000e000007ff
000015640000000000000000
000015680000001d00000004
0000156c0000000000000000
000015500000000500000000
00001554000000020026a0c3
000015580000001600000004
0000155c000000070026a000
000015600000000e000007ff
000015640000000000000000
000015680000001d00000003
0000156c0000000000000000
000015500000000500000000
00001554000000020026a0c3
000015580000001600000003
0000155c000000070026a000
000015600000000e000007ff
000015640000000000000000
000015680000001d00000002
0000156c0000000000000000
000015500000000500000000
00001554000000020026a0c3
000015580000001600000002
0000155c000000070026a000
000015600000000e000007ff
000015640000000000000000
000015680000001d00000001
0000156c0000000000000000
000015500000000500000000
00001554000000020026a0c3
000015580000001600000001
0000155c000000070026a000
000015600000000e000007ff
000015640000000000000000
000015680000001d00000000
0000156c0000000000000000
000015700000000100001574
000015780000000a00001574
0000157c0000000100001580
0000158c0000000b00001580
000015900000000100001594
000015a00000000c00001594
000015a400000001000015a8
000015b40000000d000015a8
000015b800000001000015bc
000015c80000000e000015bc
000015cc00000001000015d0
000015dc0000000f000015d0
000015e000000001000015e4
000015f000000010000015e4
000015f400000001000015f8
0000160400000011000015f8
00001608000000010000160c
0000161800000006000005e4
0000161c0000000000000000
0000160c000000030005e400
0000161000000001000015f8
000016140000000000000000
000015f800000005a10167ff
000015fc00000001000015e4
000016000000000000000000
000015e40000001600000000
000015e800000001000015d0
000015ec0000000000000000
000015d00000001600001574
000015d400000001000015bc
000015d80000000000000000
000015bc0000001500000000
000015c000000001000015a8
000015c40000000000000000
000015a80000000800000000
000015ac0000000100001594
000015b00000000000000000
000015940000000700000000
000015980000000100001580
0000159c0000000000000000
000015800000000000000000
000015840000000100001574
000015880000000000000000
000015740000000000000000
000016200000001d00000004
000016240000001000000000
000016280000000233141000
0000162c0000000000000000
0000163000000001000025ff
000016340000001d00000003
000016380000000000000000
000016240000001000000000
000016280000000233141000
0000162c0000000000000000
0000163000000001000025ff
000016340000001d00000002
000016380000000000000000
000016240000001000000000
000016280000000233141000
0000162c0000000000000000
0000163000000001000025ff
000016340000001d00000001
000016380000000000000000
000016240000001000000000
000016280000000233141000
0000162c0000000000000000
0000163000000001000025ff
000016340000001d00000000
000016380000000000000000
0000163c000000055e400000
000016400000001400000000
000016440000000200000001
000016480000000000000000
0000164c0000000d00000000
000016500000000200000000
000016540000001000000000
000016580000000500000000
0000165c0000001d00000004
000016600000001500000000
000016640000001200000001
000016680000000f00002001
0000166c0000000000000000
000016700000001d00000003
000016740000000000000000
000016600000001500000000
000016640000001200000001
000016680000000f00002001
0000166c0000000000000000
000016700000001d00000002
000016740000000000000000
000016600000001500000000
000016640000001200000001
000016680000000f00002001
0000166c0000000000000000
000016700000001d00000001
000016740000000000000000
000016600000001500000000
000016640000001200000001
000016680000000f00002001
0000166c0000000000000000
000016700000001d00000000
000016740000000000000000
000016780000000400000000
0000167c0000000100001680
000016840000000a00001680
00001688000000010000168c
000016980000000b0000168c
0000169c00000001000016a0
000016ac0000000c000016a0
000016b000000001000016b4
000016c00000000d000016b4
000016c400000001000016c8
000016d40000000e000016c8
000016d800000001000016dc
000016e80000000f000016dc
000016ec00000001000016f0
000016fc00000010000016f0
000017000000000100001704
00001710000000083b55d000
000017140000000000000000
000017040000000000000000
0000170800000001000016f0
0000170c0000000000000000
000016f00000000900000001
000016f400000001000016dc
000016f80000000000000000
000016dc0000001700000000
000016e000000001000016c8
000016e40000000000000000
000016c80000001422000000
000016cc00000001000016b4
000016d00000000000000000
000016b40000001400000000
000016b800000001000016a0
000016bc0000000000000000
000016a00000001700000000
000016a4000000010000168c
000016a80000000000000000
0000168c00000016d8aca000
000016900000000100001680
000016940000000000000000
000016800000000000000000
000017180000001c00000003
0000171c0000001a00000001
000017200000001a00000008
000017240000001b00001724
000017280000001b0000172c
0000172c0000000000000000
0000173800000019000000c6
0000173c0000000000000000
000017400000001c00000002
000017440000000000000000
0000171c0000001a00000000
000017200000001a00000000
000017240000001b00001724
000017280000001b00001724
0000172c0000000000000000
0000173000000019000000c7
000017340000000000000000
000017400000001c00000001
000017440000000000000000
0000171c0000001a00000001
000017200000001a00000008
000017240000001b00001724
000017280000001b0000172c
0000172c0000000000000000
0000173800000019000000ca
0000173c0000000000000000
000017400000001c00000000
000017440000000000000000
000017480000000000000000
0000174c0000001600000000
000017500000000000000000
000017540000001d00000006
00001758000000090000172e
0000175c0000000000000000
000017600000000f00001688
000017640000001100000000
000017680000001d00000005
0000176c0000000000000000
00001758000000090000172e
0000175c0000000000000000
000017600000000f00001688
000017640000001100000000
000017680000001d00000004
0000176c0000000000000000
00001758000000090000172e
0000175c0000000000000000
000017600000000f00001688
000017640000001100000000
000017680000001d00000003
0000176c0000000000000000
00001758000000090000172e
0000175c0000000000000000
000017600000000f00001688
000017640000001100000000
000017680000001d00000002
0000176c0000000000000000
00001758000000090000172e
0000175c0000000000000000
000017600000000f00001688
000017640000001100000000
000017680000001d00000001
0000176c0000000000000000
00001758000000090000172e
0000175c0000000000000000
000017600000000f00001688
000017640000001100000000
000017680000001d00000000
0000176c0000000000000000
000017700000001800000001
000017740000000000000000
000017780000000000000000
000000c80000000d00002000
000000cc0000001000000010
000000d00000000d000005e4
000000d40000001500000de3
000000d80000001300000000
000000dc00000006000005e4
000000e00000001100d00000
000000e400000001000000e8
000000ec0000000a000000e8
000000f000000001000000f4
000001000000000b000000f4
000001040000000100000108
000001140000000c00000108
00000118000000010000011c
000001280000000d0000011c
0000012c0000000100000130
0000013c0000000000000000
000001400000000000000000
000001300000000661655130
00000134000000010000011c
000001380000000000000000
0000011c0000000300000001
000001200000000100000108
000001240000000000000000
000001080000000800000008
0000010c00000001000000f4
000001100000000000000000
000000f40000000700d016c8
000000f800000001000000e8
000000fc0000000000000000
000000e80000000000000000
0000014400000013000007ff
000001480000001100000000
0000014c000000056f180000
000001500000000c00002000
000001540000000100000158
0000015c0000000a00000158
000001600000000100000164
000001700000000b00000164
000001740000000100000178
000001840000000c00000178
00000188000000010000018c
000001980000000d0000018c
0000019c00000001000001a0
000001ac0000000e000001a0
000001b000000001000001b4
000001c00000000f000001b4
000001c400000001000001c8
000001d400000010000001c8
000001d800000001000001dc
000001e800000011000001dc
000001ec00000001000001f0
000001fc00000012000001f0
000002000000000100000204
0000021000000016fffff930
000002140000000000000000
000002040000000300000000
0000020800000001000001f0
0000020c0000000000000000
000001f000000003000000ca
000001f400000001000001dc
000001f80000000000000000
000001dc0000001400000179
000001e000000001000001c8
000001e40000000000000000
000001c80000001501a00000
000001cc00000001000001b4
000001d00000000000000000
000001b400000009623567f8
000001b800000001000001a0
000001bc0000000000000000
000001a000000015ffffff1b
000001a4000000010000018c
000001a80000000000000000
0000018c0000001500000000
000001900000000100000178
000001940000000000000000
000001780000000900000000
0000017c0000000100000164
000001800000000000000000
000001640000000000000000
000001680000000100000158
0000016c0000000000000000
000001580000000000000000
000002180000001400000000
0000021c0000001c00000005
000002200000001a00000001
000002240000001a00000008
000002280000001b00000228
0000022c0000001b00000230
000002300000000000000000
0000023c00000019000000cd
000002400000000000000000
000002440000001c00000004
000002480000000000000000
000002200000001a00000000
000002240000001a00000000
000002280000001b00000228
0000022c0000001b00000228
000002300000000000000000
0000023400000019000000ce
000002380000000000000000
000002440000001c00000003
000002480000000000000000
000002200000001a00000001
000002240000001a00000008
000002280000001b00000228
0000022c0000001b00000230
000002300000000000000000
0000023c00000019000000d1
000002400000000000000000
000002440000001c00000002
000002480000000000000000
000002200000001a00000000
000002240000001a00000000
000002280000001b00000228
0000022c0000001b00000228
000002300000000000000000
0000023400000019000000d2
000002380000000000000000
000002440000001c00000001
000002480000000000000000
000002200000001a00000001
000002240000001a00000008
000002280000001b00000228
0000022c0000001b00000230
000002300000000000000000
0000023c00000019000000d5
000002400000000000000000
000002440000001c00000000
000002480000000000000000
0000024c0000000000000000
000002500000000000000000
000002540000000f00001224
000002580000001400000aaa
0000025c00000007cb1eb25c
000002600000000000000000
000002640000000000000000
000002680000000206f18000
0000026c0000001d00000006
000002700000000bf79b3000
000002740000000000000000
000002780000000900000040
0000027c0000001200000001
000002800000000000000000
000002840000001d00000005
000002880000000000000000
000002700000000bf79b3000
000002740000000000000000
000002780000000900000040
0000027c0000001200000001
000002800000000000000000
000002840000001d00000004
000002880000000000000000
000002700000000bf79b3000
000002740000000000000000
000002780000000900000040
0000027c0000001200000001
000002800000000000000000
000002840000001d00000003
000002880000000000000000
000002700000000bf79b3000
000002740000000000000000
000002780000000900000040
0000027c0000001200000001
000002800000000000000000
000002840000001d00000002
000002880000000000000000
000002700000000bf79b3000
000002740000000000000000
000002780000000900000040
0000027c0000001200000001
000002800000000000000000
000002840000001d00000001
000002880000000000000000
000002700000000bf79b3000
000002740000000000000000
000002780000000900000040
0000027c0000001200000001
000002800000000000000000
000002840000001d00000000
000002880000000000000000
0000028c0000000000000000
000002900000000000000000
00000294000000060f93a000
0000029800000017000007ff
0000029c00000017c798b000
000002a00000000a00000000
000002a40000001d00000005
000002a80000001534e16fa4
000002ac0000000cfffff931
000002b00000000500000000
000002b40000000000000000
000002b80000001d00000004
000002bc0000000000000000
000002a80000001534e16fa4
000002ac0000000cfffff931
000002b00000000500000000
000002b40000000000000000
000002b80000001d00000003
000002bc0000000000000000
000002a80000001534e16fa4
000002ac0000000cfffff931
000002b00000000500000000
000002b40000000000000000
000002b80000001d00000002
000002bc0000000000000000
000002a80000001534e16fa4
000002ac0000000cfffff931
000002b00000000500000000
000002b40000000000000000
000002b80000001d00000001
000002bc0000000000000000
000002a80000001534e16fa4
000002ac0000000cfffff931
000002b00000000500000000
000002b40000000000000000
000002b80000001d00000000
000002bc0000000000000000
000002c00000001c00000005
000002c40000001a00000001
000002c80000001a00000008
000002cc0000001b000002cc
000002d00000001b000002d4
000002d40000000000000000
000002e000000019000000d8
000002e40000000000000000
000002e80000001c00000004
000002ec0000000000000000
000002c40000001a00000000
000002c80000001a00000000
000002cc0000001b000002cc
000002d00000001b000002cc
000002d40000000000000000
000002d800000019000000d9
000002dc0000000000000000
000002e80000001c00000003
000002ec0000000000000000
000002c40000001a00000001
000002c80000001a00000008
000002cc0000001b000002cc
000002d00000001b000002d4
000002d40000000000000000
000002e000000019000000dc
000002e40000000000000000
000002e80000001c00000002
000002ec0000000000000000
000002c40000001a00000000
000002c80000001a00000000
000002cc0000001b000002cc
000002d00000001b000002cc
000002d40000000000000000
000002d800000019000000dd
000002dc0000000000000000
000002e80000001c00000001
000002ec0000000000000000
000002c40000001a00000001
000002c80000001a00000008
000002cc0000001b000002cc
000002d00000001b000002d4
000002d40000000000000000
000002e000000019000000e0
000002e40000000000000000
000002e80000001c00000000
000002ec0000000000000000
000002f0000000136df58000
000002f40000000000000000
000002f80000000800000001
000002fc00000015bdcea2fc
000003000000001600000000
000003040000001500000000
000003080000001400000001
0000030c00000013f79b3001
000003100000001d00000004
000003140000000700000001
000003180000000400000001
0000031c00000001936df000
000003200000001d00000003
000003240000000000000000
000003140000000700000001
000003180000000400000001
0000031c00000001936df000
000003200000001d00000002
000003240000000000000000
000003140000000700000001
000003180000000400000001
0000031c00000001936df000
000003200000001d00000001
000003240000000000000000
000003140000000700000001
000003180000000400000001
0000031c00000001936df000
000003200000001d00000000
000003240000000000000000
000003280000000000000000
0000032c0000000b00000008
000003300000000000000000
000003340000000e00000020
000003380000000e00000001
0000033c0000001000000001
000003400000001c00000004
000003440000001a00000000
000003480000001a00000000
0000034c0000001b0000034c
000003500000001b0000034c
000003540000000100000358
0000035800000019000000e1
0000035c0000000000000000
000003680000001c00000003
0000036c0000000000000000
000003440000001a00000001
000003480000001a00000008
0000034c0000001b0000034c
000003500000001b00000354
000003540000000100000358
0000036000000019000000e4
000003640000000000000000
000003680000001c00000002
0000036c0000000000000000
000003440000001a00000000
000003480000001a00000000
0000034c0000001b0000034c
000003500000001b0000034c
000003540000000100000358
0000035800000019000000e5
0000035c0000000000000000
000003680000001c00000001
0000036c0000000000000000
000003440000001a00000001
000003480000001a00000008
0000034c0000001b0000034c
000003500000001b00000354
000003540000000100000358
0000036000000019000000e8
000003640000000000000000
000003680000001c00000000
0000036c0000000000000000
0000037000000009b408e370
000003740000000000000000
000003800000000800000001
000003840000000000000000
000003900000001600000000
000003940000000000000000
000003a00000000000000000
000003a40000000d00000001
000003a8000000100000122f
000003ac0000000000000000
000003b00000001491052000
000003b40000000d000007fe
000003b80000001d00000005
000003bc0000000cfffff8ca
000003c00000001200000000
000003c400000010fffff801
000003c80000001d00000004
000003cc0000000000000000
000003bc0000000cfffff8ca
000003c00000001200000000
000003c400000010fffff801
000003c80000001d00000003
000003cc0000000000000000
000003bc0000000cfffff8ca
000003c00000001200000000
000003c400000010fffff801
000003c80000001d00000002
000003cc0000000000000000
000003bc0000000cfffff8ca
000003c00000001200000000
000003c400000010fffff801
000003c80000001d00000001
000003cc0000000000000000
000003bc0000000cfffff8ca
000003c00000001200000000
000003c400000010fffff801
000003c80000001d00000000
000003cc0000000000000000
000003d00000000400000000
000003d40000000d00000000
000003d80000001341325000
000003dc0000000400000001
000003e00000000d00000000
000003e400000016b80483e4
000003e80000000f00000001
000003ec0000000b8154a3ec
000003f00000000e41325001
000003f400000001000003f8
000003fc0000000a000003f8
000004000000000100000404
000004100000000b00000404
000004140000000100000418
000004240000000c00000418
00000428000000010000042c
000004380000000200000001
0000043c0000000000000000
0000042c000000084f4e5000
000004300000000100000418
000004340000000000000000
000004180000001700000000
0000041c0000000100000404
000004200000000000000000
0000040400000003000003f8
0000040800000001000003f8
0000040c0000000000000000
000003f80000000000000000
000004400000001700000001
000004440000000219b3e000
000004480000000800000000
0000044c000000090f939ff8
000004500000000000000000
000004540000001c00000004
000004580000001a00000000
0000045c0000001a00000000
000004600000001b00000460
000004640000001b00000460
00000468000000010000046c
0000046c00000019000000e9
000004700000000000000000
0000047c0000001c00000003
000004800000000000000000
000004580000001a00000001
0000045c0000001a00000008
000004600000001b00000460
000004640000001b00000468
00000468000000010000046c
0000047400000019000000ec
000004780000000000000000
0000047c0000001c00000002
000004800000000000000000
000004580000001a00000000
0000045c0000001a00000000
000004600000001b00000460
000004640000001b00000460
00000468000000010000046c
0000046c00000019000000ed
000004700000000000000000
0000047c0000001c00000001
000004800000000000000000
000004580000001a00000001
0000045c0000001a00000008
000004600000001b00000460
000004640000001b00000468
00000468000000010000046c
0000047400000019000000f0
000004780000000000000000
0000047c0000001c00000000
000004800000000000000000
0000048400000017fffffe23
00000488000000010000048c
000004900000000a0000048c
000004940000000100000498
000004a40000000b00000498
000004a800000001000004ac
000004b80000000c000004ac
000004bc00000001000004c0
000004cc0000000d000004c0
000004d000000001000004d4
000004e00000000e000004d4
000004e400000001000004e8
000004f40000000f000004e8
000004f800000001000004fc
0000050800000010000004fc
0000050c0000000100000510
0000051c0000001100000510
000005200000000100000524
000005300000001200000524
000005340000000100000538
000005440000001400000000
000005480000000000000000
000005380000001400000000
0000053c0000000100000524
000005400000000000000000
0000052400000006f0000000
000005280000000100000510
0000052c0000000000000000
000005100000001400000000
0000051400000001000004fc
000005180000000000000000
000004fc0000001700000000
0000050000000001000004e8
000005040000000000000000
000004e80000001400000000
000004ec00000001000004d4
000004f00000000000000000
000004d400000016ffffffff
000004d800000001000004c0
000004dc0000000000000000
000004c000000009e2321000
000004c400000001000004ac
000004c80000000000000000
000004ac0000000000000000
000004b00000000100000498
000004b40000000000000000
000004980000000500000000
0000049c000000010000048c
000004a00000000000000000
0000048c0000000000000000
0000054c0000001141325000
000005500000001000000001
000005540000000600000000
000005580000000200000c16
0000055c0000000d00000000
000005600000000100000564
000005680000000a00000564
0000056c0000000100000570
0000057c0000000b00000570
000005800000000100000584
000005900000001500000000
000005940000000000000000
0000058400000003000007ff
000005880000000100000570
0000058c0000000000000000
000005700000001600000000
000005740000000100000564
000005780000000000000000
000005640000000000000000
000005980000001602406000
0000059c0000000f00000001
000005a00000000000000000
000005b00000001d00000006
000005b40000001500000000
000005b80000001d00000005
000005bc0000000000000000
000005b40000001500000000
000005b80000001d00000004
000005bc0000000000000000
000005b40000001500000000
000005b80000001d00000003
000005bc0000000000000000
000005b40000001500000000
000005b80000001d00000002
000005bc0000000000000000
000005b40000001500000000
000005b80000001d00000001
000005bc0000000000000000
000005b40000001500000000
000005b80000001d00000000
000005bc0000000000000000
000005c00000000500000ae0
000005c40000000a000007ff
000005c80000001200000000
000005cc0000000200000000
000005d00000001c00000005
000005d40000001a00000001
000005d80000001a00000008
000005dc0000001b000005dc
000005e00000001b000005e4
000005e400000001000005e8
000005f000000019000000f3
000005f40000000000000000
000005f80000001c00000004
000005fc0000000000000000
000005d40000001a00000000
000005d80000001a00000000
000005dc0000001b000005dc
000005e00000001b000005dc
000005e400000001000005e8
000005e800000019000000f4
000005ec0000000000000000
000005f80000001c00000003
000005fc0000000000000000
000005d40000001a00000001
000005d80000001a00000008
000005dc0000001b000005dc
000005e00000001b000005e4
000005e400000001000005e8
000005f000000019000000f7
000005f40000000000000000
000005f80000001c00000002
000005fc0000000000000000
000005d40000001a00000000
000005d80000001a00000000
000005dc0000001b000005dc
000005e00000001b000005dc
000005e400000001000005e8
000005e800000019000000f8
000005ec0000000000000000
000005f80000001c00000001
000005fc0000000000000000
000005d40000001a00000001
000005d80000001a00000008
000005dc0000001b000005dc
000005e00000001b000005e4
000005e400000001000005e8
000005f000000019000000fb
000005f40000000000000000
000005f80000001c00000000
000005fc0000000000000000
000006000000001d00000002
000006040000001000000094
000006080000001012d47000
0000060c00000009085c260c
000006100000000100000000
000006140000001d00000001
000006180000000000000000
000006040000001000000094
000006080000001012d47000
0000060c00000009085c260c
000006100000000100000000
000006140000001d00000000
000006180000000000000000
0000061c0000000b00000000
000006200000000000000000
000006240000001d00000005
000006280000001700000000
0000062c0000000900000000
000006300000001d00000004
000006340000000000000000
000006280000001700000000
0000062c0000000900000000
000006300000001d00000003
000006340000000000000000
000006280000001700000000
0000062c0000000900000000
000006300000001d00000002
000006340000000000000000
000006280000001700000000
0000062c0000000900000000
000006300000001d00000001
000006340000000000000000
000006280000001700000000
0000062c0000000900000000
000006300000001d00000000
000006340000000000000000
000006380000000e00000000
0000063c0000000ffffffa1d
000006400000000000000000
000006440000000e00000001
000006480000000500000000
0000064c0000000b00000000
000006500000000600000001
000006540000001300000001
000006580000001c00000004
0000065c0000001a00000000
000006600000001a00000000
000006640000001b00000664
000006680000001b00000664
0000066c0000000100000670
0000067000000019000000fc
000006740000000000000000
000006800000001c00000003
000006840000000000000000
0000065c0000001a00000001
000006600000001a00000008
000006640000001b00000664
000006680000001b0000066c
0000066c0000000100000670
0000067800000019000000ff
0000067c0000000000000000
000006800000001c00000002
000006840000000000000000
0000065c0000001a00000000
000006600000001a00000000
000006640000001b00000664
000006680000001b00000664
0000066c0000000100000670
000006700000001900000100
000006740000000000000000
000006800000001c00000001
000006840000000000000000
0000065c0000001a00000001
000006600000001a00000008
000006640000001b00000664
000006680000001b0000066c
0000066c0000000100000670
000006780000001900000103
0000067c0000000000000000
000006800000001c00000000
000006840000000000000000
000006880000000000000000
0000068c0000001d00000002
000006900000000100000000
000006940000001d00000001
000006980000000000000000
000006900000000100000000
000006940000001d00000000
000006980000000000000000
0000069c0000001000000000
000006a00000000100000103
000006a40000000c00000000
000006a80000000f00000000
000006ac00000009000007ff
000006b00000000000000000
000006b40000000000000000
000006c40000000000000000
000006c80000000b00000000
000006cc0000001d00000004
000006d00000001700000000
000006d40000000500000001
000006d80000000000000000
000006dc0000000000000000
000006e00000001d00000003
000006e40000000000000000
000006d00000001700000000
000006d40000000500000001
000006d80000000000000000
000006dc0000000000000000
000006e00000001d00000002
000006e40000000000000000
000006d00000001700000000
000006d40000000500000001
000006d80000000000000000
000006dc0000000000000000
000006e00000001d00000001
000006e40000000000000000
000006d00000001700000000
000006d40000000500000001
000006d80000000000000000
000006dc0000000000000000
000006e00000001d00000000
000006e40000000000000000
000006e800000012000027ff
000006ec0000000500000000
000006f00000000000000000
000006f40000000600000000
000006f80000000800000001
000006fc0000000c02406000
000007000000001400000009
000007040000000502406000
000007080000001d00000003
0000070c0000000e02406000
000007100000001700000000
000007140000000a00000000
0000071800000005fffff800
0000071c0000001d00000002
000007200000000000000000
0000070c0000000efffff800
000007100000001700000000
000007140000000a00000000
0000071800000005fffff800
0000071c0000001d00000001
000007200000000000000000
0000070c0000000efffff800
000007100000001700000000
000007140000000a00000000
0000071800000005fffff800
0000071c0000001d00000000
000007200000000000000000
000007240000000a00000000
000007280000000d00000000
0000072c00000010000007ff
000007300000001100000000
000007340000000e00000000
000007380000000d000007ff
0000073c0000000800000000
000007400000001d00000004
000007440000000900000103
000007480000000000000000
0000074c0000001d00000003
000007500000000000000000
000007440000000900000103
000007480000000000000000
0000074c0000001d00000002
000007500000000000000000
000007440000000900000103
000007480000000000000000
0000074c0000001d00000001
000007500000000000000000
000007440000000900000103
000007480000000000000000
0000074c0000001d00000000
000007500000000000000000
000007540000000b000007fe
000007580000001300000000
0000075c0000000f767c2000
000007600000000300000103
000007640000000100000768
0000076c0000000000000000
000007700000000000000000
000007680000000000000000
000007740000000000000000
0000077800000013000007ff
0000077c0000001d00000002
000007800000000e00000000
000007840000000000000000
000007880000000200000000
0000078c0000000e00000010
000007900000001d00000001
000007940000000000000000
000007800000000e00000000
000007840000000000000000
000007880000000200000000
0000078c0000000e00000010
000007900000001d00000000
000007940000000000000000
000007980000001c00000005
0000079c0000001a00000001
000007a00000001a00000008
000007a40000001b000007a4
000007a80000001b000007ac
000007ac0000000000000000
000007b80000001900000106
000007bc0000000000000000
000007c00000001c00000004
000007c40000000000000000
0000079c0000001a00000000
000007a00000001a00000000
000007a40000001b000007a4
000007a80000001b000007a4
000007ac0000000000000000
000007b00000001900000107
000007b40000000000000000
000007c00000001c00000003
000007c40000000000000000
0000079c0000001a00000001
000007a00000001a00000008
000007a40000001b000007a4
000007a80000001b000007ac
000007ac0000000000000000
000007b8000000190000010a
000007bc0000000000000000
000007c00000001c00000002
000007c40000000000000000
0000079c0000001a00000000
000007a00000001a00000000
000007a40000001b000007a4
000007a80000001b000007a4
000007ac0000000000000000
000007b0000000190000010b
000007b40000000000000000
000007c00000001c00000001
000007c40000000000000000
0000079c0000001a00000001
000007a00000001a00000008
000007a40000001b000007a4
000007a80000001b000007ac
000007ac0000000000000000
000007b8000000190000010e
000007bc0000000000000000
000007c00000001c00000000
000007c40000000000000000
000007c80000000100000000
000007cc0000000d00000021
000007d000000003000007ac
000007d400000001000007d8
000007dc0000000a000007d8
000007e000000001000007e4
000007f00000000b000007e4
000007f400000001000007f8
000008040000000c000007f8
00000808000000010000080c
000008180000000d0000080c
0000081c0000000100000820
0000082c0000000e00000820
000008300000000100000834
000008400000000f00000834
000008440000000100000848
000008540000001000000848
00000858000000010000085c
00000868000000110000085c
0000086c0000000100000870
0000087c0000000600000001
000008800000000000000000
000008700000000300000001
00000874000000010000085c
000008780000000000000000
0000085c0000000600000000
000008600000000100000848
000008640000000000000000
000008480000000700000001
0000084c0000000100000834
000008500000000000000000
0000083400000002167c5834
000008380000000100000820
0000083c0000000000000000
0000082000000017ccb0a000
00000824000000010000080c
000008280000000000000000
0000080c00000005fffff800
0000081000000001000007f8
000008140000000000000000
000007f80000001700001068
000007fc00000001000007e4
000008000000000000000000
000007e400000007000007ff
000007e800000001000007d8
000007ec0000000000000000
000007d80000000000000000
000008840000001d00000005
0000088800000013000007cf
0000088c0000001d00000004
000008900000000000000000
0000088800000013000007cf
0000088c0000001d00000003
000008900000000000000000
0000088800000013000007cf
0000088c0000001d00000002
000008900000000000000000
0000088800000013000007cf
0000088c0000001d00000001
000008900000000000000000
0000088800000013000007cf
0000088c0000001d00000000
000008900000000000000000
000008940000000600000103
000008980000000a00000000
0000089c0000001d00000003
000008a00000000000000000
000008a40000001d00000002
000008a80000000000000000
000008a00000000000000000
000008a40000001d00000001
000008a80000000000000000
000008a00000000000000000
000008a40000001d00000000
000008a80000000000000000
000008ac0000001d00000003
000008b000000015f7118000
000008b40000000b000007e3
000008b80000001d00000002
000008bc0000000000000000
000008b000000015f7118000
000008b40000000b000007e2
000008b80000001d00000001
000008bc0000000000000000
000008b000000015f7118000
000008b40000000b000007e1
000008b80000001d00000000
000008bc0000000000000000
000008c00000000000000000
000008c40000000b00000020
000008c80000001700088000
000008cc0000000000000000
000008dc0000001d00000005
000008e00000000200000001
000008e40000001100000ffc
000008e80000001d00000004
000008ec0000000000000000
000008e00000000200000001
000008e40000001100000ffc
000008e80000001d00000003
000008ec0000000000000000
000008e00000000200000001
000008e40000001100000ffc
000008e80000001d00000002
000008ec0000000000000000
000008e00000000200000001
000008e40000001100000ffc
000008e80000001d00000001
000008ec0000000000000000
000008e00000000200000001
000008e40000001100000ffc
000008e80000001d00000000
000008ec0000000000000000
000008f00000000000000000
000008fc0000001d00000005
000009000000000300000000
00000904000000106ba67904
000009080000000300000000
0000090c0000001d00000004
000009100000000000000000
000009000000000300000000
00000904000000106ba67904
000009080000000300000000
0000090c0000001d00000003
000009100000000000000000
000009000000000300000000
00000904000000106ba67904
000009080000000300000000
0000090c0000001d00000002
000009100000000000000000
000009000000000300000000
00000904000000106ba67904
000009080000000300000000
0000090c0000001d00000001
000009100000000000000000
000009000000000300000000
00000904000000106ba67904
000009080000000300000000
0000090c0000001d00000000
000009100000000000000000
000009140000000a00000000
000009180000000d02406000
0000091c0000001600000def
000009200000000100000924
000009280000000a00000924
0000092c0000000100000930
0000093c000000067509d93c
000009400000000000000000
000009300000000200000000
000009340000000100000924
000009380000000000000000
000009240000000000000000
000009440000001378b9a000
000009480000000000000000
0000094c0000001126cfb94c
000009500000000e000027fe
000009540000000100000958
0000095c0000000a00000958
000009600000000100000964
000009700000000b00000964
000009740000000100000978
000009840000001400000140
000009880000000000000000
000009780000001700000000
0000097c0000000100000964
000009800000000000000000
000009640000000000000000
000009680000000100000958
0000096c0000000000000000
000009580000000000000000
0000098c0000000000000000
000009900000000000000000
000009940000001100002800
000009980000001400000000
0000099c0000000e18d4e000
000009a00000000f00000001
000009a40000000000000000
000009ac0000001c00000005
000009b00000001a00000001
000009b40000001a00000008
000009b80000001b000009b8
000009bc0000001b000009c0
000009c000000001000009c4
000009cc0000001900000111
000009d00000000000000000
000009d40000001c00000004
000009d80000000000000000
000009b00000001a00000000
000009b40000001a00000000
000009b80000001b000009b8
000009bc0000001b000009b8
000009c000000001000009c4
000009c40000001900000112
000009c80000000000000000
000009d40000001c00000003
000009d80000000000000000
000009b00000001a00000001
000009b40000001a00000008
000009b80000001b000009b8
000009bc0000001b000009c0
000009c000000001000009c4
000009cc0000001900000115
000009d00000000000000000
000009d40000001c00000002
000009d80000000000000000
000009b00000001a00000000
000009b40000001a00000000
000009b80000001b000009b8
000009bc0000001b000009b8
000009c000000001000009c4
000009c40000001900000116
000009c80000000000000000
000009d40000001c00000001
000009d80000000000000000
000009b00000001a00000001
000009b40000001a00000008
000009b80000001b000009b8
000009bc0000001b000009c0
000009c000000001000009c4
000009cc0000001900000119
000009d00000000000000000
000009d40000001c00000000
000009d80000000000000000
000009dc0000001200000000
000009e00000000200000000
000009e40000000900000001
000009e80000000d00000000
000009ec0000000300000000
000009f000000001000009f4
000009f80000000a000009f4
000009fc0000000100000a00
00000a0c0000000b00000a00
00000a100000000100000a14
00000a200000000c00000a14
00000a240000000100000a28
00000a340000000d00000a28
00000a380000000100000a3c
00000a480000000e00000a3c
00000a4c0000000100000a50
00000a5c0000000f00000a50
00000a600000000100000a64
00000a700000001000000a64
00000a740000000100000a78
00000a840000001100000a78
00000a880000000100000a8c
00000a980000001200000a8c
00000a9c0000000100000aa0
00000aac0000000500000000
00000ab00000000000000000
00000aa00000000600000000
00000aa40000000100000a8c
00000aa80000000000000000
00000a8c0000000699e07a8c
00000a900000000100000a78
00000a940000000000000000
00000a7800000015000009fc
00000a7c0000000100000a64
00000a800000000000000000
00000a640000001600000000
00000a680000000100000a50
00000a6c0000000000000000
00000a500000000400000a64
00000a540000000100000a3c
00000a580000000000000000
00000a3c00000006fffffaf9
00000a400000000100000a28
00000a440000000000000000
00000a280000000600000000
00000a2c0000000100000a14
00000a300000000000000000
00000a140000000300000000
00000a180000000100000a00
00000a1c0000000000000000
00000a000000001700000001
00000a0400000001000009f4
00000a080000000000000000
000009f40000000000000000
00000ab40000000100000ab8
00000abc0000000a00000ab8
00000ac00000000100000ac4
00000ad00000000b00000ac4
00000ad40000000100000ad8
00000ae40000000c00000ad8
00000ae80000000100000aec
00000af80000000d00000aec
00000afc0000000100000b00
00000b0c0000000400002000
00000b100000000000000000
00000b000000000300000000
00000b040000000100000aec
00000b080000000000000000
00000aec0000001600000001
00000af00000000100000ad8
00000af40000000000000000
00000ad800000005fffff919
00000adc0000000100000ac4
00000ae00000000000000000
00000ac40000000400000000
00000ac80000000100000ab8
00000acc0000000000000000
00000ab80000000000000000
00000b140000000100000b18
00000b1c0000000a00000b18
00000b200000000100000b24
00000b300000000b00000b24
00000b340000000100000b38
00000b440000000c00000b38
00000b480000000100000b4c
00000b580000000d00000b4c
00000b5c0000000100000b60
00000b6c0000000500000000
00000b700000000000000000
00000b600000000700000000
00000b640000000100000b4c
00000b680000000000000000
00000b4c00000004fffffe88
00000b500000000100000b38
00000b540000000000000000
00000b3800000003fffffbff
00000b3c0000000100000b24
00000b400000000000000000
00000b2400000003000001c0
00000b280000000100000b18
00000b2c0000000000000000
00000b180000000000000000
00000b740000000000000000
00000b780000001500000000
00000b7c0000000d000014a0
00000b800000000c00000000
00000b840000001c00000004
00000b880000001a00000000
00000b8c0000001a00000000
00000b900000001b00000b90
00000b940000001b00000b90
00000b980000000000000000
00000b9c000000190000011a
00000ba00000000000000000
00000bac0000001c00000003
00000bb00000000000000000
00000b880000001a00000001
00000b8c0000001a00000008
00000b900000001b00000b90
00000b940000001b00000b98
00000b980000000000000000
00000ba4000000190000011d
00000ba80000000000000000
00000bac0000001c00000002
00000bb00000000000000000
00000b880000001a00000000
00000b8c0000001a00000000
00000b900000001b00000b90
00000b940000001b00000b90
00000b980000000000000000
00000b9c000000190000011e
00000ba00000000000000000
00000bac0000001c00000001
00000bb00000000000000000
00000b880000001a00000001
00000b8c0000001a00000008
00000b900000001b00000b90
00000b940000001b00000b98
00000b980000000000000000
00000ba40000001900000121
00000ba80000000000000000
00000bac0000001c00000000
00000bb00000000000000000
00000bb40000001d00000003
00000bb80000001200000a18
00000bbc0000000800000001
00000bc00000000000000000
00000bc40000000d00000000
00000bc800000009fffff318
00000bcc0000001d00000002
00000bd00000000000000000
00000bb80000001200000a18
00000bbc0000000800000001
00000bc00000000000000000
00000bc40000000d00000000
00000bc800000009fffff318
00000bcc0000001d00000001
00000bd00000000000000000
00000bb80000001200000a18
00000bbc0000000800000001
00000bc00000000000000000
00000bc40000000d00000000
00000bc800000009fffff318
00000bcc0000001d00000000
00000bd00000000000000000
00000bd40000000000000000
00000bd80000000900000a00
00000bdc0000001400000a50
00000be00000000400000001
00000be40000000678b9a000
00000be80000000a00000001
00000bec0000001200000000
00000bf00000000800000400
00000bf40000001600000000
00000bf80000000200000000
00000bfc0000000e00000b24
00000c000000000d00000020
00000c040000000400000ef1
00000c080000001d00000006
00000c0c0000000da0bf4c0c
00000c100000000a00000a00
00000c140000001d00000005
00000c180000000000000000
00000c0c0000000da0bf4c0c
00000c100000000a00000a00
00000c140000001d00000004
00000c180000000000000000
00000c0c0000000da0bf4c0c
00000c100000000a00000a00
00000c140000001d00000003
00000c180000000000000000
00000c0c0000000da0bf4c0c
00000c100000000a00000a00
00000c140000001d00000002
00000c180000000000000000
00000c0c0000000da0bf4c0c
00000c100000000a00000a00
00000c140000001d00000001
00000c180000000000000000
00000c0c0000000da0bf4c0c
00000c100000000a00000a00
00000c140000001d00000000
00000c180000000000000000
00000c1c0000000900000000
00000c200000000100000ef1
00000c240000001d00000002
00000c280000000dfffffe00
00000c2c0000000b00000400
00000c300000001d00000001
00000c340000000000000000
00000c280000000dfffffe00
00000c2c0000000b00000400
00000c300000001d00000000
00000c340000000000000000
00000c380000000a00000000
00000c3c0000001c00000005
00000c400000001a00000001
00000c440000001a00000008
00000c480000001b00000c48
00000c4c0000001b00000c50
00000c500000000100000c54
00000c5c0000001900000124
00000c600000000000000000
00000c640000001c00000004
00000c680000000000000000
00000c400000001a00000000
00000c440000001a00000000
00000c480000001b00000c48
00000c4c0000001b00000c48
00000c500000000100000c54
00000c540000001900000125
00000c580000000000000000
00000c640000001c00000003
00000c680000000000000000
00000c400000001a00000001
00000c440000001a00000008
00000c480000001b00000c48
00000c4c0000001b00000c50
00000c500000000100000c54
00000c5c0000001900000128
00000c600000000000000000
00000c640000001c00000002
00000c680000000000000000
00000c400000001a00000000
00000c440000001a00000000
00000c480000001b00000c48
00000c4c0000001b00000c48
00000c500000000100000c54
00000c540000001900000129
00000c580000000000000000
00000c640000001c00000001
00000c680000000000000000
00000c400000001a00000001
00000c440000001a00000008
00000c480000001b00000c48
00000c4c0000001b00000c50
00000c500000000100000c54
00000c5c000000190000012c
00000c600000000000000000
00000c640000001c00000000
00000c680000000000000000
00000c6c0000000c00000a50
00000c700000001000000e50
00000c740000001d00000004
00000c780000000000000000
00000c7c0000001500000000
00000c800000000000000000
00000c840000000000000000
00000c880000000400000001
00000c8c0000001d00000003
00000c900000000000000000
00000c780000000000000000
00000c7c0000001500000000
00000c800000000000000000
00000c840000000000000000
00000c880000000400000001
00000c8c0000001d00000002
00000c900000000000000000
00000c780000000000000000
00000c7c0000001500000000
00000c800000000000000000
00000c840000000000000000
00000c880000000400000001
00000c8c0000001d00000001
00000c900000000000000000
00000c780000000000000000
00000c7c0000001500000000
00000c800000000000000000
00000c840000000000000000
00000c880000000400000001
00000c8c0000001d00000000
00000c900000000000000000
00000c940000001d00000003
00000c980000000700000001
00000c9c00000011fffff5af
00000ca00000001100000001
00000ca40000001d00000002
00000ca80000000000000000
00000c980000000700000001
00000c9c00000011fffff5af
00000ca00000001100000001
00000ca40000001d00000001
00000ca80000000000000000
00000c980000000700000001
00000c9c00000011fffff5af
00000ca00000001100000001
00000ca40000001d00000000
00000ca80000000000000000
00000cac0000001300000e50
00000cb00000001c00000005
00000cb40000001a00000001
00000cb80000001a00000008
00000cbc0000001b00000cbc
00000cc00000001b00000cc4
00000cc40000000100000cc8
00000cd0000000190000012f
00000cd40000000000000000
00000cd80000001c00000004
00000cdc0000000000000000
00000cb40000001a00000000
00000cb80000001a00000000
00000cbc0000001b00000cbc
00000cc00000001b00000cbc
00000cc40000000100000cc8
00000cc80000001900000130
00000ccc0000000000000000
00000cd80000001c00000003
00000cdc0000000000000000
00000cb40000001a00000001
00000cb80000001a00000008
00000cbc0000001b00000cbc
00000cc00000001b00000cc4
00000cc40000000100000cc8
00000cd00000001900000133
00000cd40000000000000000
00000cd80000001c00000002
00000cdc0000000000000000
00000cb40000001a00000000
00000cb80000001a00000000
00000cbc0000001b00000cbc
00000cc00000001b00000cbc
00000cc40000000100000cc8
00000cc80000001900000134
00000ccc0000000000000000
00000cd80000001c00000001
00000cdc0000000000000000
00000cb40000001a00000001
00000cb80000001a00000008
00000cbc0000001b00000cbc
00000cc00000001b00000cc4
00000cc40000000100000cc8
00000cd00000001900000137
00000cd40000000000000000
00000cd80000001c00000000
00000cdc0000000000000000
00000ce00000001300000000
00000ce40000001c00000005
00000ce80000001a00000001
00000cec0000001a00000008
00000cf00000001b00000cf0
00000cf40000001b00000cf8
00000cf80000000000000000
00000d04000000190000013a
00000d080000000000000000
00000d0c0000001c00000004
00000d100000000000000000
00000ce80000001a00000000
00000cec0000001a00000000
00000cf00000001b00000cf0
00000cf40000001b00000cf0
00000cf80000000000000000
00000cfc000000190000013b
00000d000000000000000000
00000d0c0000001c00000003
00000d100000000000000000
00000ce80000001a00000001
00000cec0000001a00000008
00000cf00000001b00000cf0
00000cf40000001b00000cf8
00000cf80000000000000000
00000d04000000190000013e
00000d080000000000000000
00000d0c0000001c00000002
00000d100000000000000000
00000ce80000001a00000000
00000cec0000001a00000000
00000cf00000001b00000cf0
00000cf40000001b00000cf0
00000cf80000000000000000
00000cfc000000190000013f
00000d000000000000000000
00000d0c0000001c00000001
00000d100000000000000000
00000ce80000001a00000001
00000cec0000001a00000008
00000cf00000001b00000cf0
00000cf40000001b00000cf8
00000cf80000000000000000
00000d040000001900000142
00000d080000000000000000
00000d0c0000001c00000000
00000d100000000000000000
00000d14000000134b313d14
00000d180000000200000000
00000d1c0000000000000000
00000d300000000efffff27b
00000d340000001400000000
00000d380000000600000001
00000d3c0000000d00000000
00000d400000000c00000001
00000d440000000100000d48
00000d4c0000000a00000d48
00000d500000000100000d54
00000d600000000b00000d54
00000d640000000100000d68
00000d740000000c00000d68
00000d780000000100000d7c
00000d880000000d00000d7c
00000d8c0000000100000d90
00000d9c0000000e00000d90
00000da00000000100000da4
00000db00000000f00000da4
00000db40000000100000db8
00000dc40000000400000400
00000dc80000000000000000
00000db80000000000000000
00000dbc0000000100000da4
00000dc00000000000000000
00000da40000000700000000
00000da80000000100000d90
00000dac0000000000000000
00000d90000000074b313800
00000d940000000100000d7c
00000d980000000000000000
00000d7c0000000400000d14
00000d800000000100000d68
00000d840000000000000000
00000d6800000007000007fe
00000d6c0000000100000d54
00000d700000000000000000
00000d5400000015347a4000
00000d580000000100000d48
00000d5c0000000000000000
00000d480000000000000000
00000dcc0000000000000000
00000dd00000000afffffd48
00000dd40000001c00000004
00000dd80000001a00000000
00000ddc0000001a00000000
00000de00000001b00000de0
00000de40000001b00000de0
00000de80000000000000000
00000dec0000001900000143
00000df00000000000000000
00000dfc0000001c00000003
00000e000000000000000000
00000dd80000001a00000001
00000ddc0000001a00000008
00000de00000001b00000de0
00000de40000001b00000de8
00000de80000000000000000
00000df40000001900000146
00000df80000000000000000
00000dfc0000001c00000002
00000e000000000000000000
00000dd80000001a00000000
00000ddc0000001a00000000
00000de00000001b00000de0
00000de40000001b00000de0
00000de80000000000000000
00000dec0000001900000147
00000df00000000000000000
00000dfc0000001c00000001
00000e000000000000000000
00000dd80000001a00000001
00000ddc0000001a00000008
00000de00000001b00000de0
00000de40000001b00000de8
00000de80000000000000000
00000df4000000190000014a
00000df80000000000000000
00000dfc0000001c00000000
00000e000000000000000000
00000e040000000affffde01
00000e080000000000000000
00000e0c0000001d00000003
00000e100000000600000d90
00000e140000001400000d69
00000e180000000000000000
00000e1c0000000100000001
00000e200000000d00002140
00000e240000001d00000002
00000e280000000000000000
00000e100000000600000d90
00000e140000001400000d69
00000e180000000000000000
00000e1c0000000100000001
00000e200000000d00002140
00000e240000001d00000001
00000e280000000000000000
00000e100000000600000d90
00000e140000001400000d69
00000e180000000000000000
00000e1c0000000100000001
00000e200000000d00002140
00000e240000001d00000000
00000e280000000000000000
00000e2c0000001c00000005
00000e300000001a00000001
00000e340000001a00000008
00000e380000001b00000e38
00000e3c0000001b00000e40
00000e400000000000000000
00000e4c000000190000014d
00000e500000000000000000
00000e540000001c00000004
00000e580000000000000000
00000e300000001a00000000
00000e340000001a00000000
00000e380000001b00000e38
00000e3c0000001b00000e38
00000e400000000000000000
00000e44000000190000014e
00000e480000000000000000
00000e540000001c00000003
00000e580000000000000000
00000e300000001a00000001
00000e340000001a00000008
00000e380000001b00000e38
00000e3c0000001b00000e40
00000e400000000000000000
00000e4c0000001900000151
00000e500000000000000000
00000e540000001c00000002
00000e580000000000000000
00000e300000001a00000000
00000e340000001a00000000
00000e380000001b00000e38
00000e3c0000001b00000e38
00000e400000000000000000
00000e440000001900000152
00000e480000000000000000
00000e540000001c00000001
00000e580000000000000000
00000e300000001a00000001
00000e340000001a00000008
00000e380000001b00000e38
00000e3c0000001b00000e40
00000e400000000000000000
00000e4c0000001900000155
00000e500000000000000000
00000e540000001c00000000
00000e580000000000000000
00000e5c0000000dfffffa00
00000e600000000000000000
00000e640000000000000000
00000e680000001400000001
00000e6c0000000600000000
00000e700000000100000e74
00000e780000000a00000e74
00000e7c0000000100000e80
00000e8c0000001500000e00
00000e900000000000000000
00000e8000000009ffffffff
00000e840000000100000e74
00000e880000000000000000
00000e740000000000000000
00000e94000000155b589000
00000e980000000100000e9c
00000ea00000000a00000e9c
00000ea40000000100000ea8
00000eb40000000b00000ea8
00000eb80000000100000ebc
00000ec80000000c00000ebc
00000ecc0000000100000ed0
00000edc0000000d00000ed0
00000ee00000000100000ee4
00000ef00000000e00000ee4
00000ef40000000100000ef8
00000f040000000f00000ef8
00000f080000000100000f0c
00000f180000001000000f0c
00000f1c0000000100000f20
00000f2c0000001100000f20
00000f300000000100000f34
00000f400000001200000f34
00000f440000000100000f48
00000f5400000007000007ff
00000f580000000000000000
00000f480000001600000001
00000f4c0000000100000f34
00000f500000000000000000
00000f340000000000000000
00000f380000000100000f20
00000f3c0000000000000000
00000f200000000400000000
00000f240000000100000f0c
00000f280000000000000000
00000f0c0000000900000514
00000f100000000100000ef8
00000f140000000000000000
00000ef80000000400000000
00000efc0000000100000ee4
00000f000000000000000000
00000ee40000000800000720
00000ee80000000100000ed0
00000eec0000000000000000
00000ed0000000090bc5bed0
00000ed40000000100000ebc
00000ed80000000000000000
00000ebc0000000900000fbc
00000ec00000000100000ea8
00000ec40000000000000000
00000ea80000001600000fff
00000eac0000000100000e9c
00000eb00000000000000000
00000e9c0000000000000000
00000f5c0000001d00000005
00000f600000000900000f20
00000f64000000146cfd7f64
00000f680000000600000000
00000f6c0000000300000000
00000f700000000000000000
00000f740000001d00000004
00000f780000000000000000
00000f600000000900000f20
00000f64000000146cfd7f64
00000f680000000600000000
00000f6c0000000300000000
00000f700000000000000000
00000f740000001d00000003
00000f780000000000000000
00000f600000000900000f20
00000f64000000146cfd7f64
00000f680000000600000000
00000f6c0000000300000000
00000f700000000000000000
00000f740000001d00000002
00000f780000000000000000
00000f600000000900000f20
00000f64000000146cfd7f64
00000f680000000600000000
00000f6c0000000300000000
00000f700000000000000000
00000f740000001d00000001
00000f780000000000000000
00000f600000000900000f20
00000f64000000146cfd7f64
00000f680000000600000000
00000f6c0000000300000000
00000f700000000000000000
00000f740000001d00000000
00000f780000000000000000
00000f7c0000001300000000
00000f800000000f732bff80
00000f840000001300000001
00000f880000001c00000005
00000f8c0000001a00000001
00000f900000001a00000008
00000f940000001b00000f94
00000f980000001b00000f9c
00000f9c0000000100000fa0
00000fa80000001900000158
00000fac0000000000000000
00000fb00000001c00000004
00000fb40000000000000000
00000f8c0000001a00000000
00000f900000001a00000000
00000f940000001b00000f94
00000f980000001b00000f94
00000f9c0000000100000fa0
00000fa00000001900000159
00000fa40000000000000000
00000fb00000001c00000003
00000fb40000000000000000
00000f8c0000001a00000001
00000f900000001a00000008
00000f940000001b00000f94
00000f980000001b00000f9c
00000f9c0000000100000fa0
00000fa8000000190000015c
00000fac0000000000000000
00000fb00000001c00000002
00000fb40000000000000000
00000f8c0000001a00000000
00000f900000001a00000000
00000f940000001b00000f94
00000f980000001b00000f94
00000f9c0000000100000fa0
00000fa0000000190000015d
00000fa40000000000000000
00000fb00000001c00000001
00000fb40000000000000000
00000f8c0000001a00000001
00000f900000001a00000008
00000f940000001b00000f94
00000f980000001b00000f9c
00000f9c0000000100000fa0
00000fa80000001900000160
00000fac0000000000000000
00000fb00000001c00000000
00000fb40000000000000000
00000fb80000000f00000001
00000fbc0000001c00000005
00000fc00000001a00000001
00000fc40000001a00000008
00000fc80000001b00000fc8
00000fcc0000001b00000fd0
00000fd00000000000000000
00000fdc0000001900000163
00000fe00000000000000000
00000fe40000001c00000004
00000fe80000000000000000
00000fc00000001a00000000
00000fc40000001a00000000
00000fc80000001b00000fc8
00000fcc0000001b00000fc8
00000fd00000000000000000
00000fd40000001900000164
00000fd80000000000000000
00000fe40000001c00000003
00000fe80000000000000000
00000fc00000001a00000001
00000fc40000001a00000008
00000fc80000001b00000fc8
00000fcc0000001b00000fd0
00000fd00000000000000000
00000fdc0000001900000167
00000fe00000000000000000
00000fe40000001c00000002
00000fe80000000000000000
00000fc00000001a00000000
00000fc40000001a00000000
00000fc80000001b00000fc8
00000fcc0000001b00000fc8
00000fd00000000000000000
00000fd40000001900000168
00000fd80000000000000000
00000fe40000001c00000001
00000fe80000000000000000
00000fc00000001a00000001
00000fc40000001a00000008
00000fc80000001b00000fc8
00000fcc0000001b00000fd0
00000fd00000000000000000
00000fdc000000190000016b
00000fe00000000000000000
00000fe40000001c00000000
00000fe80000000000000000
00000fec0000000100000ff0
00000ff40000000a00000ff0
00000ff80000000100000ffc
000010080000000b00000ffc
0000100c0000000100001010
0000101c0000000c00001010
000010200000000100001024
000010300000000d00001024
000010340000000100001038
000010440000001700000000
000010480000000000000000
000010380000000700000000
0000103c0000000100001024
000010400000000000000000
000010240000000900000001
000010280000000100001010
0000102c0000000000000000
0000101000000016f3b16000
000010140000000100000ffc
000010180000000000000000
00000ffc0000000200000001
000010000000000100000ff0
000010040000000000000000
00000ff00000000000000000
0000104c0000000100000000
00001050000000122f4d2000
000010540000000000000000
000010580000001048476000
0000105c0000001000000000
000010600000000100001064
000010680000000a00001064
0000106c0000000100001070
0000107c0000000b00001070
000010800000000100001084
000010900000000c00001084
000010940000000100001098
000010a4000000067ae87000
000010a80000000000000000
000010980000000500000000
0000109c0000000100001084
000010a00000000000000000
000010840000001500000001
000010880000000100001070
0000108c0000000000000000
000010700000000700000000
000010740000000100001064
000010780000000000000000
000010640000000000000000
000010ac00000001000010b0
000010b40000000a000010b0
000010b800000001000010bc
000010c80000000b000010bc
000010cc00000001000010d0
000010dc0000000c000010d0
000010e000000001000010e4
000010f00000000d000010e4
000010f400000001000010f8
000011040000000e000010f8
00001108000000010000110c
000011180000000f0000110c
0000111c0000000100001120
0000112c0000000000000000
000011300000000000000000
000011200000001600000000
00001124000000010000110c
000011280000000000000000
0000110c00000016000032e4
0000111000000001000010f8
000011140000000000000000
000010f80000001500000000
000010fc00000001000010e4
000011000000000000000000
000010e40000001700000000
000010e800000001000010d0
000010ec0000000000000000
000010d00000000900000000
000010d400000001000010bc
000010d80000000000000000
000010bc0000000000000000
000010c000000001000010b0
000010c40000000000000000
000010b00000000000000000
000011340000000500000f65
000011380000000800000000
0000113c0000001300002200
000011400000001c00000004
000011440000001a00000000
000011480000001a00000000
0000114c0000001b0000114c
000011500000001b0000114c
000011540000000100001158
00001158000000190000016c
0000115c0000000000000000
000011680000001c00000003
0000116c0000000000000000
000011440000001a00000001
000011480000001a00000008
0000114c0000001b0000114c
000011500000001b00001154
000011540000000100001158
00001160000000190000016f
000011640000000000000000
000011680000001c00000002
0000116c0000000000000000
000011440000001a00000000
000011480000001a00000000
0000114c0000001b0000114c
000011500000001b0000114c
000011540000000100001158
000011580000001900000170
0000115c0000000000000000
000011680000001c00000001
0000116c0000000000000000
000011440000001a00000001
000011480000001a00000008
0000114c0000001b0000114c
000011500000001b00001154
000011540000000100001158
000011600000001900000173
000011640000000000000000
000011680000001c00000000
0000116c0000000000000000
000011700000001100000000
000011740000000000000000
000011780000000cd12d1000
0000117c00000017bc36f000
000011800000001612d10000
000011840000001d00000004
000011880000001300000000
0000118c0000001d00000003
000011900000000000000000
000011880000001300000000
0000118c0000001d00000002
000011900000000000000000
000011880000001300000000
0000118c0000001d00000001
000011900000000000000000
000011880000001300000000
0000118c0000001d00000000
000011900000000000000000
000011940000000900000000
000011980000000b00002000
0000119c0000000500000174
000011a00000001c00000005
000011a40000001a00000001
000011a80000001a00000008
000011ac0000001b000011ac
000011b00000001b000011b4
000011b40000000000000000
000011c00000001900000176
000011c40000000000000000
000011c80000001c00000004
000011cc0000000000000000
000011a40000001a00000000
000011a80000001a00000000
000011ac0000001b000011ac
000011b00000001b000011ac
000011b40000000000000000
000011b80000001900000177
000011bc0000000000000000
000011c80000001c00000003
000011cc0000000000000000
000011a40000001a00000001
000011a80000001a00000008
000011ac0000001b000011ac
000011b00000001b000011b4
000011b40000000000000000
000011c0000000190000017a
000011c40000000000000000
000011c80000001c00000002
000011cc0000000000000000
000011a40000001a00000000
000011a80000001a00000000
000011ac0000001b000011ac
000011b00000001b000011ac
000011b40000000000000000
000011b8000000190000017b
000011bc0000000000000000
000011c80000001c00000001
000011cc0000000000000000
000011a40000001a00000001
000011a80000001a00000008
000011ac0000001b000011ac
000011b00000001b000011b4
000011b40000000000000000
000011c0000000190000017e
000011c40000000000000000
000011c80000001c00000000
000011cc0000000000000000
000011d00000000000000000
000011dc0000001d00000006
000011e00000000300000000
000011e40000000f000007ff
000011e80000000c00000000
000011ec00000001000011b4
000011f00000000e00000000
000011f40000001d00000005
000011f80000000000000000
000011e00000000300000000
000011e40000000f000007ff
000011e80000000c00000000
000011ec00000001000011b4
000011f00000000e00000000
000011f40000001d00000004
000011f80000000000000000
000011e00000000300000000
000011e40000000f000007ff
000011e80000000c00000000
000011ec00000001000011b4
000011f00000000e00000000
000011f40000001d00000003
000011f80000000000000000
000011e00000000300000000
000011e40000000f000007ff
000011e80000000c00000000
000011ec00000001000011b4
000011f00000000e00000000
000011f40000001d00000002
000011f80000000000000000
000011e00000000300000000
000011e40000000f000007ff
000011e80000000c00000000
000011ec00000001000011b4
000011f00000000e00000000
000011f40000001d00000001
000011f80000000000000000
000011e00000000300000000
000011e40000000f000007ff
000011e80000000c00000000
000011ec00000001000011b4
000011f00000000e00000000
000011f40000001d00000000
000011f80000000000000000
000011fc0000000700000000
000012000000000200000000
0000120400000015000018c3
0000120800000017ea910208
0000120c0000001300000000
000012100000001100000000
000012140000000100001218
0000121c0000000a00001218
000012200000000100001224
000012300000000b00001224
000012340000000100001238
000012440000000c00001238
00001248000000010000124c
000012580000000d0000124c
0000125c0000000100001260
0000126c000000022b41f000
000012700000000000000000
00001260000000039fffd260
00001264000000010000124c
000012680000000000000000
0000124c00000007ecf1d24c
000012500000000100001238
000012540000000000000000
000012380000000200000000
0000123c0000000100001224
000012400000000000000000
000012240000000700000001
000012280000000100001218
0000122c0000000000000000
000012180000000000000000
000012740000001100000000
000012780000000a00001235
0000127c0000000100001280
000012840000000a00001280
00001288000000010000128c
000012980000000b0000128c
0000129c00000001000012a0
000012ac0000000c000012a0
000012b000000001000012b4
000012c00000000d000012b4
000012c400000001000012c8
000012d40000000e000012c8
000012d800000001000012dc
000012e80000000600000001
000012ec0000000000000000
000012dc0000001400000000
000012e000000001000012c8
000012e40000000000000000
000012c80000000800000008
000012cc00000001000012b4
000012d00000000000000000
000012b40000000400000000
000012b800000001000012a0
000012bc0000000000000000
000012a00000000200000000
000012a4000000010000128c
000012a80000000000000000
0000128c0000000000000000
000012900000000100001280
000012940000000000000000
000012800000000000000000
000012f000000001000012f4
000012f80000000a000012f4
000012fc0000000100001300
0000130c0000000b00001300
000013100000000100001314
000013200000000c00001314
000013240000000100001328
000013340000000d00001328
00001338000000010000133c
000013480000000e0000133c
0000134c0000000100001350
0000135c0000000f00001350
000013600000000100001364
000013700000001000001364
000013740000000100001378
000013840000001100001378
00001388000000010000138c
000013980000000700000000
0000139c0000000000000000
0000138c00000017d65a038c
000013900000000100001378
000013940000000000000000
000013780000000500000000
0000137c0000000100001364
000013800000000000000000
000013640000000200000000
000013680000000100001350
0000136c0000000000000000
000013500000000800000001
00001354000000010000133c
000013580000000000000000
0000133c00000005000001f4
000013400000000100001328
000013440000000000000000
0000132800000014fffff800
0000132c0000000100001314
000013300000000000000000
000013140000000800000000
000013180000000100001300
0000131c0000000000000000
000013000000000800002614
0000130400000001000012f4
000013080000000000000000
000012f40000000000000000
000013a00000001c00000003
000013a40000001a00000001
000013a80000001a00000008
000013ac0000001b000013ac
000013b00000001b000013b4
000013b40000000000000000
000013c00000001900000181
000013c40000000000000000
000013c80000001c00000002
000013cc0000000000000000
000013a40000001a00000000
000013a80000001a00000000
000013ac0000001b000013ac
000013b00000001b000013ac
000013b40000000000000000
000013b80000001900000182
000013bc0000000000000000
000013c80000001c00000001
000013cc0000000000000000
000013a40000001a00000001
000013a80000001a00000008
000013ac0000001b000013ac
000013b00000001b000013b4
000013b40000000000000000
000013c00000001900000185
000013c40000000000000000
000013c80000001c00000000
000013cc0000000000000000
000013d00000000b00000001
000013d40000000b00000001
000013d80000000900000001
000013dc0000000000000000
000013f00000000700fb0000
000013f40000000a00000000
000013f800000012fffff800
000013fc00000005fffff314
000014000000000100001404
000014080000000a00001404
0000140c0000000100001410
0000141c0000000b00001410
000014200000000100001424
000014300000000c00001424
000014340000000100001438
000014440000000d00001438
00001448000000010000144c
000014580000000e0000144c
0000145c0000000100001460
0000146c0000000600000000
000014700000000000000000
000014600000000300000185
00001464000000010000144c
000014680000000000000000
0000144c0000000600000000
000014500000000100001438
000014540000000000000000
000014380000000900000000
0000143c0000000100001424
000014400000000000000000
000014240000000500000001
000014280000000100001410
0000142c0000000000000000
000014100000001600001350
000014140000000100001404
000014180000000000000000
000014040000000000000000
000014740000001d00000003
000014780000000a00000000
0000147c0000001d00000002
000014800000000000000000
000014780000000a00000000
0000147c0000001d00000001
000014800000000000000000
000014780000000a00000000
0000147c0000001d00000000
000014800000000000000000
000014840000000000000000
000014880000000c00000000
0000148c0000000700000002
0000149000000015072db490
000014940000000000000000
000014980000000a00000000
0000149c000000100026a000
000014a00000000d00000580
000014a4000000140000144c
000014a80000000000000000
000014ac0000000b00000000
000014b00000000d00000000
000014b40000000f00000000
000014b80000001300000000
000014bc0000000000000000
000014c00000001700000000
000014c40000000bfffffb02
000014c80000000600000000
000014cc0000000600000000
000014d00000000500000007
000014d40000000b00000000
000014d80000001200000004
000014dc0000001600000000
000014e00000000200000000
000014e40000000000000000
000014f00000001c00000004
000014f40000001a00000000
000014f80000001a00000000
000014fc0000001b000014fc
000015000000001b000014fc
000015040000000000000000
000015080000001900000186
0000150c0000000000000000
000015180000001c00000003
0000151c0000000000000000
000014f40000001a00000001
000014f80000001a00000008
000014fc0000001b000014fc
000015000000001b00001504
000015040000000000000000
000015100000001900000189
000015140000000000000000
000015180000001c00000002
0000151c0000000000000000
000014f40000001a00000000
000014f80000001a00000000
000014fc0000001b000014fc
000015000000001b000014fc
000015040000000000000000
00001508000000190000018a
0000150c0000000000000000
000015180000001c00000001
0000151c0000000000000000
000014f40000001a00000001
000014f80000001a00000008
000014fc0000001b000014fc
000015000000001b00001504
000015040000000000000000
00001510000000190000018d
000015140000000000000000
000015180000001c00000000
0000151c0000000000000000
0000152000000015000000a2
000015240000000800000000
000015280000000000000000
0000152c00000005fffffa00
000015300000000100000001
0000153400000014a1016534
000015380000000000000000
0000153c0000000000000000
0000154c0000001d00000006
000015500000000500000000
00001554000000020026a18d
000015580000001600000006
0000155c000000070026a000
000015600000000e000008a1
000015640000000000000000
000015680000001d00000005
0000156c0000000000000000
000015500000000500000000
00001554000000020026a18d
000015580000001600000005
0000155c000000070026a000
000015600000000e000008a1
000015640000000000000000
000015680000001d00000004
0000156c0000000000000000
000015500000000500000000
00001554000000020026a18d
000015580000001600000004
0000155c000000070026a000
000015600000000e000008a1
000015640000000000000000
000015680000001d00000003
0000156c0000000000000000
000015500000000500000000
00001554000000020026a18d
000015580000001600000003
0000155c000000070026a000
000015600000000e000008a1
000015640000000000000000
000015680000001d00000002
0000156c0000000000000000
000015500000000500000000
00001554000000020026a18d
000015580000001600000002
0000155c000000070026a000
000015600000000e000008a1
000015640000000000000000
000015680000001d00000001
0000156c0000000000000000
000015500000000500000000
00001554000000020026a18d
000015580000001600000001
0000155c000000070026a000
000015600000000e000008a1
000015640000000000000000
000015680000001d00000000
0000156c0000000000000000
000015700000000100001574
000015780000000a00001574
0000157c0000000100001580
0000158c0000000b00001580
000015900000000100001594
000015a00000000c00001594
000015a400000001000015a8
000015b40000000d000015a8
000015b800000001000015bc
000015c80000000e000015bc
000015cc00000001000015d0
000015dc0000000f000015d0
000015e000000001000015e4
000015f000000010000015e4
000015f400000001000015f8
0000160400000011000015f8
00001608000000010000160c
0000161800000006000005e4
0000161c0000000000000000
0000160c000000030005e400
0000161000000001000015f8
000016140000000000000000
000015f800000005a10167ff
000015fc00000001000015e4
000016000000000000000000
000015e40000001600000000
000015e800000001000015d0
000015ec0000000000000000
000015d00000001600001574
000015d400000001000015bc
000015d80000000000000000
000015bc0000001500000000
000015c000000001000015a8
000015c40000000000000000
000015a80000000800000000
000015ac0000000100001594
000015b00000000000000000
000015940000000700000000
000015980000000100001580
0000159c0000000000000000
000015800000000000000000
000015840000000100001574
000015880000000000000000
000015740000000000000000
000016200000001d00000004
000016240000001000000000
000016280000000233141000
0000162c0000000000000000
0000163000000001000025ff
000016340000001d00000003
000016380000000000000000
000016240000001000000000
000016280000000233141000
0000162c0000000000000000
0000163000000001000025ff
000016340000001d00000002
000016380000000000000000
000016240000001000000000
000016280000000233141000
0000162c0000000000000000
0000163000000001000025ff
000016340000001d00000001
000016380000000000000000
000016240000001000000000
000016280000000233141000
0000162c0000000000000000
0000163000000001000025ff
000016340000001d00000000
000016380000000000000000
0000163c000000055e400000
000016400000001400000000
000016440000000200000001
000016480000000000000000
0000164c0000000d00000000
000016500000000200000000
000016540000001000000000
000016580000000500000000
0000165c0000001d00000004
000016600000001500000000
000016640000001200000001
000016680000000f00002001
0000166c0000000000000000
000016700000001d00000003
000016740000000000000000
000016600000001500000000
000016640000001200000001
000016680000000f00002001
0000166c0000000000000000
000016700000001d00000002
000016740000000000000000
000016600000001500000000
000016640000001200000001
000016680000000f00002001
0000166c0000000000000000
000016700000001d00000001
000016740000000000000000
000016600000001500000000
000016640000001200000001
000016680000000f00002001
0000166c0000000000000000
000016700000001d00000000
000016740000000000000000
000016780000000400000000
0000167c0000000100001680
000016840000000a00001680
00001688000000010000168c
000016980000000b0000168c
0000169c00000001000016a0
000016ac0000000c000016a0
000016b000000001000016b4
000016c00000000d000016b4
000016c400000001000016c8
000016d40000000e000016c8
000016d800000001000016dc
000016e80000000f000016dc
000016ec00000001000016f0
000016fc00000010000016f0
000017000000000100001704
00001710000000083b55d000
000017140000000000000000
000017040000000000000000
0000170800000001000016f0
0000170c0000000000000000
000016f00000000900000001
000016f400000001000016dc
000016f80000000000000000
000016dc0000001700000000
000016e000000001000016c8
000016e40000000000000000
000016c80000001422000000
000016cc00000001000016b4
000016d00000000000000000
000016b40000001400000000
000016b800000001000016a0
000016bc0000000000000000
000016a00000001700000000
000016a4000000010000168c
000016a80000000000000000
0000168c00000016d8aca000
000016900000000100001680
000016940000000000000000
000016800000000000000000
000017180000001c00000003
0000171c0000001a00000001
000017200000001a00000008
000017240000001b00001724
000017280000001b0000172c
0000172c0000000000000000
000017380000001900000190
0000173c0000000000000000
000017400000001c00000002
000017440000000000000000
0000171c0000001a00000000
000017200000001a00000000
000017240000001b00001724
000017280000001b00001724
0000172c0000000000000000
000017300000001900000191
000017340000000000000000
000017400000001c00000001
000017440000000000000000
0000171c0000001a00000001
000017200000001a00000008
000017240000001b00001724
000017280000001b0000172c
0000172c0000000000000000
000017380000001900000194
0000173c0000000000000000
000017400000001c00000000
000017440000000000000000
000017480000000000000000
0000174c0000001600000000
000017500000000000000000
000017540000001d00000006
00001758000000090000172d
0000175c0000000000000000
000017600000000f00001688
000017640000001100000000
000017680000001d00000005
0000176c0000000000000000
00001758000000090000172d
0000175c0000000000000000
000017600000000f00001688
000017640000001100000000
000017680000001d00000004
0000176c0000000000000000
00001758000000090000172d
0000175c0000000000000000
000017600000000f00001688
000017640000001100000000
000017680000001d00000003
0000176c0000000000000000
00001758000000090000172d
0000175c0000000000000000
000017600000000f00001688
000017640000001100000000
000017680000001d00000002
0000176c0000000000000000
00001758000000090000172d
0000175c0000000000000000
000017600000000f00001688
000017640000001100000000
000017680000001d00000001
0000176c0000000000000000
00001758000000090000172d
0000175c0000000000000000
000017600000000f00001688
000017640000001100000000
000017680000001d00000000
0000176c0000000000000000
000017700000001800000000
000017740000000000000000
0000177c0000000000000000
