000000000000001f00002000
000000040000001e00002000
000000080000001e00002200
0000000c0000000152e6b000
000000100000000152e6b438
0000001400000002f2a75000
0000001800000002f2a74de4
0000001c00000003269e1000
0000002000000003269e0d37
000000240000000465132000
00000028000000046513270e
0000002c00000005a6a3a000
0000003000000005a6a3a450
00000034000000060c5c8000
00000038000000060c5c7fd0
0000003c00000007128b3000
0000004000000007128b2f33
0000004400000008d23f1000
0000004800000008d23f0824
0000004c00000009892f9000
0000005000000009892f902b
000000540000000a1818f000
000000580000000a1818e811
0000005c0000000b5d9dd000
000000600000000b5d9dc9f8
000000640000000c9531a000
000000680000000c9531985d
0000006c0000000d0ed90000
000000700000000d0ed90475
000000740000000ee8e26000
000000780000000ee8e25d94
0000007c0000000f81e75000
000000800000000f81e74ef5
000000840000001036f67000
000000880000001036f675cc
0000008c0000001109995000
0000009000000011099950d8
00000094000000121600a000
00000098000000121600a35a
0000009c000000136f036000
000000a0000000136f03675a
000000a4000000146b0d5000
000000a8000000146b0d549b
000000ac0000001511e21000
000000b00000001511e20b8f
000000b4000000163d9c1000
000000b8000000163d9c1724
000000bc000000171738f000
000000c0000000171738f7d9
000000c40000001800000002
000000c800000002128b33e4
000000cc0000000000000000
000000d0000000051600a35a
000000d40000001200000000
000000d800000003269e0d37
000000dc0000000f00000001
000000e00000000000000000
000000ec0000000200000000
000000f00000000b11e20a03
000000f40000001700000004
000000f8000000170000003c
000000fc0000001300000000
0000010000000014128b0f33
000001040000000000000000
000001080000000500000000
0000010c00000006892f902c
000001100000000a00000000
000001140000000000000000
0000011c0000000700000000
0000012000000012f2058000
000001240000000536f671cc
000001280000001c00000004
0000012c0000001a00000000
000001300000001a00000000
000001340000001b00000134
000001380000001b00000134
0000013c0000000100000140
000001400000001900000001
000001440000000000000000
000001500000001c00000003
000001540000000000000000
0000012c0000001a00000001
000001300000001a00000008
000001340000001b00000134
000001380000001b0000013c
0000013c0000000100000140
000001480000001900000004
0000014c0000000000000000
000001500000001c00000002
000001540000000000000000
0000012c0000001a00000000
000001300000001a00000000
000001340000001b00000134
000001380000001b00000134
0000013c0000000100000140
000001400000001900000005
000001440000000000000000
000001500000001c00000001
000001540000000000000000
0000012c0000001a00000001
000001300000001a00000008
000001340000001b00000134
000001380000001b0000013c
0000013c0000000100000140
000001480000001900000008
0000014c0000000000000000
000001500000001c00000000
000001540000000000000000
0000015800000003bd87a000
0000015c0000001700000000
0000016000000001fffff800
000001640000000800000000
000001680000001d00000004
0000016c00000007fd56a000
0000017000000001099950d8
000001740000001d00000003
000001780000000000000000
0000016c00000007fd56a000
0000017000000001099950d8
000001740000001d00000002
000001780000000000000000
0000016c00000007fd56a000
0000017000000001099950d8
000001740000001d00000001
000001780000000000000000
0000016c00000007fd56a000
0000017000000001099950d8
000001740000001d00000000
000001780000000000000000
0000017c0000000300000004
000001800000001000000082
000001840000000700000110
000001880000000d00000000
0000018c0000000000000000
000001900000001400000001
000001940000001500000001
000001980000000a00000001
0000019c0000001c00000003
000001a00000001a00000001
000001a40000001a00000008
000001a80000001b000001a8
000001ac0000001b000001b0
000001b000000001000001b4
000001bc000000190000000b
000001c00000000000000000
000001c40000001c00000002
000001c80000000000000000
000001a00000001a00000000
000001a40000001a00000000
000001a80000001b000001a8
000001ac0000001b000001a8
000001b000000001000001b4
000001b4000000190000000c
000001b80000000000000000
000001c40000001c00000001
000001c80000000000000000
000001a00000001a00000001
000001a40000001a00000008
000001a80000001b000001a8
000001ac0000001b000001b0
000001b000000001000001b4
000001bc000000190000000f
000001c00000000000000000
000001c40000001c00000000
000001c80000000000000000
000001cc00000001000001d0
000001d40000000a000001d0
000001d800000001000001dc
000001e80000000b000001dc
000001ec00000001000001f0
000001fc0000000c000001f0
000002000000000100000204
000002100000000d00000204
000002140000000100000218
000002240000000e00000218
00000228000000010000022c
000002380000000f0000022c
0000023c0000000100000240
0000024c0000001000000240
000002500000000100000254
000002600000001100000254
000002640000000100000268
000002740000001200000268
00000278000000010000027c
00000288000000130000027c
0000028c0000000100000290
0000029c0000000900000008
000002a00000000000000000
000002900000000300000000
00000294000000010000027c
000002980000000000000000
0000027c00000005651326be
000002800000000100000268
000002840000000000000000
000002680000000400000000
0000026c0000000100000254
000002700000000000000000
000002540000001400002200
000002580000000100000240
0000025c0000000000000000
000002400000000300000000
00000244000000010000022c
000002480000000000000000
0000022c00000014e998d000
000002300000000100000218
000002340000000000000000
00000218000000030000022c
0000021c0000000100000204
000002200000000000000000
000002040000001500000000
0000020800000001000001f0
0000020c0000000000000000
000001f00000001500000000
000001f400000001000001dc
000001f80000000000000000
000001dc00000015fffff808
000001e000000001000001d0
000001e40000000000000000
000001d00000000000000000
000002a40000001600000218
000002a80000000b00000000
000002ac00000001fffffa0c
000002b00000000000000000
000002b40000001d00000004
000002b80000000300000001
000002bc0000001d00000003
000002c00000000000000000
000002b80000000300000001
000002bc0000001d00000002
000002c00000000000000000
000002b80000000300000001
000002bc0000001d00000001
000002c00000000000000000
000002b80000000300000001
000002bc0000001d00000000
000002c00000000000000000
000002c40000001d00000005
000002c80000001600000000
000002cc0000001700000001
000002d00000000000000000
000002d40000001400000218
000002d80000001d00000004
000002dc0000000000000000
000002c80000001600000000
000002cc0000001700000001
000002d00000000000000000
000002d40000001400000218
000002d80000001d00000003
000002dc0000000000000000
000002c80000001600000000
000002cc0000001700000001
000002d00000000000000000
000002d40000001400000218
000002d80000001d00000002
000002dc0000000000000000
000002c80000001600000000
000002cc0000001700000001
000002d00000000000000000
000002d40000001400000218
000002d80000001d00000001
000002dc0000000000000000
000002c80000001600000000
000002cc0000001700000001
000002d00000000000000000
000002d40000001400000218
000002d80000001d00000000
000002dc0000000000000000
000002e000000012ffffffa9
000002e40000000200000000
000002e80000000a0000010d
000002ec0000000000000000
000002f00000001600000254
000002f4000000028d118000
000002f80000000000000000
000002fc0000000800000001
000003000000001c00000004
000003040000001a00000000
000003080000001a00000000
0000030c0000001b0000030c
000003100000001b0000030c
000003140000000100000318
000003180000001900000010
0000031c0000000000000000
000003280000001c00000003
0000032c0000000000000000
000003040000001a00000001
000003080000001a00000008
0000030c0000001b0000030c
000003100000001b00000314
000003140000000100000318
000003200000001900000013
000003240000000000000000
000003280000001c00000002
0000032c0000000000000000
000003040000001a00000000
000003080000001a00000000
0000030c0000001b0000030c
000003100000001b0000030c
000003140000000100000318
000003180000001900000014
0000031c0000000000000000
000003280000001c00000001
0000032c0000000000000000
000003040000001a00000001
000003080000001a00000008
0000030c0000001b0000030c
000003100000001b00000314
000003140000000100000318
000003200000001900000017
000003240000000000000000
000003280000001c00000000
0000032c0000000000000000
000003300000000000000000
0000033c0000000000000000
0000035000000009000001ef
000003540000001c00000003
000003580000001a00000001
0000035c0000001a00000008
000003600000001b00000360
000003640000001b00000368
00000368000000010000036c
00000374000000190000001a
000003780000000000000000
0000037c0000001c00000002
000003800000000000000000
000003580000001a00000000
0000035c0000001a00000000
000003600000001b00000360
000003640000001b00000360
00000368000000010000036c
0000036c000000190000001b
000003700000000000000000
0000037c0000001c00000001
000003800000000000000000
000003580000001a00000001
0000035c0000001a00000008
000003600000001b00000360
000003640000001b00000368
00000368000000010000036c
00000374000000190000001e
000003780000000000000000
0000037c0000001c00000000
000003800000000000000000
000003840000000d00000000
0000038800000011b87e4000
0000038c0000000000000000
000003900000001400000000
000003940000001c00000005
000003980000001a00000001
0000039c0000001a00000008
000003a00000001b000003a0
000003a40000001b000003a8
000003a80000000000000000
000003b40000001900000021
000003b80000000000000000
000003bc0000001c00000004
000003c00000000000000000
000003980000001a00000000
0000039c0000001a00000000
000003a00000001b000003a0
000003a40000001b000003a0
000003a80000000000000000
000003ac0000001900000022
000003b00000000000000000
000003bc0000001c00000003
000003c00000000000000000
000003980000001a00000001
0000039c0000001a00000008
000003a00000001b000003a0
000003a40000001b000003a8
000003a80000000000000000
000003b40000001900000025
000003b80000000000000000
000003bc0000001c00000002
000003c00000000000000000
000003980000001a00000000
0000039c0000001a00000000
000003a00000001b000003a0
000003a40000001b000003a0
000003a80000000000000000
000003ac0000001900000026
000003b00000000000000000
000003bc0000001c00000001
000003c00000000000000000
000003980000001a00000001
0000039c0000001a00000008
000003a00000001b000003a0
000003a40000001b000003a8
000003a80000000000000000
000003b40000001900000029
000003b80000000000000000
000003bc0000001c00000000
000003c00000000000000000
000003c40000000000000000
000003c80000000000000000
000003cc0000000f00000000
000003d00000000900000001
000003d40000001500000000
000003d800000005fffffc45
000003dc0000001000000000
000003e00000000ffe48e000
000003e400000001000003e8
000003ec0000000a000003e8
000003f000000001000003f4
000004000000000b000003f4
000004040000000100000408
000004140000000c00000408
00000418000000010000041c
000004280000000700000000
0000042c0000000000000000
0000041c000000034305e000
000004200000000100000408
000004240000000000000000
000004080000000300000001
0000040c00000001000003f4
000004100000000000000000
000003f40000000600002000
000003f800000001000003e8
000003fc0000000000000000
000003e80000000000000000
000004300000000100000000
000004340000000400000000
000004380000000700000000
0000043c0000000000000000
0000044000000016ffffffa8
000004440000000b6d80d444
00000448000000010000044c
000004500000000a0000044c
000004540000000100000458
000004640000000b00000458
00000468000000010000046c
000004780000000c0000046c
0000047c0000000100000480
0000048c0000000d00000480
000004900000000100000494
000004a00000000e00000494
000004a400000001000004a8
000004b40000000f000004a8
000004b800000001000004bc
000004c800000010000004bc
000004cc00000001000004d0
000004dc00000011000004d0
000004e000000001000004e4
000004f000000012000004e4
000004f400000001000004f8
0000050400000013000004f8
00000508000000010000050c
000005180000000300000480
0000051c0000000000000000
0000050c0000000900000000
0000051000000001000004f8
000005140000000000000000
000004f80000000800000008
000004fc00000001000004e4
000005000000000000000000
000004e40000001569ac0000
000004e800000001000004d0
000004ec0000000000000000
000004d00000000300000000
000004d400000001000004bc
000004d80000000000000000
000004bc0000000000000000
000004c000000001000004a8
000004c40000000000000000
000004a80000001600000000
000004ac0000000100000494
000004b00000000000000000
0000049400000008fffffca8
000004980000000100000480
0000049c0000000000000000
000004800000000869ac04e4
00000484000000010000046c
000004880000000000000000
0000046c0000000900000000
000004700000000100000458
000004740000000000000000
0000045800000008fffffcc5
0000045c000000010000044c
000004600000000000000000
0000044c0000000000000000
000005200000000a00000444
000005240000000100000000
00000528000000010000052c
000005300000000a0000052c
000005340000000100000538
000005440000000b00000538
00000548000000010000054c
000005580000000c0000054c
0000055c0000000100000560
0000056c0000000d00000560
000005700000000100000574
000005800000000e00000574
000005840000000100000588
000005940000000f00000588
00000598000000010000059c
000005a8000000100000059c
000005ac00000001000005b0
000005bc00000011000005b0
000005c000000001000005c4
000005d000000016fffffc4d
000005d40000000000000000
000005c40000001700000000
000005c800000001000005b0
000005cc0000000000000000
000005b00000001600000000
000005b4000000010000059c
000005b80000000000000000
0000059c0000000500000000
000005a00000000100000588
000005a40000000000000000
000005880000000300000001
0000058c0000000100000574
000005900000000000000000
000005740000000000000000
000005780000000100000560
0000057c0000000000000000
00000560000000143b8a2560
00000564000000010000054c
000005680000000000000000
0000054c0000000000000000
000005500000000100000538
000005540000000000000000
0000053800000009394af538
0000053c000000010000052c
000005400000000000000000
0000052c0000000000000000
000005d800000001000005dc
000005e00000000a000005dc
000005e400000001000005e8
000005f40000000b000005e8
000005f800000001000005fc
000006080000000c000005fc
0000060c0000000100000610
0000061c0000000300000000
000006200000000000000000
000006100000000500000574
0000061400000001000005fc
000006180000000000000000
000005fc0000000600000001
0000060000000001000005e8
000006040000000000000000
000005e800000009ffffffc6
000005ec00000001000005dc
000005f00000000000000000
000005dc0000000000000000
0000062400000001ffffffbe
000006280000000000000000
0000062c0000000000000000
000006300000000c00000001
000006340000001d00000002
000006380000000e00000000
0000063c0000000f00000000
000006400000000100000000
000006440000001d00000001
000006480000000000000000
000006380000000e00000000
0000063c0000000f00000000
000006400000000100000000
000006440000001d00000000
000006480000000000000000
0000064c0000000369ac0000
000006500000000000000000
00000654000000140000002b
000006580000000000000000
0000065c0000001400000000
000006600000001d00000005
000006640000000e00000000
000006680000000400000000
0000066c0000001d00000004
000006700000000000000000
000006640000000e00000000
000006680000000400000000
0000066c0000001d00000003
000006700000000000000000
000006640000000e00000000
000006680000000400000000
0000066c0000001d00000002
000006700000000000000000
000006640000000e00000000
000006680000000400000000
0000066c0000001d00000001
000006700000000000000000
000006640000000e00000000
000006680000000400000000
0000066c0000001d00000000
000006700000000000000000
000006740000000000000000
000006780000000000000000
0000067c0000000500000001
0000068000000013000005b0
0000068400000008000005e8
00000688000000010000068c
000006900000000a0000068c
000006940000000100000698
000006a40000000b00000698
000006a800000001000006ac
000006b80000000c000006ac
000006bc00000001000006c0
000006cc0000000d000006c0
000006d000000001000006d4
000006e00000000e000006d4
000006e400000001000006e8
000006f40000000f000006e8
000006f800000001000006fc
0000070800000010000006fc
0000070c0000000100000710
0000071c0000001100000710
000007200000000100000724
000007300000001200000724
000007340000000100000738
000007440000000000000000
000007480000000000000000
00000738000000030000a400
0000073c0000000100000724
000007400000000000000000
000007240000000500000000
000007280000000100000710
0000072c0000000000000000
000007100000000200000000
0000071400000001000006fc
000007180000000000000000
000006fc000000079653ffc6
0000070000000001000006e8
000007040000000000000000
000006e800000015000006fc
000006ec00000001000006d4
000006f00000000000000000
000006d40000000000000000
000006d800000001000006c0
000006dc0000000000000000
000006c00000000000000000
000006c400000001000006ac
000006c80000000000000000
000006ac000000140000021a
000006b00000000100000698
000006b40000000000000000
000006980000000500000000
0000069c000000010000068c
000006a00000000000000000
0000068c0000000000000000
0000074c0000001d00000002
000007500000000e00000000
000007540000000150000000
000007580000001321460758
0000075c0000001d00000001
000007600000000000000000
000007500000000e00000000
000007540000000150000000
000007580000001321460758
0000075c0000001d00000000
000007600000000000000000
000007640000000500000000
000007680000001100000000
0000076c0000001d00000006
000007700000000000000000
000007740000001700000001
000007780000001d00000005
0000077c0000000000000000
000007700000000000000000
000007740000001700000001
000007780000001d00000004
0000077c0000000000000000
000007700000000000000000
000007740000001700000001
000007780000001d00000003
0000077c0000000000000000
000007700000000000000000
000007740000001700000001
000007780000001d00000002
0000077c0000000000000000
000007700000000000000000
000007740000001700000001
000007780000001d00000001
0000077c0000000000000000
000007700000000000000000
000007740000001700000001
000007780000001d00000000
0000077c0000000000000000
000007800000000d00000000
000007840000000700000000
000007880000001500000000
0000078c0000001600000000
000007900000001000000000
000007940000000380000000
000007980000001600000000
0000079c0000001d00000002
000007a00000000300000001
000007a40000001400000000
000007a80000000a0000068c
000007ac0000000900000000
000007b00000001100000001
000007b40000001d00000001
000007b80000000000000000
000007a00000000300000000
000007a40000001400000000
000007a80000000a0000068c
000007ac0000000900000000
000007b00000001100000001
000007b40000001d00000000
000007b80000000000000000
000007bc0000000dffffffff
000007c00000000000000000
000007c40000000000000000
000007c80000000000000000
000007dc0000000cfffff8b6
000007e00000000c00000000
000007e400000005fffff800
000007e80000000800000000
000007ec00000001000007f0
000007f40000000a000007f0
000007f800000001000007fc
000008080000000b000007fc
0000080c0000000100000810
0000081c0000000c00000810
000008200000000100000824
000008300000000d00000824
000008340000000100000838
000008440000000500400000
000008480000000000000000
000008380000000200000000
0000083c0000000100000824
000008400000000000000000
000008240000001400000000
000008280000000100000810
0000082c0000000000000000
0000081000000015ffffe000
0000081400000001000007fc
000008180000000000000000
000007fc0000000800000000
0000080000000001000007f0
000008040000000000000000
000007f00000000000000000
0000084c0000000000000000
000008500000000f00400000
000008540000000900000000
0000085800000017ffffffff
0000085c0000001500000000
000008600000001d00000006
000008640000000700000002
000008680000001100000001
0000086c0000000dfffff810
000008700000001d00000005
000008740000000000000000
000008640000000700000002
000008680000001100000001
0000086c0000000dfffff810
000008700000001d00000004
000008740000000000000000
000008640000000700000002
000008680000001100000001
0000086c0000000dfffff810
000008700000001d00000003
000008740000000000000000
000008640000000700000002
000008680000001100000001
0000086c0000000dfffff810
000008700000001d00000002
000008740000000000000000
000008640000000700000002
000008680000001100000001
0000086c0000000dfffff810
000008700000001d00000001
000008740000000000000000
000008640000000700000002
000008680000001100000001
0000086c0000000dfffff810
000008700000001d00000000
000008740000000000000000
00000878000000010000087c
000008800000000a0000087c
000008840000000100000888
000008940000000b00000888
00000898000000010000089c
000008a80000000c0000089c
000008ac00000001000008b0
000008bc0000000d000008b0
000008c000000001000008c4
000008d00000000e000008c4
000008d400000001000008d8
000008e40000000000000000
000008e80000000000000000
000008d80000000500000724
000008dc00000001000008c4
000008e00000000000000000
000008c40000001600000001
000008c800000001000008b0
000008cc0000000000000000
000008b00000000500001160
000008b4000000010000089c
000008b80000000000000000
0000089c0000001700000000
000008a00000000100000888
000008a40000000000000000
000008880000000400001110
0000088c000000010000087c
000008900000000000000000
0000087c0000000000000000
000008ec0000001d00000003
000008f00000001100002736
000008f40000000e00000800
000008f80000000300000000
000008fc0000000100000001
000009000000001000000000
000009040000001d00000002
000009080000000000000000
000008f00000001100002736
000008f40000000e00000800
000008f80000000300000000
000008fc0000000100000001
000009000000001000000000
000009040000001d00000001
000009080000000000000000
000008f00000001100002736
000008f40000000e00000800
000008f80000000300000000
000008fc0000000100000001
000009000000001000000000
000009040000001d00000000
000009080000000000000000
0000090c00000004b278f90c
000009100000000400000001
000009140000000100000918
0000091c0000000a00000918
000009200000000100000924
000009300000000000000000
000009340000000000000000
000009240000000800000924
000009280000000100000918
0000092c0000000000000000
000009180000000000000000
000009380000001700000001
0000093c0000000bfffff118
000009400000001500000000
000009440000001d00000004
000009480000000b00000001
0000094c0000000000000000
000009500000001d00000003
000009540000000000000000
000009480000000b00000001
0000094c0000000000000000
000009500000001d00000002
000009540000000000000000
000009480000000b00000001
0000094c0000000000000000
000009500000001d00000001
000009540000000000000000
000009480000000b00000001
0000094c0000000000000000
000009500000001d00000000
000009540000000000000000
000009580000001d00000006
0000095c0000000911380000
000009600000000700000006
000009640000000e00000000
000009680000000000000000
0000096c0000001d00000005
000009700000000000000000
0000095c0000000911380000
000009600000000700000007
000009640000000e00000001
000009680000000000000000
0000096c0000001d00000004
000009700000000000000000
0000095c0000000911380000
000009600000000700000006
000009640000000e00000000
000009680000000000000000
0000096c0000001d00000003
000009700000000000000000
0000095c0000000911380000
000009600000000700000003
000009640000000e00000001
000009680000000000000000
0000096c0000001d00000002
000009700000000000000000
0000095c0000000911380000
000009600000000700000002
000009640000000e00000000
000009680000000000000000
0000096c0000001d00000001
000009700000000000000000
0000095c0000000911380000
000009600000000700000003
000009640000000e00000001
000009680000000000000000
0000096c0000001d00000000
000009700000000000000000
000009740000001c00000005
000009780000001a00000001
0000097c0000001a00000008
000009800000001b00000980
000009840000001b00000988
000009880000000000000000
00000994000000190000002c
000009980000000000000000
0000099c0000001c00000004
000009a00000000000000000
000009780000001a00000000
0000097c0000001a00000000
000009800000001b00000980
000009840000001b00000980
000009880000000000000000
0000098c000000190000002d
000009900000000000000000
0000099c0000001c00000003
000009a00000000000000000
000009780000001a00000001
0000097c0000001a00000008
000009800000001b00000980
000009840000001b00000988
000009880000000000000000
000009940000001900000030
000009980000000000000000
0000099c0000001c00000002
000009a00000000000000000
000009780000001a00000000
0000097c0000001a00000000
000009800000001b00000980
000009840000001b00000980
000009880000000000000000
0000098c0000001900000031
000009900000000000000000
0000099c0000001c00000001
000009a00000000000000000
000009780000001a00000001
0000097c0000001a00000008
000009800000001b00000980
000009840000001b00000988
000009880000000000000000
000009940000001900000034
000009980000000000000000
0000099c0000001c00000000
000009a00000000000000000
000009a40000000000000000
000009a80000001500000009
000009ac0000001700000000
000009b00000000000000000
000009b40000001700000000
000009b80000001700000000
000009bc0000001600000004
000009c00000001d00000005
000009c40000001400000004
000009c80000001d00000004
000009cc0000000000000000
000009c40000001400000004
000009c80000001d00000003
000009cc0000000000000000
000009c40000001400000004
000009c80000001d00000002
000009cc0000000000000000
000009c40000001400000004
000009c80000001d00000001
000009cc0000000000000000
000009c40000001400000004
000009c80000001d00000000
000009cc0000000000000000
000009d00000000300000000
000009d40000000d00000000
000009d80000001c00000005
000009dc0000001a00000001
000009e00000001a00000008
000009e40000001b000009e4
000009e80000001b000009ec
000009ec0000000000000000
000009f80000001900000037
000009fc0000000000000000
00000a000000001c00000004
00000a040000000000000000
000009dc0000001a00000000
000009e00000001a00000000
000009e40000001b000009e4
000009e80000001b000009e4
000009ec0000000000000000
000009f00000001900000038
000009f40000000000000000
00000a000000001c00000003
00000a040000000000000000
000009dc0000001a00000001
000009e00000001a00000008
000009e40000001b000009e4
000009e80000001b000009ec
000009ec0000000000000000
000009f8000000190000003b
000009fc0000000000000000
00000a000000001c00000002
00000a040000000000000000
000009dc0000001a00000000
000009e00000001a00000000
000009e40000001b000009e4
000009e80000001b000009e4
000009ec0000000000000000
000009f0000000190000003c
000009f40000000000000000
00000a000000001c00000001
00000a040000000000000000
000009dc0000001a00000001
000009e00000001a00000008
000009e40000001b000009e4
000009e80000001b000009ec
000009ec0000000000000000
000009f8000000190000003f
000009fc0000000000000000
00000a000000001c00000000
00000a040000000000000000
00000a080000001211380001
00000a0c0000000a00000001
00000a100000000d00000000
00000a140000001d00000004
00000a1800000008214607ff
00000a1c0000000c00000000
00000a200000001500000000
00000a240000001d00000003
00000a280000000000000000
00000a1800000008214607ff
00000a1c0000000c00000000
00000a200000001500000000
00000a240000001d00000002
00000a280000000000000000
00000a1800000008214607ff
00000a1c0000000c00000000
00000a200000001500000000
00000a240000001d00000001
00000a280000000000000000
00000a1800000008214607ff
00000a1c0000000c00000000
00000a200000001500000000
00000a240000001d00000000
00000a280000000000000000
00000a2c0000000400000000
00000a30000000052afc5a30
00000a340000001700000000
00000a380000000f00000000
00000a3c0000001c00000004
00000a400000001a00000000
00000a440000001a00000000
00000a480000001b00000a48
00000a4c0000001b00000a48
00000a500000000100000a54
00000a540000001900000040
00000a580000000000000000
00000a640000001c00000003
00000a680000000000000000
00000a400000001a00000001
00000a440000001a00000008
00000a480000001b00000a48
00000a4c0000001b00000a50
00000a500000000100000a54
00000a5c0000001900000043
00000a600000000000000000
00000a640000001c00000002
00000a680000000000000000
00000a400000001a00000000
00000a440000001a00000000
00000a480000001b00000a48
00000a4c0000001b00000a48
00000a500000000100000a54
00000a540000001900000044
00000a580000000000000000
00000a640000001c00000001
00000a680000000000000000
00000a400000001a00000001
00000a440000001a00000008
00000a480000001b00000a48
00000a4c0000001b00000a50
00000a500000000100000a54
00000a5c0000001900000047
00000a600000000000000000
00000a640000001c00000000
00000a680000000000000000
00000a6c0000001000000001
00000a700000000100000000
00000a740000000e00000001
00000a780000000b00000000
00000a7c0000000000000000
00000a800000000c8ddb2a80
00000a840000000711380a51
00000a880000000a00000000
00000a8c0000000000000000
00000a900000001785181d60
00000a940000001200000047
00000a9800000007e8ea1a98
00000a9c0000000d00380000
00000aa00000000000000000
00000aa40000000e00000000
00000aa80000000adeb9f8a9
00000aac0000001500000000
00000ab00000000d00000000
00000ab4000000168c7e8000
00000ab80000001500000000
00000abc0000000000000000
00000ac00000001c00000003
00000ac40000001a00000001
00000ac80000001a00000008
00000acc0000001b00000acc
00000ad00000001b00000ad4
00000ad40000000000000000
00000ae0000000190000004a
00000ae40000000000000000
00000ae80000001c00000002
00000aec0000000000000000
00000ac40000001a00000000
00000ac80000001a00000000
00000acc0000001b00000acc
00000ad00000001b00000acc
00000ad40000000000000000
00000ad8000000190000004b
00000adc0000000000000000
00000ae80000001c00000001
00000aec0000000000000000
00000ac40000001a00000001
00000ac80000001a00000008
00000acc0000001b00000acc
00000ad00000001b00000ad4
00000ad40000000000000000
00000ae0000000190000004e
00000ae40000000000000000
00000ae80000001c00000000
00000aec0000000000000000
00000af00000000100000000
00000af40000001d00000006
00000af80000001700380000
00000afc0000000ffffff9f1
00000b000000001500000000
00000b040000001000000000
00000b080000000000000000
00000b0c0000000000000000
00000b100000001d00000005
00000b140000000000000000
00000af80000001700380000
00000afc0000000ffffff9f0
00000b000000001500000000
00000b040000001000000000
00000b080000000000000000
00000b0c0000000000000000
00000b100000001d00000004
00000b140000000000000000
00000af80000001700380000
00000afc0000000ffffff9f0
00000b000000001500000000
00000b040000001000000000
00000b080000000000000000
00000b0c0000000000000000
00000b100000001d00000003
00000b140000000000000000
00000af80000001700380000
00000afc0000000ffffff9f0
00000b000000001500000000
00000b040000001000000000
00000b080000000000000000
00000b0c0000000000000000
00000b100000001d00000002
00000b140000000000000000
00000af80000001700380000
00000afc0000000ffffff9f0
00000b000000001500000000
00000b040000001000000000
00000b080000000000000000
00000b0c0000000000000000
00000b100000001d00000001
00000b140000000000000000
00000af80000001700380000
00000afc0000000ffffff9f0
00000b000000001500000000
00000b040000001000000000
00000b080000000000000000
00000b0c0000000000000000
00000b100000001d00000000
00000b140000000000000000
00000b180000000000000000
00000b1c0000000000000000
00000b2c0000001c00000005
00000b300000001a00000001
00000b340000001a00000008
00000b380000001b00000b38
00000b3c0000001b00000b40
00000b400000000000000000
00000b4c0000001900000051
00000b500000000000000000
00000b540000001c00000004
00000b580000000000000000
00000b300000001a00000000
00000b340000001a00000000
00000b380000001b00000b38
00000b3c0000001b00000b38
00000b400000000000000000
00000b440000001900000052
00000b480000000000000000
00000b540000001c00000003
00000b580000000000000000
00000b300000001a00000001
00000b340000001a00000008
00000b380000001b00000b38
00000b3c0000001b00000b40
00000b400000000000000000
00000b4c0000001900000055
00000b500000000000000000
00000b540000001c00000002
00000b580000000000000000
00000b300000001a00000000
00000b340000001a00000000
00000b380000001b00000b38
00000b3c0000001b00000b38
00000b400000000000000000
00000b440000001900000056
00000b480000000000000000
00000b540000001c00000001
00000b580000000000000000
00000b300000001a00000001
00000b340000001a00000008
00000b380000001b00000b38
00000b3c0000001b00000b40
00000b400000000000000000
00000b4c0000001900000059
00000b500000000000000000
00000b540000001c00000000
00000b580000000000000000
00000b5c0000001200002000
00000b600000001d00000005
00000b640000000821460758
00000b680000001300000000
00000b6c0000000300000000
00000b70000000118ddb2a80
00000b740000000600000000
00000b780000000000000000
00000b7c0000001d00000004
00000b800000000000000000
00000b640000000800000000
00000b680000001300000000
00000b6c0000000300000000
00000b70000000118ddb2a80
00000b740000000600000000
00000b780000000000000000
00000b7c0000001d00000003
00000b800000000000000000
00000b640000000800000000
00000b680000001300000000
00000b6c0000000300000000
00000b70000000118ddb2a80
00000b740000000600000000
00000b780000000000000000
00000b7c0000001d00000002
00000b800000000000000000
00000b640000000800000000
00000b680000001300000000
00000b6c0000000300000000
00000b70000000118ddb2a80
00000b740000000600000000
00000b780000000000000000
00000b7c0000001d00000001
00000b800000000000000000
00000b640000000800000000
00000b680000001300000000
00000b6c0000000300000000
00000b70000000118ddb2a80
00000b740000000600000000
00000b780000000000000000
00000b7c0000001d00000000
00000b800000000000000000
00000b840000001d00000005
00000b880000000b73818000
00000b8c0000000700002000
00000b900000001d00000004
00000b940000000000000000
00000b880000000b73818000
00000b8c0000000700002000
00000b900000001d00000003
00000b940000000000000000
00000b880000000b73818000
00000b8c0000000700002000
00000b900000001d00000002
00000b940000000000000000
00000b880000000b73818000
00000b8c0000000700002000
00000b900000001d00000001
00000b940000000000000000
00000b880000000b73818000
00000b8c0000000700002000
00000b900000001d00000000
00000b940000000000000000
00000b980000000f00000000
00000b9c0000000200000000
00000ba00000000100000ba4
00000ba80000000a00000ba4
00000bac0000000100000bb0
00000bbc0000000000000000
00000bc00000000000000000
00000bb00000000600000004
00000bb40000000100000ba4
00000bb80000000000000000
00000ba40000000000000000
00000bc40000001200000000
00000bc80000000000000000
00000bcc0000000c00000000
00000bd00000000000000000
00000bd40000000800000000
00000bd80000000000000000
00000bec0000000000000000
00000bf00000001c00000003
00000bf40000001a00000001
00000bf80000001a00000008
00000bfc0000001b00000bfc
00000c000000001b00000c04
00000c040000000100000c08
00000c10000000190000005c
00000c140000000000000000
00000c180000001c00000002
00000c1c0000000000000000
00000bf40000001a00000000
00000bf80000001a00000000
00000bfc0000001b00000bfc
00000c000000001b00000bfc
00000c040000000100000c08
00000c08000000190000005d
00000c0c0000000000000000
00000c180000001c00000001
00000c1c0000000000000000
00000bf40000001a00000001
00000bf80000001a00000008
00000bfc0000001b00000bfc
00000c000000001b00000c04
00000c040000000100000c08
00000c100000001900000060
00000c140000000000000000
00000c180000001c00000000
00000c1c0000000000000000
00000c200000001d00000002
00000c240000000000000000
00000c280000000000000000
00000c2c0000000f00000000
00000c300000001d00000001
00000c340000000000000000
00000c240000000000000000
00000c280000000000000000
00000c2c0000000f00000000
00000c300000001d00000000
00000c340000000000000000
00000c380000000100000c3c
00000c400000000a00000c3c
00000c440000000100000c48
00000c540000000b00000c48
00000c580000000100000c5c
00000c680000000c00000c5c
00000c6c0000000100000c70
00000c7c0000001700000000
00000c800000000000000000
00000c700000001500000c5c
00000c740000000100000c5c
00000c780000000000000000
00000c5c0000000300000000
00000c600000000100000c48
00000c640000000000000000
00000c480000000600000000
00000c4c0000000100000c3c
00000c500000000000000000
00000c3c0000000000000000
00000c840000000000000000
00000c980000000f00000005
00000c9c0000000100000001
00000ca00000000a00000001
00000ca40000001400000000
00000ca80000000100000cac
00000cb00000000a00000cac
00000cb40000000100000cb8
00000cc40000000b00000cb8
00000cc80000000100000ccc
00000cd80000001600000060
00000cdc0000000000000000
00000ccc0000000300000001
00000cd00000000100000cb8
00000cd40000000000000000
00000cb8000000027224d105
00000cbc0000000100000cac
00000cc00000000000000000
00000cac0000000000000000
00000ce00000000000000000
00000ce40000000b00000000
00000ce80000000100000cec
00000cf00000000a00000cec
00000cf40000000100000cf8
00000d040000000b00000cf8
00000d080000000100000d0c
00000d180000000c00000d0c
00000d1c0000000100000d20
00000d2c0000000d00000d20
00000d300000000100000d34
00000d400000000e00000d34
00000d440000000100000d48
00000d540000000f00000d48
00000d580000000100000d5c
00000d680000001000000d5c
00000d6c0000000100000d70
00000d7c0000001100000d70
00000d800000000100000d84
00000d900000001200000d84
00000d940000000100000d98
00000da40000001300000d98
00000da80000000100000dac
00000db80000000500000d7c
00000dbc0000000000000000
00000dac0000001400000000
00000db00000000100000d98
00000db40000000000000000
00000d980000001700000001
00000d9c0000000100000d84
00000da00000000000000000
00000d84000000150d840000
00000d880000000100000d70
00000d8c0000000000000000
00000d700000000300000000
00000d740000000100000d5c
00000d780000000000000000
00000d5c0000000600000c8c
00000d600000000100000d48
00000d640000000000000000
00000d4800000003fffff3fc
00000d4c0000000100000d34
00000d500000000000000000
00000d340000001500000d6f
00000d380000000100000d20
00000d3c0000000000000000
00000d20000000080000085f
00000d240000000100000d0c
00000d280000000000000000
00000d0c00000003fffff3fc
00000d100000000100000cf8
00000d140000000000000000
00000cf80000001600000001
00000cfc0000000100000cec
00000d000000000000000000
00000cec0000000000000000
00000dc00000000100000001
00000dc40000000800000597
00000dc80000000b00000000
00000dcc0000000100000000
00000dd00000000f00000000
00000dd40000000000000000
00000de00000000500000016
00000de40000001400000000
00000de80000001200000000
00000dec0000000a00000000
00000df00000001400000000
00000df40000000100000df8
00000dfc0000000200000000
00000e000000000000000000
00000df80000000000000000
00000e040000001d00000002
00000e0800000014000000c0
00000e0c0000000000000000
00000e100000000e00000000
00000e1400000010e62ee000
00000e180000001300000000
00000e1c0000001d00000001
00000e200000000000000000
00000e0800000014000000c0
00000e0c0000000000000000
00000e100000000e00000000
00000e1400000010e62ee000
00000e180000001300000000
00000e1c0000001d00000000
00000e200000000000000000
00000e240000001c00000005
00000e280000001a00000001
00000e2c0000001a00000008
00000e300000001b00000e30
00000e340000001b00000e38
00000e380000000000000000
00000e440000001900000063
00000e480000000000000000
00000e4c0000001c00000004
00000e500000000000000000
00000e280000001a00000000
00000e2c0000001a00000000
00000e300000001b00000e30
00000e340000001b00000e30
00000e380000000000000000
00000e3c0000001900000064
00000e400000000000000000
00000e4c0000001c00000003
00000e500000000000000000
00000e280000001a00000001
00000e2c0000001a00000008
00000e300000001b00000e30
00000e340000001b00000e38
00000e380000000000000000
00000e440000001900000067
00000e480000000000000000
00000e4c0000001c00000002
00000e500000000000000000
00000e280000001a00000000
00000e2c0000001a00000000
00000e300000001b00000e30
00000e340000001b00000e30
00000e380000000000000000
00000e3c0000001900000068
00000e400000000000000000
00000e4c0000001c00000001
00000e500000000000000000
00000e280000001a00000001
00000e2c0000001a00000008
00000e300000001b00000e30
00000e340000001b00000e38
00000e380000000000000000
00000e44000000190000006b
00000e480000000000000000
00000e4c0000001c00000000
00000e500000000000000000
00000e540000000a00000d6e
00000e580000000100000e5c
00000e600000000a00000e5c
00000e640000000100000e68
00000e740000000b00000e68
00000e780000000100000e7c
00000e880000000c00000e7c
00000e8c0000000100000e90
00000e9c0000000d00000e90
00000ea00000000100000ea4
00000eb00000000e00000ea4
00000eb40000000100000eb8
00000ec40000000f00000eb8
00000ec80000000100000ecc
00000ed80000001500000000
00000edc0000000000000000
00000ecc00000014000027ff
00000ed00000000100000eb8
00000ed40000000000000000
00000eb80000000400000001
00000ebc0000000100000ea4
00000ec00000000000000000
00000ea400000014fffffd70
00000ea80000000100000e90
00000eac0000000000000000
00000e900000000300000000
00000e940000000100000e7c
00000e980000000000000000
00000e7c0000000200000000
00000e800000000100000e68
00000e840000000000000000
00000e680000000400000c8c
00000e6c0000000100000e5c
00000e700000000000000000
00000e5c0000000000000000
00000ee00000000400000c8d
00000ee40000000800000001
00000ee80000001300000c60
00000eec0000000000000000
00000ef00000000d3e4edef0
00000ef40000000600000003
00000ef80000000c00002000
00000efc0000000000000000
00000f000000000800000000
00000f040000000100000001
00000f080000000900000001
00000f0c0000000d00000000
00000f100000000000000000
00000f140000000d00000000
00000f180000001700000001
00000f1c0000000000000000
00000f280000001c00000004
00000f2c0000001a00000000
00000f300000001a00000000
00000f340000001b00000f34
00000f380000001b00000f34
00000f3c0000000000000000
00000f40000000190000006c
00000f440000000000000000
00000f500000001c00000003
00000f540000000000000000
00000f2c0000001a00000001
00000f300000001a00000008
00000f340000001b00000f34
00000f380000001b00000f3c
00000f3c0000000000000000
00000f48000000190000006f
00000f4c0000000000000000
00000f500000001c00000002
00000f540000000000000000
00000f2c0000001a00000000
00000f300000001a00000000
00000f340000001b00000f34
00000f380000001b00000f34
00000f3c0000000000000000
00000f400000001900000070
00000f440000000000000000
00000f500000001c00000001
00000f540000000000000000
00000f2c0000001a00000001
00000f300000001a00000008
00000f340000001b00000f34
00000f380000001b00000f3c
00000f3c0000000000000000
00000f480000001900000073
00000f4c0000000000000000
00000f500000001c00000000
00000f540000000000000000
00000f58000000010000001e
00000f5c0000000000000000
00000f600000000000000000
00000f640000000000000000
00000f680000000200000160
00000f6c0000000200000000
00000f700000000e00000001
00000f740000000100000f78
00000f7c0000000a00000f78
00000f800000000100000f84
00000f900000000b00000f84
00000f940000000100000f98
00000fa40000000c00000f98
00000fa80000000100000fac
00000fb80000000d00000fac
00000fbc0000000100000fc0
00000fcc0000000e00000fc0
00000fd00000000100000fd4
00000fe00000000f00000fd4
00000fe40000000100000fe8
00000ff40000001000000fe8
00000ff80000000100000ffc
000010080000001100000ffc
0000100c0000000100001010
0000101c0000001200001010
000010200000000100001024
0000103000000015a0000000
000010340000000000000000
000010240000001600000001
000010280000000100001010
0000102c0000000000000000
000010100000001600001a00
000010140000000100000ffc
000010180000000000000000
00000ffc0000000500000000
000010000000000100000fe8
000010040000000000000000
00000fe80000000200000f78
00000fec0000000100000fd4
00000ff00000000000000000
00000fd40000000200000001
00000fd80000000100000fc0
00000fdc0000000000000000
00000fc00000001400000000
00000fc40000000100000fac
00000fc80000000000000000
00000fac0000000000000000
00000fb00000000100000f98
00000fb40000000000000000
00000f9800000007ffffffff
00000f9c0000000100000f84
00000fa00000000000000000
00000f8400000015fffff800
00000f880000000100000f78
00000f8c0000000000000000
00000f780000000000000000
000010380000001d00000004
0000103c0000001600000000
000010400000000c00002fac
000010440000001d00000003
000010480000000000000000
0000103c0000001600000000
000010400000000c00002fac
000010440000001d00000002
000010480000000000000000
0000103c0000001600000000
000010400000000c00002fac
000010440000001d00000001
000010480000000000000000
0000103c0000001600000000
000010400000000c00002fac
000010440000001d00000000
000010480000000000000000
0000104c0000000000000000
000010500000001200000001
000010540000001700000800
00001058000000070000001f
0000105c0000000300000687
000010600000000000000000
000010700000000100001074
000010780000000a00001074
0000107c0000000100001080
0000108c0000000b00001080
000010900000000100001094
000010a00000000c00001094
000010a400000001000010a8
000010b40000000210000000
000010b80000000000000000
000010a80000000000000000
000010ac0000000100001094
000010b00000000000000000
000010940000000600000000
000010980000000100001080
0000109c0000000000000000
0000108000000009fee1d000
000010840000000100001074
000010880000000000000000
000010740000000000000000
000010bc0000000000000000
000010c0000000010000000c
000010c40000001300000000
000010c80000000000000000
000010cc0000000000000000
000010d000000001000010d4
000010d80000000a000010d4
000010dc00000001000010e0
000010ec0000000b000010e0
000010f000000001000010f4
000011000000000c000010f4
000011040000000100001108
000011140000000d00001108
00001118000000010000111c
000011280000000e0000111c
0000112c0000000100001130
0000113c0000000f00001130
000011400000000100001144
000011500000001000001144
000011540000000100001158
000011640000001100001158
00001168000000010000116c
000011780000000400000bea
0000117c0000000000000000
0000116c0000001600000000
000011700000000100001158
000011740000000000000000
000011580000000800000bea
0000115c0000000100001144
000011600000000000000000
000011440000001400000000
000011480000000100001130
0000114c0000000000000000
0000113000000016fffff800
00001134000000010000111c
000011380000000000000000
0000111c00000004000010eb
000011200000000100001108
000011240000000000000000
000011080000000500000001
0000110c00000001000010f4
000011100000000000000000
000010f40000001700000000
000010f800000001000010e0
000010fc0000000000000000
000010e000000016000010e0
000010e400000001000010d4
000010e80000000000000000
000010d40000000000000000
000011800000001400000000
000011840000000000000000
000011880000001c00000003
0000118c0000001a00000001
000011900000001a00000008
000011940000001b00001194
000011980000001b0000119c
0000119c0000000000000000
000011a80000001900000076
000011ac0000000000000000
000011b00000001c00000002
000011b40000000000000000
0000118c0000001a00000000
000011900000001a00000000
000011940000001b00001194
000011980000001b00001194
0000119c0000000000000000
000011a00000001900000077
000011a40000000000000000
000011b00000001c00000001
000011b40000000000000000
0000118c0000001a00000001
000011900000001a00000008
000011940000001b00001194
000011980000001b0000119c
0000119c0000000000000000
000011a8000000190000007a
000011ac0000000000000000
000011b00000001c00000000
000011b40000000000000000
000011b800000011000010e0
000011bc0000000000000000
000011c00000000000000000
000011c40000001000000000
000011c800000009000010e0
000011cc0000001010000000
000011d00000001c00000003
000011d40000001a00000001
000011d80000001a00000008
000011dc0000001b000011dc
000011e00000001b000011e4
000011e400000001000011e8
000011f0000000190000007d
000011f40000000000000000
000011f80000001c00000002
000011fc0000000000000000
000011d40000001a00000000
000011d80000001a00000000
000011dc0000001b000011dc
000011e00000001b000011dc
000011e400000001000011e8
000011e8000000190000007e
000011ec0000000000000000
000011f80000001c00000001
000011fc0000000000000000
000011d40000001a00000001
000011d80000001a00000008
000011dc0000001b000011dc
000011e00000001b000011e4
000011e400000001000011e8
000011f00000001900000081
000011f40000000000000000
000011f80000001c00000000
000011fc0000000000000000
000012000000001400000000
000012040000000500100000
000012080000000f00000002
0000120c0000000100000000
000012100000000300000000
000012140000000100001218
0000121c0000000a00001218
000012200000000100001224
000012300000000500000002
000012340000000000000000
0000122400000005000011e4
000012280000000100001218
0000122c0000000000000000
000012180000000000000000
0000123800000015fffff800
0000123c0000000100001240
000012440000000a00001240
00001248000000010000124c
000012580000000b0000124c
0000125c0000000100001260
0000126c0000000c00001260
000012700000000100001274
000012800000000d00001274
000012840000000100001288
000012940000000e00001288
00001298000000010000129c
000012a80000000f0000129c
000012ac00000001000012b0
000012bc00000010000012b0
000012c000000001000012c4
000012d00000001500000000
000012d40000000000000000
000012c40000000900000000
000012c800000001000012b0
000012cc0000000000000000
000012b00000000400000000
000012b4000000010000129c
000012b80000000000000000
0000129c0000000700000000
000012a00000000100001288
000012a40000000000000000
000012880000000500000001
0000128c0000000100001274
000012900000000000000000
0000127400000003000002e5
000012780000000100001260
0000127c0000000000000000
000012600000000800000001
00001264000000010000124c
000012680000000000000000
0000124c0000001400000000
000012500000000100001240
000012540000000000000000
000012400000000000000000
000012d80000000000000000
000012dc000000160000124c
000012e00000001d00000002
000012e40000000000000000
000012e80000001d00000001
000012ec0000000000000000
000012e40000000000000000
000012e80000001d00000000
000012ec0000000000000000
000012f000000001000012f4
000012f80000000a000012f4
000012fc0000000100001300
0000130c0000000b00001300
000013100000000100001314
000013200000000c00001314
000013240000000100001328
000013340000000d00001328
00001338000000010000133c
000013480000000e0000133c
0000134c0000000100001350
0000135c0000000f00001350
000013600000000100001364
000013700000001000001364
000013740000000100001378
000013840000001100001378
00001388000000010000138c
00001398000000120000138c
0000139c00000001000013a0
000013ac0000000900000000
000013b00000000000000000
000013a0000000143e1a23a0
000013a4000000010000138c
000013a80000000000000000
0000138c0000000000000000
000013900000000100001378
000013940000000000000000
000013780000000000000000
0000137c0000000100001364
000013800000000000000000
000013640000000200000011
000013680000000100001350
0000136c0000000000000000
000013500000001600000000
00001354000000010000133c
000013580000000000000000
0000133c00000017c6a76000
000013400000000100001328
000013440000000000000000
000013280000000700000000
0000132c0000000100001314
000013300000000000000000
0000131400000004ca000000
000013180000000100001300
0000131c0000000000000000
0000130000000016000f8688
0000130400000001000012f4
000013080000000000000000
000012f40000000000000000
000013b40000000100000000
000013b80000000000000000
000013c80000000a00000014
000013cc0000000100000780
000013d00000000800000000
000013d400000007dd0473d4
000013d80000000e00000000
000013dc0000000000000000
000013e00000000a00000001
000013e40000000d00000009
000013e800000001000013ec
000013f000000015b08063f0
000013f40000000000000000
000013ec0000000000000000
000013f800000005ffffffff
000013fc0000000000000000
000014000000000000000000
000014040000000300000000
000014080000000000000000
0000140c0000000b00000000
000014100000000100001414
000014180000000a00001414
0000141c0000000100001420
0000142c0000000b00001420
000014300000000100001434
000014400000000c00001434
000014440000000100001448
000014540000000d00001448
00001458000000010000145c
0000146800000016000027ff
0000146c0000000000000000
0000145c00000016000007ff
000014600000000100001448
000014640000000000000000
000014480000000500000000
0000144c0000000100001434
000014500000000000000000
000014340000000800000000
000014380000000100001420
0000143c0000000000000000
0000142000000008000011e4
000014240000000100001414
000014280000000000000000
000014140000000000000000
000014700000001d00000003
000014740000000000000000
000014780000001500000000
0000147c0000000000000000
000014800000001100000000
000014840000001d00000002
000014880000000000000000
000014740000000000000000
000014780000001500000000
0000147c0000000000000000
000014800000001100000000
000014840000001d00000001
000014880000000000000000
000014740000000000000000
000014780000001500000000
0000147c0000000000000000
000014800000001100000000
000014840000001d00000000
000014880000000000000000
0000148c0000001c00000004
000014900000001a00000000
000014940000001a00000000
000014980000001b00001498
0000149c0000001b00001498
000014a00000000000000000
000014a40000001900000082
000014a80000000000000000
000014b40000001c00000003
000014b80000000000000000
000014900000001a00000001
000014940000001a00000008
000014980000001b00001498
0000149c0000001b000014a0
000014a00000000000000000
000014ac0000001900000085
000014b00000000000000000
000014b40000001c00000002
000014b80000000000000000
000014900000001a00000000
000014940000001a00000000
000014980000001b00001498
0000149c0000001b00001498
000014a00000000000000000
000014a40000001900000086
000014a80000000000000000
000014b40000001c00000001
000014b80000000000000000
000014900000001a00000001
000014940000001a00000008
000014980000001b00001498
0000149c0000001b000014a0
000014a00000000000000000
000014ac0000001900000089
000014b00000000000000000
000014b40000001c00000000
000014b80000000000000000
000014bc0000000000000000
000014c00000000edd0473dc
000014c40000000c0ffe0000
000014c80000000f00000001
000014cc0000000000000000
000014d00000000c00000001
000014d400000001ffffec9b
000014d80000000900000000
000014dc0000000ac6a763bf
000014e00000000000000000
000014e40000001400000000
000014e80000001400000001
000014ec0000000b61208000
000014f00000000e00002000
000014f40000000e0000139c
000014f800000003000007ff
000014fc00000012000006b7
000015000000000300000001
000015040000001c00000003
000015080000001a00000001
0000150c0000001a00000008
000015100000001b00001510
000015140000001b00001518
00001518000000010000151c
00001524000000190000008c
000015280000000000000000
0000152c0000001c00000002
000015300000000000000000
000015080000001a00000000
0000150c0000001a00000000
000015100000001b00001510
000015140000001b00001510
00001518000000010000151c
0000151c000000190000008d
000015200000000000000000
0000152c0000001c00000001
000015300000000000000000
000015080000001a00000001
0000150c0000001a00000008
000015100000001b00001510
000015140000001b00001518
00001518000000010000151c
000015240000001900000090
000015280000000000000000
0000152c0000001c00000000
000015300000000000000000
000015340000000000000000
000015380000000000000000
0000153c00000016ffffffff
000015400000000d00000000
000015440000001200000001
000015480000001700000002
0000154c0000001300000001
000015500000001700000000
000015540000000eba08e7a8
000015580000001c00000004
0000155c0000001a00000000
000015600000001a00000000
000015640000001b00001564
000015680000001b00001564
0000156c0000000000000000
000015700000001900000091
000015740000000000000000
000015800000001c00000003
000015840000000000000000
0000155c0000001a00000001
000015600000001a00000008
000015640000001b00001564
000015680000001b0000156c
0000156c0000000000000000
000015780000001900000094
0000157c0000000000000000
000015800000001c00000002
000015840000000000000000
0000155c0000001a00000000
000015600000001a00000000
000015640000001b00001564
000015680000001b00001564
0000156c0000000000000000
000015700000001900000095
000015740000000000000000
000015800000001c00000001
000015840000000000000000
0000155c0000001a00000001
000015600000001a00000008
000015640000001b00001564
000015680000001b0000156c
0000156c0000000000000000
000015780000001900000098
0000157c0000000000000000
000015800000001c00000000
000015840000000000000000
0000158800000012c6a743bf
0000158c0000001c00000005
000015900000001a00000001
000015940000001a00000008
000015980000001b00001598
0000159c0000001b000015a0
000015a00000000000000000
000015ac000000190000009b
000015b00000000000000000
000015b40000001c00000004
000015b80000000000000000
000015900000001a00000000
000015940000001a00000000
000015980000001b00001598
0000159c0000001b00001598
000015a00000000000000000
000015a4000000190000009c
000015a80000000000000000
000015b40000001c00000003
000015b80000000000000000
000015900000001a00000001
000015940000001a00000008
000015980000001b00001598
0000159c0000001b000015a0
000015a00000000000000000
000015ac000000190000009f
000015b00000000000000000
000015b40000001c00000002
000015b80000000000000000
000015900000001a00000000
000015940000001a00000000
000015980000001b00001598
0000159c0000001b00001598
000015a00000000000000000
000015a400000019000000a0
000015a80000000000000000
000015b40000001c00000001
000015b80000000000000000
000015900000001a00000001
000015940000001a00000008
000015980000001b00001598
0000159c0000001b000015a0
000015a00000000000000000
000015ac00000019000000a3
000015b00000000000000000
000015b40000001c00000000
000015b80000000000000000
000015bc0000001700000001
000015c00000001600000000
000015c400000006dfed9000
000015c80000000000000000
000015cc0000000800001384
000015d000000005743bf000
000015d40000000600005680
000015d80000001c00000003
000015dc0000001a00000001
000015e00000001a00000008
000015e40000001b000015e4
000015e80000001b000015ec
000015ec0000000000000000
000015f800000019000000a6
000015fc0000000000000000
000016000000001c00000002
000016040000000000000000
000015dc0000001a00000000
000015e00000001a00000000
000015e40000001b000015e4
000015e80000001b000015e4
000015ec0000000000000000
000015f000000019000000a7
000015f40000000000000000
000016000000001c00000001
000016040000000000000000
000015dc0000001a00000001
000015e00000001a00000008
000015e40000001b000015e4
000015e80000001b000015ec
000015ec0000000000000000
000015f800000019000000aa
000015fc0000000000000000
000016000000001c00000000
000016040000000000000000
000016080000000000000000
0000160c0000000300001384
00001610000000108bc40800
00001614000000097411cf50
000016180000000700001396
0000161c0000000b00000000
000016200000001d00000003
00001624000000031cea7000
0000162800000006000000ad
0000162c0000000400000000
000016300000001d00000002
000016340000000000000000
00001624000000031cea7000
0000162800000006000000ac
0000162c0000000400000000
000016300000001d00000001
000016340000000000000000
00001624000000031cea7000
0000162800000006000000ab
0000162c0000000400000000
000016300000001d00000000
000016340000000000000000
000016380000001600000000
0000163c0000000900000000
000016400000000600000001
000016440000000000000000
000016480000000200000001
0000164c000000090151c000
0000165000000004743bf000
000016540000000b00000000
000016580000001c00000004
0000165c0000001a00000000
000016600000001a00000000
000016640000001b00001664
000016680000001b00001664
0000166c0000000000000000
0000167000000019000000ab
000016740000000000000000
000016800000001c00000003
000016840000000000000000
0000165c0000001a00000001
000016600000001a00000008
000016640000001b00001664
000016680000001b0000166c
0000166c0000000000000000
0000167800000019000000ae
0000167c0000000000000000
000016800000001c00000002
000016840000000000000000
0000165c0000001a00000000
000016600000001a00000000
000016640000001b00001664
000016680000001b00001664
0000166c0000000000000000
0000167000000019000000af
000016740000000000000000
000016800000001c00000001
000016840000000000000000
0000165c0000001a00000001
000016600000001a00000008
000016640000001b00001664
000016680000001b0000166c
0000166c0000000000000000
0000167800000019000000b2
0000167c0000000000000000
000016800000001c00000000
000016840000000000000000
000016880000001c00000004
0000168c0000001a00000000
000016900000001a00000000
000016940000001b00001694
000016980000001b00001694
0000169c0000000000000000
000016a000000019000000b3
000016a40000000000000000
000016b00000001c00000003
000016b40000000000000000
0000168c0000001a00000001
000016900000001a00000008
000016940000001b00001694
000016980000001b0000169c
0000169c0000000000000000
000016a800000019000000b6
000016ac0000000000000000
000016b00000001c00000002
000016b40000000000000000
0000168c0000001a00000000
000016900000001a00000000
000016940000001b00001694
000016980000001b00001694
0000169c0000000000000000
000016a000000019000000b7
000016a40000000000000000
000016b00000001c00000001
000016b40000000000000000
0000168c0000001a00000001
000016900000001a00000008
000016940000001b00001694
000016980000001b0000169c
0000169c0000000000000000
000016a800000019000000ba
000016ac0000000000000000
000016b00000001c00000000
000016b40000000000000000
000016b80000000e00000000
000016bc00000011c52a56bc
000016c00000000700000000
000016c40000001d00000004
000016c80000000000000000
000016cc0000000c00000000
000016d00000001000003384
000016d400000002fffffbb0
000016d80000001d00000003
000016dc0000000000000000
000016c80000000000000000
000016cc0000000c00000000
000016d00000001000003384
000016d400000002fffffbb7
000016d80000001d00000002
000016dc0000000000000000
000016c80000000000000000
000016cc0000000c00000000
000016d00000001000003384
000016d400000002fffffbb6
000016d80000001d00000001
000016dc0000000000000000
000016c80000000000000000
000016cc0000000c00000000
000016d00000001000003384
000016d400000002fffffbb5
000016d80000001d00000000
000016dc0000000000000000
000016e00000001d00000004
000016e40000000800000000
000016e80000001600000000
000016ec0000001d00000003
000016f00000000000000000
000016e40000000800000000
000016e80000001600000000
000016ec0000001d00000002
000016f00000000000000000
000016e40000000800000000
000016e80000001600000000
000016ec0000001d00000001
000016f00000000000000000
000016e40000000800000000
000016e80000001600000000
000016ec0000001d00000000
000016f00000000000000000
000016f40000001000000000
000016f80000000700000000
000016fc0000000000000000
000017000000000000000000
0000170c0000001139589c41
0000171000000008ad1e3000
000017140000000000000000
000017180000000a000007ff
0000171c0000000c00000000
000017200000001d00000003
000017240000000000000000
0000172800000007fffffb0f
0000172c0000001d00000002
000017300000000000000000
000017240000000000000000
0000172800000007fffffb0f
0000172c0000001d00000001
000017300000000000000000
000017240000000000000000
0000172800000007fffffb0f
0000172c0000001d00000000
000017300000000000000000
0000173400000012000017ff
000017380000000000000000
0000174c0000000900000000
000017500000000700000000
000017540000001d00000002
000017580000001600000008
0000175c0000000d000017ff
000017600000001700000000
000017640000000300000000
000017680000001d00000001
0000176c0000000000000000
000017580000001600000008
0000175c0000000d000017ff
000017600000001700000000
000017640000000300000000
000017680000001d00000000
0000176c0000000000000000
000017700000001800000001
000017740000000000000000
000017780000000000000000
000000c800000002000004b1
000000cc0000000000000000
000000d0000000050017ff00
000000d40000001200000001
000000d80000000300000000
000000dc0000000f00000001
000000e00000000000000000
000000e40000001000000000
000000e80000000426e87000
000000ec0000000200001086
000000f00000000b00000000
000000f40000001700000004
000000f8000000170000095a
000000fc0000001300000000
000001000000001400002000
000001040000000000000000
000001080000000500000000
0000010c0000000600000001
000001100000000a00000000
000001140000000000000000
000001180000000dfffff8ba
0000011c0000000700000000
000001200000001200002000
000001240000000500000000
000001280000001c00000004
0000012c0000001a00000000
000001300000001a00000000
000001340000001b00000134
000001380000001b00000134
0000013c0000000100000140
0000014000000019000000bb
000001440000000000000000
000001500000001c00000003
000001540000000000000000
0000012c0000001a00000001
000001300000001a00000008
000001340000001b00000134
000001380000001b0000013c
0000013c0000000100000140
0000014800000019000000be
0000014c0000000000000000
000001500000001c00000002
000001540000000000000000
0000012c0000001a00000000
000001300000001a00000000
000001340000001b00000134
000001380000001b00000134
0000013c0000000100000140
0000014000000019000000bf
000001440000000000000000
000001500000001c00000001
000001540000000000000000
0000012c0000001a00000001
000001300000001a00000008
000001340000001b00000134
000001380000001b0000013c
0000013c0000000100000140
0000014800000019000000c2
0000014c0000000000000000
000001500000001c00000000
000001540000000000000000
0000015800000003bd87a000
0000015c0000001700000000
0000016000000001fffff800
000001640000000800000000
000001680000001d00000004
0000016c00000007fd56a000
000001700000000139589c41
000001740000001d00000003
000001780000000000000000
0000016c00000007fd56a000
000001700000000139589c41
000001740000001d00000002
000001780000000000000000
0000016c00000007fd56a000
000001700000000139589c41
000001740000001d00000001
000001780000000000000000
0000016c00000007fd56a000
000001700000000139589c41
000001740000001d00000000
000001780000000000000000
0000017c0000000300000004
0000018000000010000009a1
000001840000000700000110
000001880000000d00000000
0000018c0000000000000000
000001900000001400000000
000001940000001500000001
000001980000000a00000001
0000019c0000001c00000003
000001a00000001a00000001
000001a40000001a00000008
000001a80000001b000001a8
000001ac0000001b000001b0
000001b000000001000001b4
000001bc00000019000000c5
000001c00000000000000000
000001c40000001c00000002
000001c80000000000000000
000001a00000001a00000000
000001a40000001a00000000
000001a80000001b000001a8
000001ac0000001b000001a8
000001b000000001000001b4
000001b400000019000000c6
000001b80000000000000000
000001c40000001c00000001
000001c80000000000000000
000001a00000001a00000001
000001a40000001a00000008
000001a80000001b000001a8
000001ac0000001b000001b0
000001b000000001000001b4
000001bc00000019000000c9
000001c00000000000000000
000001c40000001c00000000
000001c80000000000000000
000001cc00000001000001d0
000001d40000000a000001d0
000001d800000001000001dc
000001e80000000b000001dc
000001ec00000001000001f0
000001fc0000000c000001f0
000002000000000100000204
000002100000000d00000204
000002140000000100000218
000002240000000e00000218
00000228000000010000022c
000002380000000f0000022c
0000023c0000000100000240
0000024c0000001000000240
000002500000000100000254
000002600000001100000254
000002640000000100000268
000002740000001200000268
00000278000000010000027c
00000288000000130000027c
0000028c0000000100000290
0000029c0000000900000000
000002a00000000000000000
000002900000000300000000
00000294000000010000027c
000002980000000000000000
0000027c0000000526e871b0
000002800000000100000268
000002840000000000000000
000002680000000400000000
0000026c0000000100000254
000002700000000000000000
000002540000001400002200
000002580000000100000240
0000025c0000000000000000
000002400000000300000000
00000244000000010000022c
000002480000000000000000
0000022c00000014e998d000
000002300000000100000218
000002340000000000000000
00000218000000030000022c
0000021c0000000100000204
000002200000000000000000
000002040000001500000000
0000020800000001000001f0
0000020c0000000000000000
000001f00000001500000000
000001f400000001000001dc
000001f80000000000000000
000001dc00000015fffff808
000001e000000001000001d0
000001e40000000000000000
000001d00000000000000000
000002a40000001600000218
000002a80000000b00000000
000002ac00000001fffffa0f
000002b00000000000000000
000002b40000001d00000004
000002b80000000300000001
000002bc0000001d00000003
000002c00000000000000000
000002b80000000300000001
000002bc0000001d00000002
000002c00000000000000000
000002b80000000300000001
000002bc0000001d00000001
000002c00000000000000000
000002b80000000300000001
000002bc0000001d00000000
000002c00000000000000000
000002c40000001d00000005
000002c80000001600000040
000002cc0000001700000001
000002d00000000000000000
000002d40000001400000218
000002d80000001d00000004
000002dc0000000000000000
000002c80000001600000040
000002cc0000001700000001
000002d00000000000000000
000002d40000001400000218
000002d80000001d00000003
000002dc0000000000000000
000002c80000001600000040
000002cc0000001700000001
000002d00000000000000000
000002d40000001400000218
000002d80000001d00000002
000002dc0000000000000000
000002c80000001600000040
000002cc0000001700000001
000002d00000000000000000
000002d40000001400000218
000002d80000001d00000001
000002dc0000000000000000
000002c80000001600000040
000002cc0000001700000001
000002d00000000000000000
000002d40000001400000218
000002d80000001d00000000
000002dc0000000000000000
000002e000000012ffffffa9
000002e40000000200000004
000002e80000000a00000a2c
000002ec0000000000000000
000002f00000001600000254
000002f4000000028d118000
000002f80000000000000000
000002fc0000000800000001
000003000000001c00000004
000003040000001a00000000
000003080000001a00000000
0000030c0000001b0000030c
000003100000001b0000030c
000003140000000100000318
0000031800000019000000ca
0000031c0000000000000000
000003280000001c00000003
0000032c0000000000000000
000003040000001a00000001
000003080000001a00000008
0000030c0000001b0000030c
000003100000001b00000314
000003140000000100000318
0000032000000019000000cd
000003240000000000000000
000003280000001c00000002
0000032c0000000000000000
000003040000001a00000000
000003080000001a00000000
0000030c0000001b0000030c
000003100000001b0000030c
000003140000000100000318
0000031800000019000000ce
0000031c0000000000000000
000003280000001c00000001
0000032c0000000000000000
000003040000001a00000001
000003080000001a00000008
0000030c0000001b0000030c
000003100000001b00000314
000003140000000100000318
0000032000000019000000d1
000003240000000000000000
000003280000001c00000000
0000032c0000000000000000
000003300000000000000000
0000033c0000000000000000
0000035000000009000001ef
000003540000001c00000003
000003580000001a00000001
0000035c0000001a00000008
000003600000001b00000360
000003640000001b00000368
00000368000000010000036c
0000037400000019000000d4
000003780000000000000000
0000037c0000001c00000002
000003800000000000000000
000003580000001a00000000
0000035c0000001a00000000
000003600000001b00000360
000003640000001b00000360
00000368000000010000036c
0000036c00000019000000d5
000003700000000000000000
0000037c0000001c00000001
000003800000000000000000
000003580000001a00000001
0000035c0000001a00000008
000003600000001b00000360
000003640000001b00000368
00000368000000010000036c
0000037400000019000000d8
000003780000000000000000
0000037c0000001c00000000
000003800000000000000000
000003840000000d00000000
0000038800000011b87e4000
0000038c0000000000000000
000003900000001400000000
000003940000001c00000005
000003980000001a00000001
0000039c0000001a00000008
000003a00000001b000003a0
000003a40000001b000003a8
000003a80000000000000000
000003b400000019000000db
000003b80000000000000000
000003bc0000001c00000004
000003c00000000000000000
000003980000001a00000000
0000039c0000001a00000000
000003a00000001b000003a0
000003a40000001b000003a0
000003a80000000000000000
000003ac00000019000000dc
000003b00000000000000000
000003bc0000001c00000003
000003c00000000000000000
000003980000001a00000001
0000039c0000001a00000008
000003a00000001b000003a0
000003a40000001b000003a8
000003a80000000000000000
000003b400000019000000df
000003b80000000000000000
000003bc0000001c00000002
000003c00000000000000000
000003980000001a00000000
0000039c0000001a00000000
000003a00000001b000003a0
000003a40000001b000003a0
000003a80000000000000000
000003ac00000019000000e0
000003b00000000000000000
000003bc0000001c00000001
000003c00000000000000000
000003980000001a00000001
0000039c0000001a00000008
000003a00000001b000003a0
000003a40000001b000003a8
000003a80000000000000000
000003b400000019000000e3
000003b80000000000000000
000003bc0000001c00000000
000003c00000000000000000
000003c40000000000000000
000003c80000000000000000
000003cc0000000f00000000
000003d00000000900000001
000003d40000001500000000
000003d800000005fffffc45
000003dc0000001000000000
000003e00000000ffe48e000
000003e400000001000003e8
000003ec0000000a000003e8
000003f000000001000003f4
000004000000000b000003f4
000004040000000100000408
000004140000000c00000408
00000418000000010000041c
000004280000000700000000
0000042c0000000000000000
0000041c000000034305e000
000004200000000100000408
000004240000000000000000
000004080000000300000001
0000040c00000001000003f4
000004100000000000000000
000003f40000000600002000
000003f800000001000003e8
000003fc0000000000000000
000003e80000000000000000
000004300000000100000000
000004340000000400000000
000004380000000700000000
0000043c0000000000000000
0000044000000016ffffffa8
000004440000000b6d80d444
00000448000000010000044c
000004500000000a0000044c
000004540000000100000458
000004640000000b00000458
00000468000000010000046c
000004780000000c0000046c
0000047c0000000100000480
0000048c0000000d00000480
000004900000000100000494
000004a00000000e00000494
000004a400000001000004a8
000004b40000000f000004a8
000004b800000001000004bc
000004c800000010000004bc
000004cc00000001000004d0
000004dc00000011000004d0
000004e000000001000004e4
000004f000000012000004e4
000004f400000001000004f8
0000050400000013000004f8
00000508000000010000050c
000005180000000300000480
0000051c0000000000000000
0000050c0000000900000000
0000051000000001000004f8
000005140000000000000000
000004f80000000800000008
000004fc00000001000004e4
000005000000000000000000
000004e40000001569ac0000
000004e800000001000004d0
000004ec0000000000000000
000004d00000000300000000
000004d400000001000004bc
000004d80000000000000000
000004bc0000000000000000
000004c000000001000004a8
000004c40000000000000000
000004a80000001600000000
000004ac0000000100000494
000004b00000000000000000
0000049400000008fffffca8
000004980000000100000480
0000049c0000000000000000
000004800000000869ac04e4
00000484000000010000046c
000004880000000000000000
0000046c0000000900000000
000004700000000100000458
000004740000000000000000
0000045800000008fffffcc5
0000045c000000010000044c
000004600000000000000000
0000044c0000000000000000
000005200000000a00000444
000005240000000100000004
00000528000000010000052c
000005300000000a0000052c
000005340000000100000538
000005440000000b00000538
00000548000000010000054c
000005580000000c0000054c
0000055c0000000100000560
0000056c0000000d00000560
000005700000000100000574
000005800000000e00000574
000005840000000100000588
000005940000000f00000588
00000598000000010000059c
000005a8000000100000059c
000005ac00000001000005b0
000005bc00000011000005b0
000005c000000001000005c4
000005d000000016fffffc4d
000005d40000000000000000
000005c40000001700000000
000005c800000001000005b0
000005cc0000000000000000
000005b00000001600000000
000005b4000000010000059c
000005b80000000000000000
0000059c0000000500000000
000005a00000000100000588
000005a40000000000000000
000005880000000300000001
0000058c0000000100000574
000005900000000000000000
000005740000000000000000
000005780000000100000560
0000057c0000000000000000
00000560000000143b8a2560
00000564000000010000054c
000005680000000000000000
0000054c0000000000000000
000005500000000100000538
000005540000000000000000
0000053800000009394af538
0000053c000000010000052c
000005400000000000000000
0000052c0000000000000000
000005d800000001000005dc
000005e00000000a000005dc
000005e400000001000005e8
000005f40000000b000005e8
000005f800000001000005fc
000006080000000c000005fc
0000060c0000000100000610
0000061c0000000300000000
000006200000000000000000
000006100000000500000574
0000061400000001000005fc
000006180000000000000000
000005fc0000000600000001
0000060000000001000005e8
000006040000000000000000
000005e800000009ffffffc6
000005ec00000001000005dc
000005f00000000000000000
000005dc0000000000000000
0000062400000001ffffffbe
000006280000000000000000
0000062c0000000000000000
000006300000000c00000001
000006340000001d00000002
000006380000000e00000000
0000063c0000000f00000000
000006400000000100000000
000006440000001d00000001
000006480000000000000000
000006380000000e00000000
0000063c0000000f00000000
000006400000000100000000
000006440000001d00000000
000006480000000000000000
0000064c0000000369ac0000
000006500000000000000000
000006540000001400000000
000006580000000000000000
0000065c0000001400000000
000006600000001d00000005
000006640000000e00000000
000006680000000400000000
0000066c0000001d00000004
000006700000000000000000
000006640000000e00000000
000006680000000400000000
0000066c0000001d00000003
000006700000000000000000
000006640000000e00000000
000006680000000400000000
0000066c0000001d00000002
000006700000000000000000
000006640000000e00000000
000006680000000400000000
0000066c0000001d00000001
000006700000000000000000
000006640000000e00000000
000006680000000400000000
0000066c0000001d00000000
000006700000000000000000
000006740000000000000000
000006780000000000000000
0000067c0000000500000001
0000068000000013000005b0
0000068400000008000005e8
00000688000000010000068c
000006900000000a0000068c
000006940000000100000698
000006a40000000b00000698
000006a800000001000006ac
000006b80000000c000006ac
000006bc00000001000006c0
000006cc0000000d000006c0
000006d000000001000006d4
000006e00000000e000006d4
000006e400000001000006e8
000006f40000000f000006e8
000006f800000001000006fc
0000070800000010000006fc
0000070c0000000100000710
0000071c0000001100000710
000007200000000100000724
000007300000001200000724
000007340000000100000738
000007440000000000000000
000007480000000000000000
000007380000000300038c00
0000073c0000000100000724
000007400000000000000000
000007240000000500000000
000007280000000100000710
0000072c0000000000000000
000007100000000200000000
0000071400000001000006fc
000007180000000000000000
000006fc000000079653ffc6
0000070000000001000006e8
000007040000000000000000
000006e800000015000006fc
000006ec00000001000006d4
000006f00000000000000000
000006d40000000000000000
000006d800000001000006c0
000006dc0000000000000000
000006c00000000000000000
000006c400000001000006ac
000006c80000000000000000
000006ac000000140000021a
000006b00000000100000698
000006b40000000000000000
000006980000000500000000
0000069c000000010000068c
000006a00000000000000000
0000068c0000000000000000
0000074c0000001d00000002
000007500000000e00000000
000007540000000150000000
000007580000001321460758
0000075c0000001d00000001
000007600000000000000000
000007500000000e00000000
000007540000000150000000
000007580000001321460758
0000075c0000001d00000000
000007600000000000000000
000007640000000500000000
000007680000001100000000
0000076c0000001d00000006
000007700000000000000000
000007740000001700000001
000007780000001d00000005
0000077c0000000000000000
000007700000000000000000
000007740000001700000001
000007780000001d00000004
0000077c0000000000000000
000007700000000000000000
000007740000001700000001
000007780000001d00000003
0000077c0000000000000000
000007700000000000000000
000007740000001700000001
000007780000001d00000002
0000077c0000000000000000
000007700000000000000000
000007740000001700000001
000007780000001d00000001
0000077c0000000000000000
000007700000000000000000
000007740000001700000001
000007780000001d00000000
0000077c0000000000000000
000007800000000d00000000
000007840000000700000000
000007880000001500000000
0000078c0000001600000000
000007900000001000000000
000007940000000380000000
000007980000001600000000
0000079c0000001d00000002
000007a00000000300000001
000007a40000001400000000
000007a80000000a0000068c
000007ac0000000900000000
000007b00000001100000001
000007b40000001d00000001
000007b80000000000000000
000007a00000000300000000
000007a40000001400000000
000007a80000000a0000068c
000007ac0000000900000000
000007b00000001100000001
000007b40000001d00000000
000007b80000000000000000
000007bc0000000dffffffff
000007c00000000000000000
000007c40000000000000000
000007c80000000000000000
000007dc0000000cfffff8b6
000007e00000000c00000000
000007e400000005fffff800
000007e80000000800000000
000007ec00000001000007f0
000007f40000000a000007f0
000007f800000001000007fc
000008080000000b000007fc
0000080c0000000100000810
0000081c0000000c00000810
000008200000000100000824
000008300000000d00000824
000008340000000100000838
000008440000000500400000
000008480000000000000000
000008380000000200000000
0000083c0000000100000824
000008400000000000000000
000008240000001400000000
000008280000000100000810
0000082c0000000000000000
0000081000000015ffffe000
0000081400000001000007fc
000008180000000000000000
000007fc0000000800000000
0000080000000001000007f0
000008040000000000000000
000007f00000000000000000
0000084c0000000000000000
000008500000000f00400000
000008540000000900000000
0000085800000017ffffffff
0000085c0000001500000000
000008600000001d00000006
000008640000000700000001
000008680000001100000001
0000086c0000000dfffff810
000008700000001d00000005
000008740000000000000000
000008640000000700000001
000008680000001100000001
0000086c0000000dfffff810
000008700000001d00000004
000008740000000000000000
000008640000000700000001
000008680000001100000001
0000086c0000000dfffff810
000008700000001d00000003
000008740000000000000000
000008640000000700000001
000008680000001100000001
0000086c0000000dfffff810
000008700000001d00000002
000008740000000000000000
000008640000000700000001
000008680000001100000001
0000086c0000000dfffff810
000008700000001d00000001
000008740000000000000000
000008640000000700000001
000008680000001100000001
0000086c0000000dfffff810
000008700000001d00000000
000008740000000000000000
00000878000000010000087c
000008800000000a0000087c
000008840000000100000888
000008940000000b00000888
00000898000000010000089c
000008a80000000c0000089c
000008ac00000001000008b0
000008bc0000000d000008b0
000008c000000001000008c4
000008d00000000e000008c4
000008d400000001000008d8
000008e40000000000000000
000008e80000000000000000
000008d80000000500000724
000008dc00000001000008c4
000008e00000000000000000
000008c40000001600000001
000008c800000001000008b0
000008cc0000000000000000
000008b00000000500001160
000008b4000000010000089c
000008b80000000000000000
0000089c0000001700000000
000008a00000000100000888
000008a40000000000000000
000008880000000400001110
0000088c000000010000087c
000008900000000000000000
0000087c0000000000000000
000008ec0000001d00000003
000008f00000001100002736
000008f40000000e00000800
000008f80000000300000000
000008fc0000000100000001
000009000000001000000000
000009040000001d00000002
000009080000000000000000
000008f00000001100002736
000008f40000000e00000800
000008f80000000300000000
000008fc0000000100000001
000009000000001000000000
000009040000001d00000001
000009080000000000000000
000008f00000001100002736
000008f40000000e00000800
000008f80000000300000000
000008fc0000000100000001
000009000000001000000000
000009040000001d00000000
000009080000000000000000
0000090c00000004b278f90c
000009100000000400000001
000009140000000100000918
0000091c0000000a00000918
000009200000000100000924
000009300000000000000000
000009340000000000000000
000009240000000800000924
000009280000000100000918
0000092c0000000000000000
000009180000000000000000
000009380000001700000001
0000093c0000000bfffff118
000009400000001500000000
000009440000001d00000004
000009480000000b00000001
0000094c0000000000000000
000009500000001d00000003
000009540000000000000000
000009480000000b00000001
0000094c0000000000000000
000009500000001d00000002
000009540000000000000000
000009480000000b00000001
0000094c0000000000000000
000009500000001d00000001
000009540000000000000000
000009480000000b00000001
0000094c0000000000000000
000009500000001d00000000
000009540000000000000000
000009580000001d00000006
0000095c0000000911380000
000009600000000700000007
000009640000000e00000000
000009680000000000000000
0000096c0000001d00000005
000009700000000000000000
0000095c0000000911380000
000009600000000700000005
000009640000000e00000001
000009680000000000000000
0000096c0000001d00000004
000009700000000000000000
0000095c0000000911380000
000009600000000700000005
000009640000000e00000000
000009680000000000000000
0000096c0000001d00000003
000009700000000000000000
0000095c0000000911380000
000009600000000700000003
000009640000000e00000001
000009680000000000000000
0000096c0000001d00000002
000009700000000000000000
0000095c0000000911380000
000009600000000700000003
000009640000000e00000000
000009680000000000000000
0000096c0000001d00000001
000009700000000000000000
0000095c0000000911380000
000009600000000700000001
000009640000000e00000001
000009680000000000000000
0000096c0000001d00000000
000009700000000000000000
000009740000001c00000005
000009780000001a00000001
0000097c0000001a00000008
000009800000001b00000980
000009840000001b00000988
000009880000000000000000
0000099400000019000000e6
000009980000000000000000
0000099c0000001c00000004
000009a00000000000000000
000009780000001a00000000
0000097c0000001a00000000
000009800000001b00000980
000009840000001b00000980
000009880000000000000000
0000098c00000019000000e7
000009900000000000000000
0000099c0000001c00000003
000009a00000000000000000
000009780000001a00000001
0000097c0000001a00000008
000009800000001b00000980
000009840000001b00000988
000009880000000000000000
0000099400000019000000ea
000009980000000000000000
0000099c0000001c00000002
000009a00000000000000000
000009780000001a00000000
0000097c0000001a00000000
000009800000001b00000980
000009840000001b00000980
000009880000000000000000
0000098c00000019000000eb
000009900000000000000000
0000099c0000001c00000001
000009a00000000000000000
000009780000001a00000001
0000097c0000001a00000008
000009800000001b00000980
000009840000001b00000988
000009880000000000000000
0000099400000019000000ee
000009980000000000000000
0000099c0000001c00000000
000009a00000000000000000
000009a40000000000000000
000009a80000001500000009
000009ac0000001700000000
000009b00000000000000000
000009b40000001700000000
000009b80000001700000000
000009bc0000001600000004
000009c00000001d00000005
000009c40000001400000004
000009c80000001d00000004
000009cc0000000000000000
000009c40000001400000004
000009c80000001d00000003
000009cc0000000000000000
000009c40000001400000004
000009c80000001d00000002
000009cc0000000000000000
000009c40000001400000004
000009c80000001d00000001
000009cc0000000000000000
000009c40000001400000004
000009c80000001d00000000
000009cc0000000000000000
000009d00000000300000000
000009d40000000d00000000
000009d80000001c00000005
000009dc0000001a00000001
000009e00000001a00000008
000009e40000001b000009e4
000009e80000001b000009ec
000009ec0000000000000000
000009f800000019000000f1
000009fc0000000000000000
00000a000000001c00000004
00000a040000000000000000
000009dc0000001a00000000
000009e00000001a00000000
000009e40000001b000009e4
000009e80000001b000009e4
000009ec0000000000000000
000009f000000019000000f2
000009f40000000000000000
00000a000000001c00000003
00000a040000000000000000
000009dc0000001a00000001
000009e00000001a00000008
000009e40000001b000009e4
000009e80000001b000009ec
000009ec0000000000000000
000009f800000019000000f5
000009fc0000000000000000
00000a000000001c00000002
00000a040000000000000000
000009dc0000001a00000000
000009e00000001a00000000
000009e40000001b000009e4
000009e80000001b000009e4
000009ec0000000000000000
000009f000000019000000f6
000009f40000000000000000
00000a000000001c00000001
00000a040000000000000000
000009dc0000001a00000001
000009e00000001a00000008
000009e40000001b000009e4
000009e80000001b000009ec
000009ec0000000000000000
000009f800000019000000f9
000009fc0000000000000000
00000a000000001c00000000
00000a040000000000000000
00000a080000001211380001
00000a0c0000000a00000001
00000a100000000d00000000
00000a140000001d00000004
00000a1800000008214607ff
00000a1c0000000c00000000
00000a200000001500000000
00000a240000001d00000003
00000a280000000000000000
00000a1800000008214607ff
00000a1c0000000c00000000
00000a200000001500000000
00000a240000001d00000002
00000a280000000000000000
00000a1800000008214607ff
00000a1c0000000c00000000
00000a200000001500000000
00000a240000001d00000001
00000a280000000000000000
00000a1800000008214607ff
00000a1c0000000c00000000
00000a200000001500000000
00000a240000001d00000000
00000a280000000000000000
00000a2c0000000400000000
00000a30000000052afc5a30
00000a340000001700000000
00000a380000000f00000000
00000a3c0000001c00000004
00000a400000001a00000000
00000a440000001a00000000
00000a480000001b00000a48
00000a4c0000001b00000a48
00000a500000000100000a54
00000a5400000019000000fa
00000a580000000000000000
00000a640000001c00000003
00000a680000000000000000
00000a400000001a00000001
00000a440000001a00000008
00000a480000001b00000a48
00000a4c0000001b00000a50
00000a500000000100000a54
00000a5c00000019000000fd
00000a600000000000000000
00000a640000001c00000002
00000a680000000000000000
00000a400000001a00000000
00000a440000001a00000000
00000a480000001b00000a48
00000a4c0000001b00000a48
00000a500000000100000a54
00000a5400000019000000fe
00000a580000000000000000
00000a640000001c00000001
00000a680000000000000000
00000a400000001a00000001
00000a440000001a00000008
00000a480000001b00000a48
00000a4c0000001b00000a50
00000a500000000100000a54
00000a5c0000001900000101
00000a600000000000000000
00000a640000001c00000000
00000a680000000000000000
00000a6c0000001000000001
00000a700000000100000000
00000a740000000e00000001
00000a780000000b00000000
00000a7c0000000000000000
00000a800000000c8ddb2a80
00000a840000000711380a51
00000a880000000a00000000
00000a8c0000000000000000
00000a900000001785181d60
00000a940000001200000101
00000a9800000007e8ea1a98
00000a9c0000000d00380000
00000aa00000000000000000
00000aa40000000e00000000
00000aa80000000adeb9f8a9
00000aac0000001500000000
00000ab00000000d00000000
00000ab4000000168c7e8000
00000ab80000001500000000
00000abc0000000000000000
00000ac00000001c00000003
00000ac40000001a00000001
00000ac80000001a00000008
00000acc0000001b00000acc
00000ad00000001b00000ad4
00000ad40000000000000000
00000ae00000001900000104
00000ae40000000000000000
00000ae80000001c00000002
00000aec0000000000000000
00000ac40000001a00000000
00000ac80000001a00000000
00000acc0000001b00000acc
00000ad00000001b00000acc
00000ad40000000000000000
00000ad80000001900000105
00000adc0000000000000000
00000ae80000001c00000001
00000aec0000000000000000
00000ac40000001a00000001
00000ac80000001a00000008
00000acc0000001b00000acc
00000ad00000001b00000ad4
00000ad40000000000000000
00000ae00000001900000108
00000ae40000000000000000
00000ae80000001c00000000
00000aec0000000000000000
00000af00000000100000000
00000af40000001d00000006
00000af80000001700380000
00000afc0000000ffffff9f1
00000b000000001500000000
00000b040000001000000000
00000b080000000000000000
00000b0c0000000000000000
00000b100000001d00000005
00000b140000000000000000
00000af80000001700380000
00000afc0000000ffffff9f0
00000b000000001500000000
00000b040000001000000000
00000b080000000000000000
00000b0c0000000000000000
00000b100000001d00000004
00000b140000000000000000
00000af80000001700380000
00000afc0000000ffffff9f0
00000b000000001500000000
00000b040000001000000000
00000b080000000000000000
00000b0c0000000000000000
00000b100000001d00000003
00000b140000000000000000
00000af80000001700380000
00000afc0000000ffffff9f0
00000b000000001500000000
00000b040000001000000000
00000b080000000000000000
00000b0c0000000000000000
00000b100000001d00000002
00000b140000000000000000
00000af80000001700380000
00000afc0000000ffffff9f0
00000b000000001500000000
00000b040000001000000000
00000b080000000000000000
00000b0c0000000000000000
00000b100000001d00000001
00000b140000000000000000
00000af80000001700380000
00000afc0000000ffffff9f0
00000b000000001500000000
00000b040000001000000000
00000b080000000000000000
00000b0c0000000000000000
00000b100000001d00000000
00000b140000000000000000
00000b180000000000000000
00000b1c0000000000000000
00000b2c0000001c00000005
00000b300000001a00000001
00000b340000001a00000008
00000b380000001b00000b38
00000b3c0000001b00000b40
00000b400000000000000000
00000b4c000000190000010b
00000b500000000000000000
00000b540000001c00000004
00000b580000000000000000
00000b300000001a00000000
00000b340000001a00000000
00000b380000001b00000b38
00000b3c0000001b00000b38
00000b400000000000000000
00000b44000000190000010c
00000b480000000000000000
00000b540000001c00000003
00000b580000000000000000
00000b300000001a00000001
00000b340000001a00000008
00000b380000001b00000b38
00000b3c0000001b00000b40
00000b400000000000000000
00000b4c000000190000010f
00000b500000000000000000
00000b540000001c00000002
00000b580000000000000000
00000b300000001a00000000
00000b340000001a00000000
00000b380000001b00000b38
00000b3c0000001b00000b38
00000b400000000000000000
00000b440000001900000110
00000b480000000000000000
00000b540000001c00000001
00000b580000000000000000
00000b300000001a00000001
00000b340000001a00000008
00000b380000001b00000b38
00000b3c0000001b00000b40
00000b400000000000000000
00000b4c0000001900000113
00000b500000000000000000
00000b540000001c00000000
00000b580000000000000000
00000b5c0000001200002000
00000b600000001d00000005
00000b640000000821460758
00000b680000001300000000
00000b6c0000000300000000
00000b70000000118ddb2a80
00000b740000000600000000
00000b780000000000000000
00000b7c0000001d00000004
00000b800000000000000000
00000b640000000800000000
00000b680000001300000000
00000b6c0000000300000000
00000b70000000118ddb2a80
00000b740000000600000000
00000b780000000000000000
00000b7c0000001d00000003
00000b800000000000000000
00000b640000000800000000
00000b680000001300000000
00000b6c0000000300000000
00000b70000000118ddb2a80
00000b740000000600000000
00000b780000000000000000
00000b7c0000001d00000002
00000b800000000000000000
00000b640000000800000000
00000b680000001300000000
00000b6c0000000300000000
00000b70000000118ddb2a80
00000b740000000600000000
00000b780000000000000000
00000b7c0000001d00000001
00000b800000000000000000
00000b640000000800000000
00000b680000001300000000
00000b6c0000000300000000
00000b70000000118ddb2a80
00000b740000000600000000
00000b780000000000000000
00000b7c0000001d00000000
00000b800000000000000000
00000b840000001d00000005
00000b880000000b73818000
00000b8c0000000700002000
00000b900000001d00000004
00000b940000000000000000
00000b880000000b73818000
00000b8c0000000700002000
00000b900000001d00000003
00000b940000000000000000
00000b880000000b73818000
00000b8c0000000700002000
00000b900000001d00000002
00000b940000000000000000
00000b880000000b73818000
00000b8c0000000700002000
00000b900000001d00000001
00000b940000000000000000
00000b880000000b73818000
00000b8c0000000700002000
00000b900000001d00000000
00000b940000000000000000
00000b980000000f00000000
00000b9c0000000200000000
00000ba00000000100000ba4
00000ba80000000a00000ba4
00000bac0000000100000bb0
00000bbc0000000000000000
00000bc00000000000000000
00000bb00000000600000004
00000bb40000000100000ba4
00000bb80000000000000000
00000ba40000000000000000
00000bc40000001200000000
00000bc80000000000000000
00000bcc0000000c00000000
00000bd00000000000000000
00000bd40000000800000000
00000bd80000000000000000
00000bec0000000000000000
00000bf00000001c00000003
00000bf40000001a00000001
00000bf80000001a00000008
00000bfc0000001b00000bfc
00000c000000001b00000c04
00000c040000000100000c08
00000c100000001900000116
00000c140000000000000000
00000c180000001c00000002
00000c1c0000000000000000
00000bf40000001a00000000
00000bf80000001a00000000
00000bfc0000001b00000bfc
00000c000000001b00000bfc
00000c040000000100000c08
00000c080000001900000117
00000c0c0000000000000000
00000c180000001c00000001
00000c1c0000000000000000
00000bf40000001a00000001
00000bf80000001a00000008
00000bfc0000001b00000bfc
00000c000000001b00000c04
00000c040000000100000c08
00000c10000000190000011a
00000c140000000000000000
00000c180000001c00000000
00000c1c0000000000000000
00000c200000001d00000002
00000c240000000000000000
00000c280000000000000000
00000c2c0000000f00000000
00000c300000001d00000001
00000c340000000000000000
00000c240000000000000000
00000c280000000000000000
00000c2c0000000f00000000
00000c300000001d00000000
00000c340000000000000000
00000c380000000100000c3c
00000c400000000a00000c3c
00000c440000000100000c48
00000c540000000b00000c48
00000c580000000100000c5c
00000c680000000c00000c5c
00000c6c0000000100000c70
00000c7c0000001700000000
00000c800000000000000000
00000c700000001500000c5c
00000c740000000100000c5c
00000c780000000000000000
00000c5c0000000300000000
00000c600000000100000c48
00000c640000000000000000
00000c480000000600000000
00000c4c0000000100000c3c
00000c500000000000000000
00000c3c0000000000000000
00000c840000000000000000
00000c980000000f00000005
00000c9c0000000100000001
00000ca00000000a00000001
00000ca40000001400000000
00000ca80000000100000cac
00000cb00000000a00000cac
00000cb40000000100000cb8
00000cc40000000b00000cb8
00000cc80000000100000ccc
00000cd8000000160000011a
00000cdc0000000000000000
00000ccc0000000300000001
00000cd00000000100000cb8
00000cd40000000000000000
00000cb8000000027224d105
00000cbc0000000100000cac
00000cc00000000000000000
00000cac0000000000000000
00000ce00000000000000000
00000ce40000000b00000000
00000ce80000000100000cec
00000cf00000000a00000cec
00000cf40000000100000cf8
00000d040000000b00000cf8
00000d080000000100000d0c
00000d180000000c00000d0c
00000d1c0000000100000d20
00000d2c0000000d00000d20
00000d300000000100000d34
00000d400000000e00000d34
00000d440000000100000d48
00000d540000000f00000d48
00000d580000000100000d5c
00000d680000001000000d5c
00000d6c0000000100000d70
00000d7c0000001100000d70
00000d800000000100000d84
00000d900000001200000d84
00000d940000000100000d98
00000da40000001300000d98
00000da80000000100000dac
00000db80000000500000d7c
00000dbc0000000000000000
00000dac0000001400000000
00000db00000000100000d98
00000db40000000000000000
00000d980000001700000001
00000d9c0000000100000d84
00000da00000000000000000
00000d84000000150d840000
00000d880000000100000d70
00000d8c0000000000000000
00000d700000000300000000
00000d740000000100000d5c
00000d780000000000000000
00000d5c0000000600000df6
00000d600000000100000d48
00000d640000000000000000
00000d4800000003fffff3fc
00000d4c0000000100000d34
00000d500000000000000000
00000d340000001500000d6f
00000d380000000100000d20
00000d3c0000000000000000
00000d200000000800000919
00000d240000000100000d0c
00000d280000000000000000
00000d0c00000003fffff3fc
00000d100000000100000cf8
00000d140000000000000000
00000cf80000001600000001
00000cfc0000000100000cec
00000d000000000000000000
00000cec0000000000000000
00000dc00000000100000001
00000dc40000000800000eb6
00000dc80000000b00000000
00000dcc0000000100000000
00000dd00000000f00000000
00000dd40000000000000000
00000de00000000500000016
00000de40000001400000000
00000de80000001200000000
00000dec0000000a00000000
00000df00000001400000000
00000df40000000100000df8
00000dfc0000000200000000
00000e000000000000000000
00000df80000000000000000
00000e040000001d00000002
00000e0800000014000000c0
00000e0c0000000000000000
00000e100000000e00000000
00000e1400000010e62ee000
00000e180000001300000000
00000e1c0000001d00000001
00000e200000000000000000
00000e0800000014000000c0
00000e0c0000000000000000
00000e100000000e00000000
00000e1400000010e62ee000
00000e180000001300000000
00000e1c0000001d00000000
00000e200000000000000000
00000e240000001c00000005
00000e280000001a00000001
00000e2c0000001a00000008
00000e300000001b00000e30
00000e340000001b00000e38
00000e380000000000000000
00000e44000000190000011d
00000e480000000000000000
00000e4c0000001c00000004
00000e500000000000000000
00000e280000001a00000000
00000e2c0000001a00000000
00000e300000001b00000e30
00000e340000001b00000e30
00000e380000000000000000
00000e3c000000190000011e
00000e400000000000000000
00000e4c0000001c00000003
00000e500000000000000000
00000e280000001a00000001
00000e2c0000001a00000008
00000e300000001b00000e30
00000e340000001b00000e38
00000e380000000000000000
00000e440000001900000121
00000e480000000000000000
00000e4c0000001c00000002
00000e500000000000000000
00000e280000001a00000000
00000e2c0000001a00000000
00000e300000001b00000e30
00000e340000001b00000e30
00000e380000000000000000
00000e3c0000001900000122
00000e400000000000000000
00000e4c0000001c00000001
00000e500000000000000000
00000e280000001a00000001
00000e2c0000001a00000008
00000e300000001b00000e30
00000e340000001b00000e38
00000e380000000000000000
00000e440000001900000125
00000e480000000000000000
00000e4c0000001c00000000
00000e500000000000000000
00000e540000000a00000d6e
00000e580000000100000e5c
00000e600000000a00000e5c
00000e640000000100000e68
00000e740000000b00000e68
00000e780000000100000e7c
00000e880000000c00000e7c
00000e8c0000000100000e90
00000e9c0000000d00000e90
00000ea00000000100000ea4
00000eb00000000e00000ea4
00000eb40000000100000eb8
00000ec40000000f00000eb8
00000ec80000000100000ecc
00000ed80000001500000000
00000edc0000000000000000
00000ecc00000014000027ff
00000ed00000000100000eb8
00000ed40000000000000000
00000eb80000000400000001
00000ebc0000000100000ea4
00000ec00000000000000000
00000ea400000014fffffd70
00000ea80000000100000e90
00000eac0000000000000000
00000e900000000300000000
00000e940000000100000e7c
00000e980000000000000000
00000e7c0000000200000000
00000e800000000100000e68
00000e840000000000000000
00000e680000000400000df6
00000e6c0000000100000e5c
00000e700000000000000000
00000e5c0000000000000000
00000ee00000000400000df7
00000ee40000000800000001
00000ee80000001300000c60
00000eec0000000000000000
00000ef00000000d3e4edef0
00000ef40000000600000000
00000ef80000000c00002000
00000efc0000000000000000
00000f000000000800000000
00000f040000000100000001
00000f080000000900000001
00000f0c0000000d00000000
00000f100000000000000000
00000f140000000d00000000
00000f180000001700000001
00000f1c0000000000000000
00000f280000001c00000004
00000f2c0000001a00000000
00000f300000001a00000000
00000f340000001b00000f34
00000f380000001b00000f34
00000f3c0000000000000000
00000f400000001900000126
00000f440000000000000000
00000f500000001c00000003
00000f540000000000000000
00000f2c0000001a00000001
00000f300000001a00000008
00000f340000001b00000f34
00000f380000001b00000f3c
00000f3c0000000000000000
00000f480000001900000129
00000f4c0000000000000000
00000f500000001c00000002
00000f540000000000000000
00000f2c0000001a00000000
00000f300000001a00000000
00000f340000001b00000f34
00000f380000001b00000f34
00000f3c0000000000000000
00000f40000000190000012a
00000f440000000000000000
00000f500000001c00000001
00000f540000000000000000
00000f2c0000001a00000001
00000f300000001a00000008
00000f340000001b00000f34
00000f380000001b00000f3c
00000f3c0000000000000000
00000f48000000190000012d
00000f4c0000000000000000
00000f500000001c00000000
00000f540000000000000000
00000f58000000010000001e
00000f5c0000000000000000
00000f600000000000000000
00000f640000000000000000
00000f680000000200000160
00000f6c0000000200000000
00000f700000000e00000001
00000f740000000100000f78
00000f7c0000000a00000f78
00000f800000000100000f84
00000f900000000b00000f84
00000f940000000100000f98
00000fa40000000c00000f98
00000fa80000000100000fac
00000fb80000000d00000fac
00000fbc0000000100000fc0
00000fcc0000000e00000fc0
00000fd00000000100000fd4
00000fe00000000f00000fd4
00000fe40000000100000fe8
00000ff40000001000000fe8
00000ff80000000100000ffc
000010080000001100000ffc
0000100c0000000100001010
0000101c0000001200001010
000010200000000100001024
0000103000000015a0000000
000010340000000000000000
000010240000001600000001
000010280000000100001010
0000102c0000000000000000
000010100000001600001a00
000010140000000100000ffc
000010180000000000000000
00000ffc0000000500000000
000010000000000100000fe8
000010040000000000000000
00000fe80000000200000f78
00000fec0000000100000fd4
00000ff00000000000000000
00000fd40000000200000001
00000fd80000000100000fc0
00000fdc0000000000000000
00000fc00000001400000000
00000fc40000000100000fac
00000fc80000000000000000
00000fac0000000000000000
00000fb00000000100000f98
00000fb40000000000000000
00000f9800000007ffffffff
00000f9c0000000100000f84
00000fa00000000000000000
00000f8400000015fffff800
00000f880000000100000f78
00000f8c0000000000000000
00000f780000000000000000
000010380000001d00000004
0000103c0000001600000000
000010400000000c00002fac
000010440000001d00000003
000010480000000000000000
0000103c0000001600000000
000010400000000c00002fac
000010440000001d00000002
000010480000000000000000
0000103c0000001600000000
000010400000000c00002fac
000010440000001d00000001
000010480000000000000000
0000103c0000001600000000
000010400000000c00002fac
000010440000001d00000000
000010480000000000000000
0000104c0000000000000000
000010500000001200000001
000010540000001700000800
00001058000000070000001f
0000105c0000000300000fa6
000010600000000000000000
000010700000000100001074
000010780000000a00001074
0000107c0000000100001080
0000108c0000000b00001080
000010900000000100001094
000010a00000000c00001094
000010a400000001000010a8
000010b40000000210000000
000010b80000000000000000
000010a80000000000000000
000010ac0000000100001094
000010b00000000000000000
000010940000000600000000
000010980000000100001080
0000109c0000000000000000
0000108000000009fee1d000
000010840000000100001074
000010880000000000000000
000010740000000000000000
000010bc0000000000000000
000010c0000000010000000c
000010c40000001300000000
000010c80000000000000000
000010cc0000000000000000
000010d000000001000010d4
000010d80000000a000010d4
000010dc00000001000010e0
000010ec0000000b000010e0
000010f000000001000010f4
000011000000000c000010f4
000011040000000100001108
000011140000000d00001108
00001118000000010000111c
000011280000000e0000111c
0000112c0000000100001130
0000113c0000000f00001130
000011400000000100001144
000011500000001000001144
000011540000000100001158
000011640000001100001158
00001168000000010000116c
000011780000000400000bea
0000117c0000000000000000
0000116c0000001600000000
000011700000000100001158
000011740000000000000000
000011580000000800000bea
0000115c0000000100001144
000011600000000000000000
000011440000001400000000
000011480000000100001130
0000114c0000000000000000
0000113000000016fffff800
00001134000000010000111c
000011380000000000000000
0000111c00000004000010eb
000011200000000100001108
000011240000000000000000
000011080000000500000001
0000110c00000001000010f4
000011100000000000000000
000010f40000001700000000
000010f800000001000010e0
000010fc0000000000000000
000010e000000016000010e0
000010e400000001000010d4
000010e80000000000000000
000010d40000000000000000
000011800000001400000000
000011840000000000000000
000011880000001c00000003
0000118c0000001a00000001
000011900000001a00000008
000011940000001b00001194
000011980000001b0000119c
0000119c0000000000000000
000011a80000001900000130
000011ac0000000000000000
000011b00000001c00000002
000011b40000000000000000
0000118c0000001a00000000
000011900000001a00000000
000011940000001b00001194
000011980000001b00001194
0000119c0000000000000000
000011a00000001900000131
000011a40000000000000000
000011b00000001c00000001
000011b40000000000000000
0000118c0000001a00000001
000011900000001a00000008
000011940000001b00001194
000011980000001b0000119c
0000119c0000000000000000
000011a80000001900000134
000011ac0000000000000000
000011b00000001c00000000
000011b40000000000000000
000011b800000011000010e0
000011bc0000000000000000
000011c00000000000000000
000011c40000001000000000
000011c800000009000010e0
000011cc0000001010000000
000011d00000001c00000003
000011d40000001a00000001
000011d80000001a00000008
000011dc0000001b000011dc
000011e00000001b000011e4
000011e400000001000011e8
000011f00000001900000137
000011f40000000000000000
000011f80000001c00000002
000011fc0000000000000000
000011d40000001a00000000
000011d80000001a00000000
000011dc0000001b000011dc
000011e00000001b000011dc
000011e400000001000011e8
000011e80000001900000138
000011ec0000000000000000
000011f80000001c00000001
000011fc0000000000000000
000011d40000001a00000001
000011d80000001a00000008
000011dc0000001b000011dc
000011e00000001b000011e4
000011e400000001000011e8
000011f0000000190000013b
000011f40000000000000000
000011f80000001c00000000
000011fc0000000000000000
000012000000001400000000
000012040000000500100000
000012080000000f00000001
0000120c0000000100010000
000012100000000300000000
000012140000000100001218
0000121c0000000a00001218
000012200000000100001224
000012300000000500000002
000012340000000000000000
0000122400000005000011e4
000012280000000100001218
0000122c0000000000000000
000012180000000000000000
0000123800000015fffff800
0000123c0000000100001240
000012440000000a00001240
00001248000000010000124c
000012580000000b0000124c
0000125c0000000100001260
0000126c0000000c00001260
000012700000000100001274
000012800000000d00001274
000012840000000100001288
000012940000000e00001288
00001298000000010000129c
000012a80000000f0000129c
000012ac00000001000012b0
000012bc00000010000012b0
000012c000000001000012c4
000012d00000001500000000
000012d40000000000000000
000012c40000000900000000
000012c800000001000012b0
000012cc0000000000000000
000012b00000000400000000
000012b4000000010000129c
000012b80000000000000000
0000129c0000000700000000
000012a00000000100001288
000012a40000000000000000
000012880000000500000001
0000128c0000000100001274
000012900000000000000000
0000127400000003000002e5
000012780000000100001260
0000127c0000000000000000
000012600000000800000001
00001264000000010000124c
000012680000000000000000
0000124c0000001400000000
000012500000000100001240
000012540000000000000000
000012400000000000000000
000012d80000000000000000
000012dc000000160000124c
000012e00000001d00000002
000012e40000000000000000
000012e80000001d00000001
000012ec0000000000000000
000012e40000000000000000
000012e80000001d00000000
000012ec0000000000000000
000012f000000001000012f4
000012f80000000a000012f4
000012fc0000000100001300
0000130c0000000b00001300
000013100000000100001314
000013200000000c00001314
000013240000000100001328
000013340000000d00001328
00001338000000010000133c
000013480000000e0000133c
0000134c0000000100001350
0000135c0000000f00001350
000013600000000100001364
000013700000001000001364
000013740000000100001378
000013840000001100001378
00001388000000010000138c
00001398000000120000138c
0000139c00000001000013a0
000013ac0000000900000000
000013b00000000000000000
000013a0000000143e1a23a0
000013a4000000010000138c
000013a80000000000000000
0000138c0000000000000000
000013900000000100001378
000013940000000000000000
000013780000000000000000
0000137c0000000100001364
000013800000000000000000
000013640000000200000011
000013680000000100001350
0000136c0000000000000000
000013500000001600000000
00001354000000010000133c
000013580000000000000000
0000133c00000017c6a76000
000013400000000100001328
000013440000000000000000
000013280000000700000000
0000132c0000000100001314
000013300000000000000000
0000131400000004ca000000
000013180000000100001300
0000131c0000000000000000
0000130000000016000f8688
0000130400000001000012f4
000013080000000000000000
000012f40000000000000000
000013b40000000100000000
000013b80000000000000000
000013c80000000a00000014
000013cc000000010000109f
000013d00000000800000000
000013d400000007dd0473d4
000013d80000000e00000000
000013dc0000000000000000
000013e00000000a00000001
000013e40000000d00000009
000013e800000001000013ec
000013f000000015b08063f0
000013f40000000000000000
000013ec0000000000000000
000013f800000005ffffffff
000013fc0000000000000000
000014000000000000000000
000014040000000300000000
000014080000000000000000
0000140c0000000b00000000
000014100000000100001414
000014180000000a00001414
0000141c0000000100001420
0000142c0000000b00001420
000014300000000100001434
000014400000000c00001434
000014440000000100001448
000014540000000d00001448
00001458000000010000145c
0000146800000016000027ff
0000146c0000000000000000
0000145c00000016000007ff
000014600000000100001448
000014640000000000000000
000014480000000500000000
0000144c0000000100001434
000014500000000000000000
000014340000000800000000
000014380000000100001420
0000143c0000000000000000
0000142000000008000011e4
000014240000000100001414
000014280000000000000000
000014140000000000000000
000014700000001d00000003
000014740000000000000000
000014780000001500000000
0000147c0000000000000000
000014800000001100000000
000014840000001d00000002
000014880000000000000000
000014740000000000000000
000014780000001500000000
0000147c0000000000000000
000014800000001100000000
000014840000001d00000001
000014880000000000000000
000014740000000000000000
000014780000001500000000
0000147c0000000000000000
000014800000001100000000
000014840000001d00000000
000014880000000000000000
0000148c0000001c00000004
000014900000001a00000000
000014940000001a00000000
000014980000001b00001498
0000149c0000001b00001498
000014a00000000000000000
000014a4000000190000013c
000014a80000000000000000
000014b40000001c00000003
000014b80000000000000000
000014900000001a00000001
000014940000001a00000008
000014980000001b00001498
0000149c0000001b000014a0
000014a00000000000000000
000014ac000000190000013f
000014b00000000000000000
000014b40000001c00000002
000014b80000000000000000
000014900000001a00000000
000014940000001a00000000
000014980000001b00001498
0000149c0000001b00001498
000014a00000000000000000
000014a40000001900000140
000014a80000000000000000
000014b40000001c00000001
000014b80000000000000000
000014900000001a00000001
000014940000001a00000008
000014980000001b00001498
0000149c0000001b000014a0
000014a00000000000000000
000014ac0000001900000143
000014b00000000000000000
000014b40000001c00000000
000014b80000000000000000
000014bc0000000000000000
000014c00000000edd0473dc
000014c40000000c0ffe0000
000014c80000000f00000001
000014cc0000000000000000
000014d00000000c00000001
000014d400000001ffffec9b
000014d80000000900000000
000014dc0000000ac6a763bf
000014e00000000000000000
000014e40000001400000000
000014e80000001400000001
000014ec0000000b61208000
000014f00000000e00002000
000014f40000000e0000139c
000014f800000003000007ff
000014fc00000012000006b7
000015000000000300000001
000015040000001c00000003
000015080000001a00000001
0000150c0000001a00000008
000015100000001b00001510
000015140000001b00001518
00001518000000010000151c
000015240000001900000146
000015280000000000000000
0000152c0000001c00000002
000015300000000000000000
000015080000001a00000000
0000150c0000001a00000000
000015100000001b00001510
000015140000001b00001510
00001518000000010000151c
0000151c0000001900000147
000015200000000000000000
0000152c0000001c00000001
000015300000000000000000
000015080000001a00000001
0000150c0000001a00000008
000015100000001b00001510
000015140000001b00001518
00001518000000010000151c
00001524000000190000014a
000015280000000000000000
0000152c0000001c00000000
000015300000000000000000
000015340000000000000000
000015380000000000000000
0000153c00000016ffffffff
000015400000000d00000000
000015440000001200000001
000015480000001700000002
0000154c0000001300000001
000015500000001700000000
000015540000000eba08e7a8
000015580000001c00000004
0000155c0000001a00000000
000015600000001a00000000
000015640000001b00001564
000015680000001b00001564
0000156c0000000000000000
00001570000000190000014b
000015740000000000000000
000015800000001c00000003
000015840000000000000000
0000155c0000001a00000001
000015600000001a00000008
000015640000001b00001564
000015680000001b0000156c
0000156c0000000000000000
00001578000000190000014e
0000157c0000000000000000
000015800000001c00000002
000015840000000000000000
0000155c0000001a00000000
000015600000001a00000000
000015640000001b00001564
000015680000001b00001564
0000156c0000000000000000
00001570000000190000014f
000015740000000000000000
000015800000001c00000001
000015840000000000000000
0000155c0000001a00000001
000015600000001a00000008
000015640000001b00001564
000015680000001b0000156c
0000156c0000000000000000
000015780000001900000152
0000157c0000000000000000
000015800000001c00000000
000015840000000000000000
0000158800000012c6a743bf
0000158c0000001c00000005
000015900000001a00000001
000015940000001a00000008
000015980000001b00001598
0000159c0000001b000015a0
000015a00000000000000000
000015ac0000001900000155
000015b00000000000000000
000015b40000001c00000004
000015b80000000000000000
000015900000001a00000000
000015940000001a00000000
000015980000001b00001598
0000159c0000001b00001598
000015a00000000000000000
000015a40000001900000156
000015a80000000000000000
000015b40000001c00000003
000015b80000000000000000
000015900000001a00000001
000015940000001a00000008
000015980000001b00001598
0000159c0000001b000015a0
000015a00000000000000000
000015ac0000001900000159
000015b00000000000000000
000015b40000001c00000002
000015b80000000000000000
000015900000001a00000000
000015940000001a00000000
000015980000001b00001598
0000159c0000001b00001598
000015a00000000000000000
000015a4000000190000015a
000015a80000000000000000
000015b40000001c00000001
000015b80000000000000000
000015900000001a00000001
000015940000001a00000008
000015980000001b00001598
0000159c0000001b000015a0
000015a00000000000000000
000015ac000000190000015d
000015b00000000000000000
000015b40000001c00000000
000015b80000000000000000
000015bc0000001700000001
000015c00000001600000000
000015c400000006dfed9000
000015c80000000000000000
000015cc0000000800001384
000015d000000005743bf000
000015d40000000600005680
000015d80000001c00000003
000015dc0000001a00000001
000015e00000001a00000008
000015e40000001b000015e4
000015e80000001b000015ec
000015ec0000000000000000
000015f80000001900000160
000015fc0000000000000000
000016000000001c00000002
000016040000000000000000
000015dc0000001a00000000
000015e00000001a00000000
000015e40000001b000015e4
000015e80000001b000015e4
000015ec0000000000000000
000015f00000001900000161
000015f40000000000000000
000016000000001c00000001
000016040000000000000000
000015dc0000001a00000001
000015e00000001a00000008
000015e40000001b000015e4
000015e80000001b000015ec
000015ec0000000000000000
000015f80000001900000164
000015fc0000000000000000
000016000000001c00000000
000016040000000000000000
000016080000000000000000
0000160c0000000300001384
00001610000000108bc40800
00001614000000097411cf50
000016180000000700001396
0000161c0000000b00000000
000016200000001d00000003
00001624000000031cea7000
000016280000000600000167
0000162c0000000400000000
000016300000001d00000002
000016340000000000000000
00001624000000031cea7000
000016280000000600000166
0000162c0000000400000000
000016300000001d00000001
000016340000000000000000
00001624000000031cea7000
000016280000000600000165
0000162c0000000400000000
000016300000001d00000000
000016340000000000000000
000016380000001600000000
0000163c0000000900000000
000016400000000600000001
000016440000000000000000
000016480000000200000001
0000164c000000090151c000
0000165000000004743bf000
000016540000000b00000000
000016580000001c00000004
0000165c0000001a00000000
000016600000001a00000000
000016640000001b00001664
000016680000001b00001664
0000166c0000000000000000
000016700000001900000165
000016740000000000000000
000016800000001c00000003
000016840000000000000000
0000165c0000001a00000001
000016600000001a00000008
000016640000001b00001664
000016680000001b0000166c
0000166c0000000000000000
000016780000001900000168
0000167c0000000000000000
000016800000001c00000002
000016840000000000000000
0000165c0000001a00000000
000016600000001a00000000
000016640000001b00001664
000016680000001b00001664
0000166c0000000000000000
000016700000001900000169
000016740000000000000000
000016800000001c00000001
000016840000000000000000
0000165c0000001a00000001
000016600000001a00000008
000016640000001b00001664
000016680000001b0000166c
0000166c0000000000000000
00001678000000190000016c
0000167c0000000000000000
000016800000001c00000000
000016840000000000000000
000016880000001c00000004
0000168c0000001a00000000
000016900000001a00000000
000016940000001b00001694
000016980000001b00001694
0000169c0000000000000000
000016a0000000190000016d
000016a40000000000000000
000016b00000001c00000003
000016b40000000000000000
0000168c0000001a00000001
000016900000001a00000008
000016940000001b00001694
000016980000001b0000169c
0000169c0000000000000000
000016a80000001900000170
000016ac0000000000000000
000016b00000001c00000002
000016b40000000000000000
0000168c0000001a00000000
000016900000001a00000000
000016940000001b00001694
000016980000001b00001694
0000169c0000000000000000
000016a00000001900000171
000016a40000000000000000
000016b00000001c00000001
000016b40000000000000000
0000168c0000001a00000001
000016900000001a00000008
000016940000001b00001694
000016980000001b0000169c
0000169c0000000000000000
000016a80000001900000174
000016ac0000000000000000
000016b00000001c00000000
000016b40000000000000000
000016b80000000e00000000
000016bc00000011c52a56bc
000016c00000000700000000
000016c40000001d00000004
000016c80000000000000000
000016cc0000000c00000000
000016d00000001000003384
000016d400000002fffffbb0
000016d80000001d00000003
000016dc0000000000000000
000016c80000000000000000
000016cc0000000c00000000
000016d00000001000003384
000016d400000002fffffbb7
000016d80000001d00000002
000016dc0000000000000000
000016c80000000000000000
000016cc0000000c00000000
000016d00000001000003384
000016d400000002fffffbb6
000016d80000001d00000001
000016dc0000000000000000
000016c80000000000000000
000016cc0000000c00000000
000016d00000001000003384
000016d400000002fffffbb5
000016d80000001d00000000
000016dc0000000000000000
000016e00000001d00000004
000016e40000000800000000
000016e80000001600000000
000016ec0000001d00000003
000016f00000000000000000
000016e40000000800000000
000016e80000001600000000
000016ec0000001d00000002
000016f00000000000000000
000016e40000000800000000
000016e80000001600000000
000016ec0000001d00000001
000016f00000000000000000
000016e40000000800000000
000016e80000001600000000
000016ec0000001d00000000
000016f00000000000000000
000016f40000001000000000
000016f80000000700000000
000016fc0000000000000000
000017000000000000000000
0000170c0000001139589c41
0000171000000008ad1e3000
000017140000000000000000
000017180000000a000007ff
0000171c0000000c00000000
000017200000001d00000003
000017240000000000000000
0000172800000007fffffac1
0000172c0000001d00000002
000017300000000000000000
000017240000000000000000
0000172800000007fffffac1
0000172c0000001d00000001
000017300000000000000000
000017240000000000000000
0000172800000007fffffac1
0000172c0000001d00000000
000017300000000000000000
0000173400000012000017ff
000017380000000000000000
0000174c0000000900000000
000017500000000700000000
000017540000001d00000002
000017580000001600000008
0000175c0000000d000017ff
000017600000001700000000
000017640000000300000000
000017680000001d00000001
0000176c0000000000000000
000017580000001600000008
0000175c0000000d000017ff
000017600000001700000000
000017640000000300000000
000017680000001d00000000
0000176c0000000000000000
000017700000001800000000
000017740000000000000000
0000177c0000000000000000
