000000000000001f00002000
000000040000001e00002000
000000080000001e00002200
0000000c00000001cb185000
0000001000000001cb1855fe
000000140000000292e5e000
000000180000000292e5dfe8
0000001c00000003d26b9000
0000002000000003d26b9496
000000240000000414a03000
000000280000000414a03569
0000002c000000057c2b4000
00000030000000057c2b3abe
0000003400000006c320a000
0000003800000006c320a473
0000003c0000000742f9a000
000000400000000742f9a039
0000004400000008096d3000
0000004800000008096d3737
0000004c00000009001da000
0000005000000009001d9a88
000000540000000a2544a000
000000580000000a254499c7
0000005c0000000ba9ae8000
000000600000000ba9ae7a34
000000640000000c9623d000
000000680000000c9623d7cf
0000006c0000000d78629000
000000700000000d78629522
000000740000000ef72c3000
000000780000000ef72c2c26
0000007c0000000fc27db000
000000800000000fc27db4ec
0000008400000010bc1e4000
0000008800000010bc1e3ac1
0000008c000000115f877000
00000090000000115f877031
000000940000001251c34000
000000980000001251c34250
0000009c00000013c527e000
000000a000000013c527e279
000000a400000014059a9000
000000a800000014059a91e1
000000ac0000001545cf9000
000000b00000001545cf8aa4
000000b4000000167d24b000
000000b8000000167d24b396
000000bc00000017cd4a5000
000000c000000017cd4a5557
000000c40000001800000002
000000c80000000ec320a473
000000cc0000000300000000
000000d00000000700000000
000000d40000001c00000003
000000d80000001a00000001
000000dc0000001a00000008
000000e00000001b000000e0
000000e40000001b000000e8
000000e80000000000000000
000000f40000001900000003
000000f80000000000000000
000000fc0000001c00000002
000001000000000000000000
000000d80000001a00000000
000000dc0000001a00000000
000000e00000001b000000e0
000000e40000001b000000e0
000000e80000000000000000
000000ec0000001900000004
000000f00000000000000000
000000fc0000001c00000001
000001000000000000000000
000000d80000001a00000001
000000dc0000001a00000008
000000e00000001b000000e0
000000e40000001b000000e8
000000e80000000000000000
000000f40000001900000007
000000f80000000000000000
000000fc0000001c00000000
000001000000000000000000
000001040000000000000000
000001080000001300000001
0000010c00000016fffff831
0000011000000007045df110
000001140000000000000000
000001180000000d51c34000
0000011c0000000000000000
000001200000000f00000002
000001240000001c00000003
000001280000001a00000001
0000012c0000001a00000008
000001300000001b00000130
000001340000001b00000138
000001380000000000000000
00000144000000190000000a
000001480000000000000000
0000014c0000001c00000002
000001500000000000000000
000001280000001a00000000
0000012c0000001a00000000
000001300000001b00000130
000001340000001b00000130
000001380000000000000000
0000013c000000190000000b
000001400000000000000000
0000014c0000001c00000001
000001500000000000000000
000001280000001a00000001
0000012c0000001a00000008
000001300000001b00000130
000001340000001b00000138
000001380000000000000000
00000144000000190000000e
000001480000000000000000
0000014c0000001c00000000
000001500000000000000000
000001540000001d00000005
000001580000000f00000000
0000015c0000000984025547
000001600000000000000000
000001640000001d00000004
000001680000000000000000
000001580000000f00000000
0000015c0000000984025547
000001600000000000000000
000001640000001d00000003
000001680000000000000000
000001580000000f00000000
0000015c0000000984025547
000001600000000000000000
000001640000001d00000002
000001680000000000000000
000001580000000f00000000
0000015c0000000984025547
000001600000000000000000
000001640000001d00000001
000001680000000000000000
000001580000000f00000000
0000015c0000000984025547
000001600000000000000000
000001640000001d00000000
000001680000000000000000
0000016c0000000d00002000
000001700000000000000000
000001840000000500000000
000001880000000000000000
000001900000000900000000
000001940000000f00000000
000001980000000000000000
0000019c0000000200000000
000001a00000000c00000000
000001a400000002ef7e04d8
000001a80000001d00000002
000001ac0000001700000000
000001b00000000f00000010
000001b40000001d00000001
000001b80000000000000000
000001ac0000001700000000
000001b00000000f00000010
000001b40000001d00000000
000001b80000000000000000
000001bc0000001700000000
000001c00000000d00000001
000001c40000000b91a461c4
000001c80000000b00000000
000001cc0000000000000000
000001dc00000001000001e0
000001e40000000a000001e0
000001e800000001000001ec
000001f80000000b000001ec
000001fc0000000100000200
0000020c0000000c00000200
000002100000000100000214
000002200000000d00000214
000002240000000100000228
000002340000001500000000
000002380000000000000000
000002280000001700000001
0000022c0000000100000214
000002300000000000000000
0000021400000017000009eb
000002180000000100000200
0000021c0000000000000000
0000020000000002000001e0
0000020400000001000001ec
000002080000000000000000
000001ec00000003dd3db000
000001f000000001000001e0
000001f40000000000000000
000001e00000000000000000
0000023c0000000000000000
0000024c0000000000000000
000002500000000a1acf5000
000002540000001c00000005
000002580000001a00000001
0000025c0000001a00000008
000002600000001b00000260
000002640000001b00000268
000002680000000000000000
000002740000001900000011
000002780000000000000000
0000027c0000001c00000004
000002800000000000000000
000002580000001a00000000
0000025c0000001a00000000
000002600000001b00000260
000002640000001b00000260
000002680000000000000000
0000026c0000001900000012
000002700000000000000000
0000027c0000001c00000003
000002800000000000000000
000002580000001a00000001
0000025c0000001a00000008
000002600000001b00000260
000002640000001b00000268
000002680000000000000000
000002740000001900000015
000002780000000000000000
0000027c0000001c00000002
000002800000000000000000
000002580000001a00000000
0000025c0000001a00000000
000002600000001b00000260
000002640000001b00000260
000002680000000000000000
0000026c0000001900000016
000002700000000000000000
0000027c0000001c00000001
000002800000000000000000
000002580000001a00000001
0000025c0000001a00000008
000002600000001b00000260
000002640000001b00000268
000002680000000000000000
000002740000001900000019
000002780000000000000000
0000027c0000001c00000000
000002800000000000000000
000002840000001100000017
0000028800000013000000f1
0000028c0000001000000000
000002900000000b0000096d
000002940000001d00000002
000002980000000000000000
0000029c0000000000000000
000002a00000001d00000001
000002a40000000000000000
000002980000000000000000
0000029c0000000000000000
000002a00000001d00000000
000002a40000000000000000
000002a80000000200000000
000002ac0000000b00000000
000002b00000000500000000
000002b40000000000000000
000002b800000015059a91e1
000002bc00000001000002c0
000002c40000000a000002c0
000002c800000001000002cc
000002d80000000700000000
000002dc0000000000000000
000002cc00000008dbe4d000
000002d000000001000002c0
000002d40000000000000000
000002c00000000000000000
000002e00000001d00000004
000002e40000000000000000
000002e80000001d00000003
000002ec0000000000000000
000002e40000000000000000
000002e80000001d00000002
000002ec0000000000000000
000002e40000000000000000
000002e80000001d00000001
000002ec0000000000000000
000002e40000000000000000
000002e80000001d00000000
000002ec0000000000000000
000002f000000004fd3472f0
000002f40000000000000000
000002f80000000bfffff831
000002fc0000001700000001
000003000000000600000001
000003040000000700000017
000003080000000000000000
000003180000000200000000
0000031c0000001d00000002
000003200000000000000000
000003240000001d00000001
000003280000000000000000
000003200000000000000000
000003240000001d00000000
000003280000000000000000
0000032c0000000000000000
000003340000000afffc1880
000003380000001000000000
0000033c0000000a00000001
000003400000000100320000
000003440000001d00000006
0000034800000005984d7348
0000034c0000000b00000008
000003500000001d00000005
000003540000000000000000
0000034800000005984d7348
0000034c0000000b00000008
000003500000001d00000004
000003540000000000000000
0000034800000005984d7348
0000034c0000000b00000008
000003500000001d00000003
000003540000000000000000
0000034800000005984d7348
0000034c0000000b00000008
000003500000001d00000002
000003540000000000000000
0000034800000005984d7348
0000034c0000000b00000008
000003500000001d00000001
000003540000000000000000
0000034800000005984d7348
0000034c0000000b00000008
000003500000001d00000000
000003540000000000000000
000003580000000600000000
0000035c0000000f00000000
000003600000000000000000
000003640000000c00000000
000003680000001000000001
0000036c0000000f059a9061
000003700000001000000000
0000037400000012fa68e5e0
000003780000001500000000
0000037c0000000000000000
0000038400000002ffffffff
00000388000000071acf5000
0000038c0000000700000000
0000039000000017e7227000
0000039400000011000007ff
00000398000000030000000d
0000039c0000001400000155
000003a00000000000000000
000003ac0000000700000000
000003b000000001000003b4
000003b80000000a000003b4
000003bc00000001000003c0
000003cc0000000b000003c0
000003d000000001000003d4
000003e00000000c000003d4
000003e400000001000003e8
000003f40000000d000003e8
000003f800000001000003fc
000004080000000e000003fc
0000040c0000000100000410
0000041c0000000f00000410
000004200000000100000424
000004300000001000000424
000004340000000100000438
000004440000001100000438
00000448000000010000044c
00000458000000120000044c
0000045c0000000100000460
0000046c00000015fffff830
000004700000000000000000
000004600000000687897000
00000464000000010000044c
000004680000000000000000
0000044c00000007dbe4c800
000004500000000100000438
000004540000000000000000
000004380000000603400000
0000043c0000000100000424
000004400000000000000000
0000042400000003000003fd
000004280000000100000410
0000042c0000000000000000
000004100000001600000000
0000041400000001000003fc
000004180000000000000000
000003fc000000079ae303fc
0000040000000001000003e8
000004040000000000000000
000003e80000000700000000
000003ec00000001000003d4
000003f00000000000000000
000003d40000000000000000
000003d800000001000003c0
000003dc0000000000000000
000003c00000001400000000
000003c400000001000003b4
000003c80000000000000000
000003b40000000000000000
000004740000000000000000
000004800000001400000000
0000048400000005fffffc03
000004880000000000000000
0000048c0000001c00000005
000004900000001a00000001
000004940000001a00000008
000004980000001b00000498
0000049c0000001b000004a0
000004a00000000000000000
000004ac000000190000001c
000004b00000000000000000
000004b40000001c00000004
000004b80000000000000000
000004900000001a00000000
000004940000001a00000000
000004980000001b00000498
0000049c0000001b00000498
000004a00000000000000000
000004a4000000190000001d
000004a80000000000000000
000004b40000001c00000003
000004b80000000000000000
000004900000001a00000001
000004940000001a00000008
000004980000001b00000498
0000049c0000001b000004a0
000004a00000000000000000
000004ac0000001900000020
000004b00000000000000000
000004b40000001c00000002
000004b80000000000000000
000004900000001a00000000
000004940000001a00000000
000004980000001b00000498
0000049c0000001b00000498
000004a00000000000000000
000004a40000001900000021
000004a80000000000000000
000004b40000001c00000001
000004b80000000000000000
000004900000001a00000001
000004940000001a00000008
000004980000001b00000498
0000049c0000001b000004a0
000004a00000000000000000
000004ac0000001900000024
000004b00000000000000000
000004b40000001c00000000
000004b80000000000000000
000004bc0000000300000020
000004c000000014003c0000
000004c40000001600000000
000004c80000001c00000003
000004cc0000001a00000001
000004d00000001a00000008
000004d40000001b000004d4
000004d80000001b000004dc
000004dc00000001000004e0
000004e80000001900000027
000004ec0000000000000000
000004f00000001c00000002
000004f40000000000000000
000004cc0000001a00000000
000004d00000001a00000000
000004d40000001b000004d4
000004d80000001b000004d4
000004dc00000001000004e0
000004e00000001900000028
000004e40000000000000000
000004f00000001c00000001
000004f40000000000000000
000004cc0000001a00000001
000004d00000001a00000008
000004d40000001b000004d4
000004d80000001b000004dc
000004dc00000001000004e0
000004e8000000190000002b
000004ec0000000000000000
000004f00000001c00000000
000004f40000000000000000
000004f80000000f00000000
000004fc0000000000000000
0000050c0000001d00000005
000005100000000c00000000
000005140000000700000000
000005180000000400000000
0000051c0000000100000001
0000052000000008034007ff
000005240000001d00000004
000005280000000000000000
000005100000000c00000000
000005140000000700000000
000005180000000400000000
0000051c0000000100000001
0000052000000008034007ff
000005240000001d00000003
000005280000000000000000
000005100000000c00000000
000005140000000700000000
000005180000000400000000
0000051c0000000100000001
0000052000000008034007ff
000005240000001d00000002
000005280000000000000000
000005100000000c00000000
000005140000000700000000
000005180000000400000000
0000051c0000000100000001
0000052000000008034007ff
000005240000001d00000001
000005280000000000000000
000005100000000c00000000
000005140000000700000000
000005180000000400000000
0000051c0000000100000001
0000052000000008034007ff
000005240000001d00000000
000005280000000000000000
0000052c0000000100000000
000005300000000d000000f0
0000053400000007000000f1
000005380000001d00000002
0000053c0000000400000000
000005400000000400000000
000005440000000800000000
000005480000001d00000001
0000054c0000000000000000
0000053c0000000400000000
000005400000000400000000
000005440000000800000000
000005480000001d00000000
0000054c0000000000000000
000005500000000f00000020
000005540000000000000000
000005580000000000000000
0000055c0000000000000000
000005600000000400000001
000005640000001300000020
000005680000001d00000004
0000056c0000000200000000
000005700000001711573570
000005740000000e00000000
000005780000000200000000
0000057c0000000000000000
000005800000000400000000
000005840000001d00000003
000005880000000000000000
0000056c0000000200000000
000005700000001711573570
000005740000000e00000000
000005780000000200000000
0000057c0000000000000000
000005800000000400000000
000005840000001d00000002
000005880000000000000000
0000056c0000000200000000
000005700000001711573570
000005740000000e00000000
000005780000000200000000
0000057c0000000000000000
000005800000000400000000
000005840000001d00000001
000005880000000000000000
0000056c0000000200000000
000005700000001711573570
000005740000000e00000000
000005780000000200000000
0000057c0000000000000000
000005800000000400000000
000005840000001d00000000
000005880000000000000000
0000058c0000001d00000004
0000059000000008fcfc0000
000005940000000301e20000
000005980000000d000007ff
0000059c0000001500000000
000005a000000004ffffffff
000005a40000000300000438
000005a80000001d00000003
000005ac0000000000000000
0000059000000008fcfc0000
000005940000000301e20000
000005980000000dfffff800
0000059c0000001500000000
000005a000000004ffffffff
000005a40000000300000438
000005a80000001d00000002
000005ac0000000000000000
0000059000000008fcfc0000
000005940000000301e20000
000005980000000dfffff800
0000059c0000001500000000
000005a000000004ffffffff
000005a40000000300000438
000005a80000001d00000001
000005ac0000000000000000
0000059000000008fcfc0000
000005940000000301e20000
000005980000000dfffff800
0000059c0000001500000000
000005a000000004ffffffff
000005a40000000300000438
000005a80000001d00000000
000005ac0000000000000000
000005b00000001d00000005
000005b40000000cffffff0e
000005b80000000e000003c0
000005bc00000001fffffcdc
000005c00000001d00000004
000005c40000000000000000
000005b40000000cffffff0e
000005b80000000effffff1c
000005bc00000001fffffcdc
000005c00000001d00000003
000005c40000000000000000
000005b40000000cffffff0e
000005b80000000effffff1c
000005bc00000001fffffcdc
000005c00000001d00000002
000005c40000000000000000
000005b40000000cffffff0e
000005b80000000effffff1c
000005bc00000001fffffcdc
000005c00000001d00000001
000005c40000000000000000
000005b40000000cffffff0e
000005b80000000effffff1c
000005bc00000001fffffcdc
000005c00000001d00000000
000005c40000000000000000
000005c800000001000004dc
000005cc00000007000000d0
000005d00000000000000000
000005dc0000001c00000004
000005e00000001a00000000
000005e40000001a00000000
000005e80000001b000005e8
000005ec0000001b000005e8
000005f00000000000000000
000005f4000000190000002c
000005f80000000000000000
000006040000001c00000003
000006080000000000000000
000005e00000001a00000001
000005e40000001a00000008
000005e80000001b000005e8
000005ec0000001b000005f0
000005f00000000000000000
000005fc000000190000002f
000006000000000000000000
000006040000001c00000002
000006080000000000000000
000005e00000001a00000000
000005e40000001a00000000
000005e80000001b000005e8
000005ec0000001b000005e8
000005f00000000000000000
000005f40000001900000030
000005f80000000000000000
000006040000001c00000001
000006080000000000000000
000005e00000001a00000001
000005e40000001a00000008
000005e80000001b000005e8
000005ec0000001b000005f0
000005f00000000000000000
000005fc0000001900000033
000006000000000000000000
000006040000001c00000000
000006080000000000000000
0000060c0000001500000001
000006100000001c00000005
000006140000001a00000001
000006180000001a00000008
0000061c0000001b0000061c
000006200000001b00000624
000006240000000000000000
000006300000001900000036
000006340000000000000000
000006380000001c00000004
0000063c0000000000000000
000006140000001a00000000
000006180000001a00000000
0000061c0000001b0000061c
000006200000001b0000061c
000006240000000000000000
000006280000001900000037
0000062c0000000000000000
000006380000001c00000003
0000063c0000000000000000
000006140000001a00000001
000006180000001a00000008
0000061c0000001b0000061c
000006200000001b00000624
000006240000000000000000
00000630000000190000003a
000006340000000000000000
000006380000001c00000002
0000063c0000000000000000
000006140000001a00000000
000006180000001a00000000
0000061c0000001b0000061c
000006200000001b0000061c
000006240000000000000000
00000628000000190000003b
0000062c0000000000000000
000006380000001c00000001
0000063c0000000000000000
000006140000001a00000001
000006180000001a00000008
0000061c0000001b0000061c
000006200000001b00000624
000006240000000000000000
00000630000000190000003e
000006340000000000000000
000006380000001c00000000
0000063c0000000000000000
000006400000001400000000
000006440000000f00000000
00000648000000010000064c
000006500000000a0000064c
000006540000000100000658
000006640000000b00000658
00000668000000010000066c
000006780000000c0000066c
0000067c0000000100000680
0000068c0000000d00000680
000006900000000100000694
000006a00000000e00000694
000006a400000001000006a8
000006b40000000f000006a8
000006b800000001000006bc
000006c80000000000000000
000006cc0000000000000000
000006bc0000000000000000
000006c000000001000006a8
000006c40000000000000000
000006a80000000300000000
000006ac0000000100000694
000006b00000000000000000
000006940000000300000002
000006980000000100000680
0000069c0000000000000000
000006800000000000000000
00000684000000010000066c
000006880000000000000000
0000066c000000095579c000
000006700000000100000658
000006740000000000000000
000006580000000700000000
0000065c000000010000064c
000006600000000000000000
0000064c0000000000000000
000006d00000000100000001
000006d40000000000000000
000006d80000000500000000
000006dc0000000600000001
000006e00000001200000000
000006e40000000000000000
000006e8000000101f901000
000006ec00000001000006f0
000006f40000000a000006f0
000006f800000001000006fc
000007080000000b000006fc
0000070c0000000100000710
0000071c0000000c00000710
000007200000000100000724
000007300000000d00000724
000007340000000100000738
000007440000000800002208
000007480000000000000000
000007380000000000000000
0000073c0000000100000724
000007400000000000000000
000007240000000200000000
000007280000000100000710
0000072c0000000000000000
000007100000000800000710
0000071400000001000006fc
000007180000000000000000
000006fc00000007fffff800
0000070000000001000006f0
000007040000000000000000
000006f00000000000000000
0000074c0000001700000000
000007500000000500002924
000007540000000000000000
000007580000000000000000
000007680000000900000000
0000076c0000000f00000726
000007700000000d000007b4
000007740000000a00000001
000007780000000d73064000
0000077c0000000100000780
000007840000000a00000780
00000788000000010000078c
000007980000000400000000
0000079c0000000000000000
0000078c0000000000000000
000007900000000100000780
000007940000000000000000
000007800000000000000000
000007a00000000c00000000
000007a40000000c00000000
000007a80000001500000001
000007ac0000000200000008
000007b00000000f00000320
000007b40000001d00000004
000007b80000001700000000
000007bc0000000a00000001
000007c00000001300000000
000007c40000000200000118
000007c80000000f00000320
000007cc0000001400000000
000007d00000001d00000003
000007d40000000000000000
000007b80000001700000000
000007bc0000000a00000001
000007c00000001300000000
000007c40000000200000118
000007c80000000f00000320
000007cc0000001400000000
000007d00000001d00000002
000007d40000000000000000
000007b80000001700000000
000007bc0000000a00000001
000007c00000001300000000
000007c40000000200000118
000007c80000000f00000320
000007cc0000001400000000
000007d00000001d00000001
000007d40000000000000000
000007b80000001700000000
000007bc0000000a00000001
000007c00000001300000000
000007c40000000200000118
000007c80000000f00000320
000007cc0000001400000000
000007d00000001d00000000
000007d40000000000000000
000007d800000017fffff800
000007dc0000001c00000004
000007e00000001a00000000
000007e40000001a00000000
000007e80000001b000007e8
000007ec0000001b000007e8
000007f00000000000000000
000007f4000000190000003f
000007f80000000000000000
000008040000001c00000003
000008080000000000000000
000007e00000001a00000001
000007e40000001a00000008
000007e80000001b000007e8
000007ec0000001b000007f0
000007f00000000000000000
000007fc0000001900000042
000008000000000000000000
000008040000001c00000002
000008080000000000000000
000007e00000001a00000000
000007e40000001a00000000
000007e80000001b000007e8
000007ec0000001b000007e8
000007f00000000000000000
000007f40000001900000043
000007f80000000000000000
000008040000001c00000001
000008080000000000000000
000007e00000001a00000001
000007e40000001a00000008
000007e80000001b000007e8
000007ec0000001b000007f0
000007f00000000000000000
000007fc0000001900000046
000008000000000000000000
000008040000001c00000000
000008080000000000000000
0000080c0000000480ee2000
000008100000000300000001
000008140000001d00000006
000008180000000000000000
0000081c0000001600000001
000008200000000600000001
000008240000000b00000000
000008280000001d00000005
0000082c0000000000000000
000008180000000000000000
0000081c0000001600000001
000008200000000600000001
000008240000000b00000000
000008280000001d00000004
0000082c0000000000000000
000008180000000000000000
0000081c0000001600000001
000008200000000600000001
000008240000000b00000000
000008280000001d00000003
0000082c0000000000000000
000008180000000000000000
0000081c0000001600000001
000008200000000600000001
000008240000000b00000000
000008280000001d00000002
0000082c0000000000000000
000008180000000000000000
0000081c0000001600000001
000008200000000600000001
000008240000000b00000000
000008280000001d00000001
0000082c0000000000000000
000008180000000000000000
0000081c0000001600000001
000008200000000600000001
000008240000000b00000000
000008280000001d00000000
0000082c0000000000000000
000008300000000000000000
000008340000000a56b57000
000008380000001300000000
0000083c00000001fffff96a
000008400000000deaf50000
000008440000000b00000000
000008480000000000000000
0000084c0000000334bbb84c
000008500000001d00000002
000008540000001500000000
000008580000000900000000
0000085c0000000e00000000
000008600000000956b57000
000008640000001d00000001
000008680000000000000000
000008540000001500000000
000008580000000900000000
0000085c0000000e00000000
000008600000000956b57000
000008640000001d00000000
000008680000000000000000
0000086c00000010ffffd94e
000008700000000900000000
000008740000000a00000005
0000087800000004000003a7
0000087c0000000300000000
000008800000001600000004
000008840000000600000000
000008880000000220000000
0000088c0000000b440ad000
000008900000001400000005
000008940000000000000000
000008980000001500000000
0000089c0000001600000000
000008a00000001d00000002
000008a400000004bbf53000
000008a80000000b00000000
000008ac0000001300000000
000008b00000000500000001
000008b40000001d00000001
000008b80000000000000000
000008a40000000400000000
000008a80000000b00000000
000008ac0000001300000000
000008b00000000500000001
000008b40000001d00000000
000008b80000000000000000
000008bc0000000000000000
000008c80000000600000000
000008cc000000155966e8cc
000008d00000000500000046
000008d40000001600000001
000008d800000004ffffff10
000008dc0000000000000000
000008e00000000a1a23d000
000008e40000000400002000
000008e80000000000000000
000008ec0000000700000001
000008f00000000300000000
000008f40000000300000005
000008f80000000000000000
000008fc0000000a00000001
000009000000001100000000
000009040000000800000000
000009080000000000000000
0000090c0000000e09e59000
000009100000001c00000003
000009140000001a00000001
000009180000001a00000008
0000091c0000001b0000091c
000009200000001b00000924
000009240000000100000928
000009300000001900000049
000009340000000000000000
000009380000001c00000002
0000093c0000000000000000
000009140000001a00000000
000009180000001a00000000
0000091c0000001b0000091c
000009200000001b0000091c
000009240000000100000928
00000928000000190000004a
0000092c0000000000000000
000009380000001c00000001
0000093c0000000000000000
000009140000001a00000001
000009180000001a00000008
0000091c0000001b0000091c
000009200000001b00000924
000009240000000100000928
00000930000000190000004d
000009340000000000000000
000009380000001c00000000
0000093c0000000000000000
0000094000000006b1ff4000
0000094400000002000007ff
000009480000001c00000004
0000094c0000001a00000000
000009500000001a00000000
000009540000001b00000954
000009580000001b00000954
0000095c0000000000000000
00000960000000190000004e
000009640000000000000000
000009700000001c00000003
000009740000000000000000
0000094c0000001a00000001
000009500000001a00000008
000009540000001b00000954
000009580000001b0000095c
0000095c0000000000000000
000009680000001900000051
0000096c0000000000000000
000009700000001c00000002
000009740000000000000000
0000094c0000001a00000000
000009500000001a00000000
000009540000001b00000954
000009580000001b00000954
0000095c0000000000000000
000009600000001900000052
000009640000000000000000
000009700000001c00000001
000009740000000000000000
0000094c0000001a00000001
000009500000001a00000008
000009540000001b00000954
000009580000001b0000095c
0000095c0000000000000000
000009680000001900000055
0000096c0000000000000000
000009700000001c00000000
000009740000000000000000
000009780000000000000000
0000097c0000001600000000
000009800000000509e5995c
000009840000000b00000000
000009880000000000000000
0000098c0000001600000000
00000990000000080000031b
000009940000001c00000005
000009980000001a00000001
0000099c0000001a00000008
000009a00000001b000009a0
000009a40000001b000009a8
000009a80000000000000000
000009b40000001900000058
000009b80000000000000000
000009bc0000001c00000004
000009c00000000000000000
000009980000001a00000000
0000099c0000001a00000000
000009a00000001b000009a0
000009a40000001b000009a0
000009a80000000000000000
000009ac0000001900000059
000009b00000000000000000
000009bc0000001c00000003
000009c00000000000000000
000009980000001a00000001
0000099c0000001a00000008
000009a00000001b000009a0
000009a40000001b000009a8
000009a80000000000000000
000009b4000000190000005c
000009b80000000000000000
000009bc0000001c00000002
000009c00000000000000000
000009980000001a00000000
0000099c0000001a00000000
000009a00000001b000009a0
000009a40000001b000009a0
000009a80000000000000000
000009ac000000190000005d
000009b00000000000000000
000009bc0000001c00000001
000009c00000000000000000
000009980000001a00000001
0000099c0000001a00000008
000009a00000001b000009a0
000009a40000001b000009a8
000009a80000000000000000
000009b40000001900000060
000009b80000000000000000
000009bc0000001c00000000
000009c00000000000000000
000009c40000000000000000
000009d80000000700000000
000009dc0000001600000320
000009e00000000700000001
000009e40000001000000000
000009e8000000090000000a
000009ec000000130000044f
000009f00000000000000000
00000a0400000003b1ff4000
00000a080000000100000a0c
00000a100000000a00000a0c
00000a140000000100000a18
00000a240000000b00000a18
00000a280000000100000a2c
00000a380000000c00000a2c
00000a3c0000000100000a40
00000a4c0000000d00000a40
00000a500000000100000a54
00000a600000000e00000a54
00000a640000000100000a68
00000a740000000f00000a68
00000a780000000100000a7c
00000a880000001000000a7c
00000a8c0000000100000a90
00000a9c0000001100000a90
00000aa00000000100000aa4
00000ab00000001200000aa4
00000ab40000000100000ab8
00000ac40000000500000000
00000ac80000000000000000
00000ab80000001400000000
00000abc0000000100000aa4
00000ac00000000000000000
00000aa40000000000000000
00000aa80000000100000a90
00000aac0000000000000000
00000a9000000006fffff800
00000a940000000100000a7c
00000a980000000000000000
00000a7c0000000000000000
00000a800000000100000a68
00000a840000000000000000
00000a6800000003c164ca68
00000a6c0000000100000a54
00000a700000000000000000
00000a540000000900000000
00000a580000000100000a40
00000a5c0000000000000000
00000a4000000014fffffb6a
00000a440000000100000a2c
00000a480000000000000000
00000a2c0000001400000000
00000a300000000100000a18
00000a340000000000000000
00000a18000000140000031a
00000a1c0000000100000a0c
00000a200000000000000000
00000a0c0000000000000000
00000acc00000005dd867000
00000ad00000000000000000
00000ad40000000000000000
00000ad80000000600000000
00000adc0000001c00000003
00000ae00000001a00000001
00000ae40000001a00000008
00000ae80000001b00000ae8
00000aec0000001b00000af0
00000af00000000100000af4
00000afc0000001900000063
00000b000000000000000000
00000b040000001c00000002
00000b080000000000000000
00000ae00000001a00000000
00000ae40000001a00000000
00000ae80000001b00000ae8
00000aec0000001b00000ae8
00000af00000000100000af4
00000af40000001900000064
00000af80000000000000000
00000b040000001c00000001
00000b080000000000000000
00000ae00000001a00000001
00000ae40000001a00000008
00000ae80000001b00000ae8
00000aec0000001b00000af0
00000af00000000100000af4
00000afc0000001900000067
00000b000000000000000000
00000b040000001c00000000
00000b080000000000000000
00000b0c0000001100000000
00000b10000000145966e8cc
00000b140000000900000000
00000b180000000100000b1c
00000b200000000a00000b1c
00000b240000000100000b28
00000b340000000b00000b28
00000b380000000100000b3c
00000b480000000c00000b3c
00000b4c0000000100000b50
00000b5c0000000d00000b50
00000b600000000100000b64
00000b700000000e00000b64
00000b740000000100000b78
00000b840000000f00000b78
00000b880000000100000b8c
00000b980000000000000000
00000b9c0000000000000000
00000b8c0000000300000000
00000b900000000100000b78
00000b940000000000000000
00000b780000000400000000
00000b7c0000000100000b64
00000b800000000000000000
00000b6400000003ffffffff
00000b680000000100000b50
00000b6c0000000000000000
00000b500000001700000000
00000b540000000100000b3c
00000b580000000000000000
00000b3c0000000000000000
00000b400000000100000b28
00000b440000000000000000
00000b280000000500000000
00000b2c0000000100000b1c
00000b300000000000000000
00000b1c0000000000000000
00000ba00000000000000000
00000ba40000000400000000
00000ba80000000600000000
00000bac0000000500000b1d
00000bb00000000500000001
00000bb40000000d00000000
00000bb80000000e00000af1
00000bbc0000000000000000
00000bc00000000900000000
00000bc400000011a1f89000
00000bc80000000000000000
00000bcc0000001d00000004
00000bd00000000a00000000
00000bd40000001d00000003
00000bd80000000000000000
00000bd00000000a00000000
00000bd40000001d00000002
00000bd80000000000000000
00000bd00000000a00000000
00000bd40000001d00000001
00000bd80000000000000000
00000bd00000000a00000000
00000bd40000001d00000000
00000bd80000000000000000
00000bdc0000001200000000
00000be00000000b00000af0
00000be40000001400000000
00000be80000000000000000
00000bfc000000070000032a
00000c000000000300000001
00000c040000000300000000
00000c080000001d00000005
00000c0c0000000000000000
00000c1000000017000002b9
00000c1400000011002b9000
00000c180000000800000000
00000c1c0000000c00000000
00000c200000000e00000000
00000c240000001d00000004
00000c280000000000000000
00000c0c0000000000000000
00000c1000000017000002b9
00000c1400000011002b9000
00000c180000000800000001
00000c1c0000000c00000000
00000c200000000e00000000
00000c240000001d00000003
00000c280000000000000000
00000c0c0000000000000000
00000c1000000017000002b9
00000c1400000011002b9000
00000c180000000800000001
00000c1c0000000c00000000
00000c200000000e00000000
00000c240000001d00000002
00000c280000000000000000
00000c0c0000000000000000
00000c1000000017000002b9
00000c1400000011002b9000
00000c180000000800000001
00000c1c0000000c00000000
00000c200000000e00000000
00000c240000001d00000001
00000c280000000000000000
00000c0c0000000000000000
00000c1000000017000002b9
00000c1400000011002b9000
00000c180000000800000001
00000c1c0000000c00000000
00000c200000000e00000000
00000c240000001d00000000
00000c280000000000000000
00000c2c0000000600000000
00000c300000000000000000
00000c3400000005b1360000
00000c38000000087ce73000
00000c3c0000000500000001
00000c400000000500002000
00000c440000000000000000
00000c480000000300002af0
00000c4c00000012000007ff
00000c500000000000000000
00000c54000000168318d32a
00000c5800000008ffffffff
00000c5c0000000d000002b9
00000c600000000000000000
00000c680000001c00000005
00000c6c0000001a00000001
00000c700000001a00000008
00000c740000001b00000c74
00000c780000001b00000c7c
00000c7c0000000000000000
00000c88000000190000006a
00000c8c0000000000000000
00000c900000001c00000004
00000c940000000000000000
00000c6c0000001a00000000
00000c700000001a00000000
00000c740000001b00000c74
00000c780000001b00000c74
00000c7c0000000000000000
00000c80000000190000006b
00000c840000000000000000
00000c900000001c00000003
00000c940000000000000000
00000c6c0000001a00000001
00000c700000001a00000008
00000c740000001b00000c74
00000c780000001b00000c7c
00000c7c0000000000000000
00000c88000000190000006e
00000c8c0000000000000000
00000c900000001c00000002
00000c940000000000000000
00000c6c0000001a00000000
00000c700000001a00000000
00000c740000001b00000c74
00000c780000001b00000c74
00000c7c0000000000000000
00000c80000000190000006f
00000c840000000000000000
00000c900000001c00000001
00000c940000000000000000
00000c6c0000001a00000001
00000c700000001a00000008
00000c740000001b00000c74
00000c780000001b00000c7c
00000c7c0000000000000000
00000c880000001900000072
00000c8c0000000000000000
00000c900000001c00000000
00000c940000000000000000
00000c9800000013000ae400
00000c9c0000000000000000
00000ca00000000000000000
00000ca40000000700000000
00000ca80000001250420000
00000cac00000011000027ff
00000cb00000000000000000
00000cb40000001400000000
00000cb800000003015e0000
00000cbc0000001000000000
00000cc00000001400000000
00000cc40000000b00000b78
00000cc80000000600000000
00000ccc0000000a00000320
00000cd00000000100000cd4
00000cd800000003000aeaad
00000cdc0000000000000000
00000cd40000000000000000
00000ce00000000000000000
00000cf00000000000000000
00000d040000000000000000
00000d100000000100000d14
00000d180000000a00000d14
00000d1c0000000100000d20
00000d2c0000000b00000d20
00000d300000000100000d34
00000d400000000c00000d34
00000d440000000100000d48
00000d540000000d00000d48
00000d580000000100000d5c
00000d680000001600000000
00000d6c0000000000000000
00000d5c00000007ffffdec0
00000d600000000100000d48
00000d640000000000000000
00000d4800000014ffffffff
00000d4c0000000100000d34
00000d500000000000000000
00000d340000000600000000
00000d380000000100000d20
00000d3c0000000000000000
00000d200000001400000000
00000d240000000100000d14
00000d280000000000000000
00000d140000000000000000
00000d700000000000000000
00000d780000000f00000000
00000d7c0000000100000000
00000d800000000000000000
00000d840000000100000d88
00000d8c0000000a00000d88
00000d900000000100000d94
00000da00000000b00000d94
00000da40000000100000da8
00000db40000000c00000da8
00000db80000000100000dbc
00000dc80000000d00000dbc
00000dcc0000000100000dd0
00000ddc0000000e00000dd0
00000de00000000100000de4
00000df00000000f00000de4
00000df40000000100000df8
00000e040000001700000000
00000e080000000000000000
00000df80000000000000000
00000dfc0000000100000de4
00000e000000000000000000
00000de400000016ffffd940
00000de80000000100000dd0
00000dec0000000000000000
00000dd00000001500000001
00000dd40000000100000dbc
00000dd80000000000000000
00000dbc00000007000007ff
00000dc00000000100000da8
00000dc40000000000000000
00000da80000000631aa3da8
00000dac0000000100000d94
00000db00000000000000000
00000d9400000004000027ff
00000d980000000100000d88
00000d9c0000000000000000
00000d880000000000000000
00000e0c00000006000007ff
00000e100000000200002e7c
00000e140000000100000e18
00000e1c0000000a00000e18
00000e200000000100000e24
00000e300000000b00000e24
00000e340000000100000e38
00000e440000000c00000e38
00000e480000000100000e4c
00000e580000000d00000e4c
00000e5c0000000100000e60
00000e6c0000000e00000e60
00000e700000000100000e74
00000e800000000f00000e74
00000e840000000100000e88
00000e940000001000000e88
00000e980000000100000e9c
00000ea80000001100000e9c
00000eac0000000100000eb0
00000ebc0000001200000eb0
00000ec00000000100000ec4
00000ed00000001300000ec4
00000ed40000000100000ed8
00000ee40000000000000000
00000ee80000000000000000
00000ed80000000300000e7c
00000edc0000000100000ec4
00000ee00000000000000000
00000ec400000004fffffb4b
00000ec80000000100000eb0
00000ecc0000000000000000
00000eb00000000200000000
00000eb40000000100000e9c
00000eb80000000000000000
00000e9c0000000200000ec3
00000ea00000000100000e88
00000ea40000000000000000
00000e880000001600000001
00000e8c0000000100000e74
00000e900000000000000000
00000e740000001600000000
00000e780000000100000e60
00000e7c0000000000000000
00000e600000001700000000
00000e640000000100000e4c
00000e680000000000000000
00000e4c0000001600000000
00000e500000000100000e38
00000e540000000000000000
00000e38000000060000069c
00000e3c0000000100000e24
00000e400000000000000000
00000e2400000014fffff800
00000e280000000100000e18
00000e2c0000000000000000
00000e180000000000000000
00000eec0000000100000ef0
00000ef40000000a00000ef0
00000ef80000000100000efc
00000f080000000b00000efc
00000f0c0000000100000f10
00000f1c0000000c00000f10
00000f200000000100000f24
00000f300000000d00000f24
00000f340000000100000f38
00000f440000000e00000f38
00000f480000000100000f4c
00000f580000000f00000f4c
00000f5c0000000100000f60
00000f6c0000001000000f60
00000f700000000100000f74
00000f800000001100000f74
00000f840000000100000f88
00000f940000001200000f88
00000f980000000100000f9c
00000fa80000000400000000
00000fac0000000000000000
00000f9c0000001700000000
00000fa00000000100000f88
00000fa40000000000000000
00000f880000001400000000
00000f8c0000000100000f74
00000f900000000000000000
00000f740000001400000000
00000f780000000100000f60
00000f7c0000000000000000
00000f600000000400000000
00000f640000000100000f4c
00000f680000000000000000
00000f4c00000004000007ff
00000f500000000100000f38
00000f540000000000000000
00000f380000000000000000
00000f3c0000000100000f24
00000f400000000000000000
00000f240000000500000000
00000f280000000100000f10
00000f2c0000000000000000
00000f100000001700000000
00000f140000000100000efc
00000f180000000000000000
00000efc00000004800a2000
00000f000000000100000ef0
00000f040000000000000000
00000ef00000000000000000
00000fb00000001d00000002
00000fb40000000ec61f9fb4
00000fb8000000130000007a
00000fbc000000020000069c
00000fc00000000199f6b000
00000fc40000000000000000
00000fc80000001d00000001
00000fcc0000000000000000
00000fb40000000ec61f9fb4
00000fb8000000130000007a
00000fbc000000020000069c
00000fc00000000199f6b000
00000fc40000000000000000
00000fc80000001d00000000
00000fcc0000000000000000
00000fd0000000080000000e
00000fd40000000f00000f10
00000fd800000011ffffffff
00000fdc0000001500000001
00000fe00000000bfffff80e
00000fe400000009fffff114
00000fe80000001c00000004
00000fec0000001a00000000
00000ff00000001a00000000
00000ff40000001b00000ff4
00000ff80000001b00000ff4
00000ffc0000000000000000
000010000000001900000073
000010040000000000000000
000010100000001c00000003
000010140000000000000000
00000fec0000001a00000001
00000ff00000001a00000008
00000ff40000001b00000ff4
00000ff80000001b00000ffc
00000ffc0000000000000000
000010080000001900000076
0000100c0000000000000000
000010100000001c00000002
000010140000000000000000
00000fec0000001a00000000
00000ff00000001a00000000
00000ff40000001b00000ff4
00000ff80000001b00000ff4
00000ffc0000000000000000
000010000000001900000077
000010040000000000000000
000010100000001c00000001
000010140000000000000000
00000fec0000001a00000001
00000ff00000001a00000008
00000ff40000001b00000ff4
00000ff80000001b00000ffc
00000ffc0000000000000000
00001008000000190000007a
0000100c0000000000000000
000010100000001c00000000
000010140000000000000000
000010180000001d00000006
0000101c0000000900000000
000010200000001d00000005
000010240000000000000000
0000101c0000000900000000
000010200000001d00000004
000010240000000000000000
0000101c0000000900000000
000010200000001d00000003
000010240000000000000000
0000101c0000000900000000
000010200000001d00000002
000010240000000000000000
0000101c0000000900000000
000010200000001d00000001
000010240000000000000000
0000101c0000000900000000
000010200000001d00000000
000010240000000000000000
0000102800000016000027ff
0000102c0000001600000000
000010300000000dac000000
000010340000000900000000
000010380000000000000000
0000103c00000012000027ff
00001040000000160000065b
000010440000000b000027ff
000010480000001600000000
0000104c000000030000000e
000010500000001d00000005
000010540000001000000000
000010580000001000000000
0000105c0000000900000000
000010600000000500000000
000010640000001d00000004
000010680000000000000000
000010540000001000000000
000010580000001000000000
0000105c0000000900000000
000010600000000500000000
000010640000001d00000003
000010680000000000000000
000010540000001000000000
000010580000001000000000
0000105c0000000900000000
000010600000000500000000
000010640000001d00000002
000010680000000000000000
000010540000001000000000
000010580000001000000000
0000105c0000000900000000
000010600000000500000000
000010640000001d00000001
000010680000000000000000
000010540000001000000000
000010580000001000000000
0000105c0000000900000000
000010600000000500000000
000010640000001d00000000
000010680000000000000000
0000106c00000009694d4000
000010700000001d00000004
000010740000000000000000
0000107800000008f0000000
0000107c0000000c700a2000
000010800000001400000001
000010840000001d00000003
000010880000000000000000
000010740000000000000000
0000107800000008f0000000
0000107c0000000c700a2000
000010800000001400000001
000010840000001d00000002
000010880000000000000000
000010740000000000000000
0000107800000008f0000000
0000107c0000000c700a2000
000010800000001400000001
000010840000001d00000001
000010880000000000000000
000010740000000000000000
0000107800000008f0000000
0000107c0000000c700a2000
000010800000001400000001
000010840000001d00000000
000010880000000000000000
0000108c0000000000000000
000010900000000000000000
0000109400000013ffffffff
00001098000000010000109c
000010a00000000a0000109c
000010a400000001000010a8
000010b40000000b000010a8
000010b800000001000010bc
000010c80000000c000010bc
000010cc00000001000010d0
000010dc0000000d000010d0
000010e000000001000010e4
000010f000000007000016fc
000010f40000000000000000
000010e40000001400000001
000010e800000001000010d0
000010ec0000000000000000
000010d00000000400000001
000010d400000001000010bc
000010d80000000000000000
000010bc0000000000000000
000010c000000001000010a8
000010c40000000000000000
000010a80000000500000000
000010ac000000010000109c
000010b00000000000000000
0000109c0000000000000000
000010f80000000000000000
000010fc00000016000007ff
000011000000001c00000005
000011040000001a00000001
000011080000001a00000008
0000110c0000001b0000110c
000011100000001b00001114
000011140000000100001118
00001120000000190000007d
000011240000000000000000
000011280000001c00000004
0000112c0000000000000000
000011040000001a00000000
000011080000001a00000000
0000110c0000001b0000110c
000011100000001b0000110c
000011140000000100001118
00001118000000190000007e
0000111c0000000000000000
000011280000001c00000003
0000112c0000000000000000
000011040000001a00000001
000011080000001a00000008
0000110c0000001b0000110c
000011100000001b00001114
000011140000000100001118
000011200000001900000081
000011240000000000000000
000011280000001c00000002
0000112c0000000000000000
000011040000001a00000000
000011080000001a00000000
0000110c0000001b0000110c
000011100000001b0000110c
000011140000000100001118
000011180000001900000082
0000111c0000000000000000
000011280000001c00000001
0000112c0000000000000000
000011040000001a00000001
000011080000001a00000008
0000110c0000001b0000110c
000011100000001b00001114
000011140000000100001118
000011200000001900000085
000011240000000000000000
000011280000001c00000000
0000112c0000000000000000
000011300000001300000000
000011340000000f00000001
0000113800000005000027ff
0000113c0000001d00000004
000011400000000100000000
000011440000001d00000003
000011480000000000000000
000011400000000100000000
000011440000001d00000002
000011480000000000000000
000011400000000100000000
000011440000001d00000001
000011480000000000000000
000011400000000100000000
000011440000001d00000000
000011480000000000000000
0000114c0000001500000000
000011500000001d00000002
00001154000000079db16154
000011580000001d00000001
0000115c0000000000000000
00001154000000079db16154
000011580000001d00000000
0000115c0000000000000000
000011600000000000000000
000011640000001700000000
000011680000000500007c00
0000116c0000000800000000
000011700000001700000001
000011740000000000000000
000011780000000000000000
0000117c0000000afffffe00
0000118000000012000007ff
000011840000000000000000
0000118800000006fffff800
0000118c0000000c00000166
000011900000001c00000005
000011940000001a00000001
000011980000001a00000008
0000119c0000001b0000119c
000011a00000001b000011a4
000011a400000001000011a8
000011b00000001900000088
000011b40000000000000000
000011b80000001c00000004
000011bc0000000000000000
000011940000001a00000000
000011980000001a00000000
0000119c0000001b0000119c
000011a00000001b0000119c
000011a400000001000011a8
000011a80000001900000089
000011ac0000000000000000
000011b80000001c00000003
000011bc0000000000000000
000011940000001a00000001
000011980000001a00000008
0000119c0000001b0000119c
000011a00000001b000011a4
000011a400000001000011a8
000011b0000000190000008c
000011b40000000000000000
000011b80000001c00000002
000011bc0000000000000000
000011940000001a00000000
000011980000001a00000000
0000119c0000001b0000119c
000011a00000001b0000119c
000011a400000001000011a8
000011a8000000190000008d
000011ac0000000000000000
000011b80000001c00000001
000011bc0000000000000000
000011940000001a00000001
000011980000001a00000008
0000119c0000001b0000119c
000011a00000001b000011a4
000011a400000001000011a8
000011b00000001900000090
000011b40000000000000000
000011b80000001c00000000
000011bc0000000000000000
000011c00000000b00000000
000011c40000000000000000
000011c80000000280000000
000011cc0000001100000001
000011d00000000d000027f0
000011d4000000110000073a
000011d80000000b00000000
000011dc0000000900000000
000011e00000001c00000005
000011e40000001a00000001
000011e80000001a00000008
000011ec0000001b000011ec
000011f00000001b000011f4
000011f40000000000000000
000012000000001900000093
000012040000000000000000
000012080000001c00000004
0000120c0000000000000000
000011e40000001a00000000
000011e80000001a00000000
000011ec0000001b000011ec
000011f00000001b000011ec
000011f40000000000000000
000011f80000001900000094
000011fc0000000000000000
000012080000001c00000003
0000120c0000000000000000
000011e40000001a00000001
000011e80000001a00000008
000011ec0000001b000011ec
000011f00000001b000011f4
000011f40000000000000000
000012000000001900000097
000012040000000000000000
000012080000001c00000002
0000120c0000000000000000
000011e40000001a00000000
000011e80000001a00000000
000011ec0000001b000011ec
000011f00000001b000011ec
000011f40000000000000000
000011f80000001900000098
000011fc0000000000000000
000012080000001c00000001
0000120c0000000000000000
000011e40000001a00000001
000011e80000001a00000008
000011ec0000001b000011ec
000011f00000001b000011f4
000011f40000000000000000
00001200000000190000009b
000012040000000000000000
000012080000001c00000000
0000120c0000000000000000
000012100000000000000000
000012180000000900000000
0000121c0000000100001220
000012240000000a00001220
00001228000000010000122c
000012380000000b0000122c
0000123c0000000100001240
0000124c0000000c00001240
000012500000000100001254
000012600000001600000000
000012640000000000000000
000012540000001700002000
000012580000000100001240
0000125c0000000000000000
000012400000001500000000
00001244000000010000122c
000012480000000000000000
0000122c0000000410000000
000012300000000100001220
000012340000000000000000
000012200000000000000000
000012680000000000000000
000012780000001700000000
0000127c0000000d00000001
000012800000000000000000
000012840000000000000000
00001288000000010000128c
000012900000000a0000128c
000012940000000100001298
000012a40000000b00001298
000012a800000001000012ac
000012b80000000c000012ac
000012bc00000001000012c0
000012cc0000000d000012c0
000012d000000001000012d4
000012e00000000e000012d4
000012e400000001000012e8
000012f40000000f000012e8
000012f800000001000012fc
0000130800000010000012fc
0000130c0000000100001310
0000131c0000000700000001
000013200000000000000000
000013100000000300000000
0000131400000001000012fc
000013180000000000000000
000012fc0000001400000001
0000130000000001000012e8
000013040000000000000000
000012e80000001700000000
000012ec00000001000012d4
000012f00000000000000000
000012d40000000400000000
000012d800000001000012c0
000012dc0000000000000000
000012c00000000200002000
000012c400000001000012ac
000012c80000000000000000
000012ac0000001650cf8000
000012b00000000100001298
000012b40000000000000000
0000129800000004fffff800
0000129c000000010000128c
000012a00000000000000000
0000128c0000000000000000
000013240000000000000000
000013280000000000000000
0000132c0000001d00000005
000013300000001100000000
000013340000000a50cf8000
0000133800000007eaa0c000
0000133c0000001d00000004
000013400000000000000000
000013300000001100000000
000013340000000a50cf8000
0000133800000007eaa0c000
0000133c0000001d00000003
000013400000000000000000
000013300000001100000000
000013340000000a50cf8000
0000133800000007eaa0c000
0000133c0000001d00000002
000013400000000000000000
000013300000001100000000
000013340000000a50cf8000
0000133800000007eaa0c000
0000133c0000001d00000001
000013400000000000000000
000013300000001100000000
000013340000000a50cf8000
0000133800000007eaa0c000
0000133c0000001d00000000
000013400000000000000000
000013440000000000000000
0000134800000007000007ff
0000134c0000000200000000
000013500000001000000000
000013540000000600000000
00001358000000010000135c
000013600000000a0000135c
000013640000000100001368
000013740000000b00001368
00001378000000010000137c
000013880000000c0000137c
0000138c0000000100001390
0000139c0000000d00001390
000013a000000001000013a4
000013b00000000e000013a4
000013b400000001000013b8
000013c40000000f000013b8
000013c800000001000013cc
000013d800000010000013cc
000013dc00000001000013e0
000013ec00000011000013e0
000013f000000001000013f4
0000140000000012000013f4
000014040000000100001408
000014140000000700000000
000014180000000000000000
000014080000000700000001
0000140c00000001000013f4
000014100000000000000000
000013f40000000922247000
000013f800000001000013e0
000013fc0000000000000000
000013e0000000032dea6000
000013e400000001000013cc
000013e80000000000000000
000013cc0000000500000000
000013d000000001000013b8
000013d40000000000000000
000013b80000000360000000
000013bc00000001000013a4
000013c00000000000000000
000013a40000001600000000
000013a80000000100001390
000013ac0000000000000000
000013900000000600000000
00001394000000010000137c
000013980000000000000000
0000137c0000000600000001
000013800000000100001368
000013840000000000000000
000013680000000900000000
0000136c000000010000135c
000013700000000000000000
0000135c0000000000000000
0000141c00000004000013a4
000014200000000000000000
000014240000000000000000
0000142c00000005000017ff
000014300000001500000000
000014340000000000000000
000014380000000f000013f4
0000143c0000000000000000
00001440000000060000001c
000014440000001600000807
000014480000001060000000
0000144c000000020000000c
000014500000000800000000
000014540000001700000000
000014580000000305ce2000
0000145c0000001200000000
000014600000001600000001
000014640000000f00000000
000014680000000000000000
000014700000000100001474
000014780000000a00001474
0000147c0000000100001480
0000148c0000000b00001480
000014900000000100001494
000014a00000000c00001494
000014a400000001000014a8
000014b40000000d000014a8
000014b800000001000014bc
000014c80000000e000014bc
000014cc00000001000014d0
000014dc0000000f000014d0
000014e000000001000014e4
000014f000000010000014e4
000014f400000001000014f8
000015040000000700000000
000015080000000000000000
000014f80000000900000001
000014fc00000001000014e4
000015000000000000000000
000014e40000000400000000
000014e800000001000014d0
000014ec0000000000000000
000014d00000001600000000
000014d400000001000014bc
000014d80000000000000000
000014bc0000000800000000
000014c000000001000014a8
000014c40000000000000000
000014a80000001700295000
000014ac0000000100001494
000014b00000000000000000
000014940000000800295000
000014980000000100001480
0000149c0000000000000000
0000148000000003619ac480
000014840000000100001474
000014880000000000000000
000014740000000000000000
0000150c0000001000000000
000015100000000300000000
000015140000000000000000
000015180000000000000000
0000151c00000008000017ff
000015200000000b00000000
000015240000000400000000
00001528000000106b914000
0000152c00000007000014d0
000015300000000000000000
000015400000001500000000
000015440000000100001548
0000154c0000000a00001548
000015500000000100001554
000015600000000b00001554
000015640000000100001568
000015740000000c00001568
00001578000000010000157c
000015880000000d0000157c
0000158c0000000100001590
0000159c0000000e00001590
000015a000000001000015a4
000015b00000000900000000
000015b40000000000000000
000015a400000006ffffea83
000015a80000000100001590
000015ac0000000000000000
000015900000001700000000
00001594000000010000157c
000015980000000000000000
0000157c000000050000032f
000015800000000100001568
000015840000000000000000
000015680000000500001160
0000156c0000000100001554
000015700000000000000000
000015540000001600000000
000015580000000100001548
0000155c0000000000000000
000015480000000000000000
000015b8000000020000000c
000015bc0000000e0000000c
000015c0000000138f9ed000
000015c40000000000000000
000015c80000000600000001
000015cc00000005000013e8
000015d00000000400000000
000015d40000001100000001
000015d80000000000000000
000015dc000000050000001d
000015e00000000e0000086a
000015e40000000300000001
000015e80000000000000000
000015ec00000001000015f0
000015f40000000a000015f0
000015f800000001000015fc
000016080000000b000015fc
0000160c0000000100001610
0000161c0000000c00001610
000016200000000100001624
000016300000000d00001624
000016340000000100001638
000016440000000e00001638
00001648000000010000164c
000016580000001700000000
0000165c0000000000000000
0000164c000000030000000d
000016500000000100001638
000016540000000000000000
0000163800000016ffffe9c7
0000163c0000000100001624
000016400000000000000000
000016240000001500000000
000016280000000100001610
0000162c0000000000000000
000016100000000000000000
0000161400000001000015fc
000016180000000000000000
000015fc0000001600002000
0000160000000001000015f0
000016040000000000000000
000015f00000000000000000
000016600000001500000001
000016640000001d00000005
00001668000000020a8d6000
0000166c0000000000000000
000016700000001000000020
000016740000001100000000
000016780000000000000000
0000167c00000016000015f1
000016800000001d00000004
000016840000000000000000
00001668000000020a8d6000
0000166c0000000000000000
000016700000001000000020
000016740000001100000000
000016780000000000000000
0000167c00000016000015f1
000016800000001d00000003
000016840000000000000000
00001668000000020a8d6000
0000166c0000000000000000
000016700000001000000020
000016740000001100000000
000016780000000000000000
0000167c00000016000015f1
000016800000001d00000002
000016840000000000000000
00001668000000020a8d6000
0000166c0000000000000000
000016700000001000000020
000016740000001100000000
000016780000000000000000
0000167c00000016000015f1
000016800000001d00000001
000016840000000000000000
00001668000000020a8d6000
0000166c0000000000000000
000016700000001000000020
000016740000001100000000
000016780000000000000000
0000167c00000016000015f1
000016800000001d00000000
000016840000000000000000
000016880000000c00002200
0000168c0000000a0a8d6000
000016900000001c00000005
000016940000001a00000001
000016980000001a00000008
0000169c0000001b0000169c
000016a00000001b000016a4
000016a400000001000016a8
000016b0000000190000009e
000016b40000000000000000
000016b80000001c00000004
000016bc0000000000000000
000016940000001a00000000
000016980000001a00000000
0000169c0000001b0000169c
000016a00000001b0000169c
000016a400000001000016a8
000016a8000000190000009f
000016ac0000000000000000
000016b80000001c00000003
000016bc0000000000000000
000016940000001a00000001
000016980000001a00000008
0000169c0000001b0000169c
000016a00000001b000016a4
000016a400000001000016a8
000016b000000019000000a2
000016b40000000000000000
000016b80000001c00000002
000016bc0000000000000000
000016940000001a00000000
000016980000001a00000000
0000169c0000001b0000169c
000016a00000001b0000169c
000016a400000001000016a8
000016a800000019000000a3
000016ac0000000000000000
000016b80000001c00000001
000016bc0000000000000000
000016940000001a00000001
000016980000001a00000008
0000169c0000001b0000169c
000016a00000001b000016a4
000016a400000001000016a8
000016b000000019000000a6
000016b40000000000000000
000016b80000001c00000000
000016bc0000000000000000
000016c00000000c8f9ed00d
000016c40000000300000000
000016c80000001500000000
000016cc00000001000016d0
000016d40000000a000016d0
000016d800000001000016dc
000016e80000000200000000
000016ec0000000000000000
000016dc0000000200000000
000016e000000001000016d0
000016e40000000000000000
000016d00000000000000000
000016f00000000d0000157c
000016f400000001000016f8
000016fc0000000a000016f8
000017000000000100001704
0000171000000007000015f1
000017140000000000000000
000017040000000000000000
0000170800000001000016f8
0000170c0000000000000000
000016f80000000000000000
000017180000000700000000
0000171c0000000000000000
0000172000000003fffff800
000017240000000000000000
00001728000000110000034d
0000172c0000001700000000
000017300000000000000000
000017340000001c00000004
000017380000001a00000000
0000173c0000001a00000000
000017400000001b00001740
000017440000001b00001740
00001748000000010000174c
0000174c00000019000000a7
000017500000000000000000
0000175c0000001c00000003
000017600000000000000000
000017380000001a00000001
0000173c0000001a00000008
000017400000001b00001740
000017440000001b00001748
00001748000000010000174c
0000175400000019000000aa
000017580000000000000000
0000175c0000001c00000002
000017600000000000000000
000017380000001a00000000
0000173c0000001a00000000
000017400000001b00001740
000017440000001b00001740
00001748000000010000174c
0000174c00000019000000ab
000017500000000000000000
0000175c0000001c00000001
000017600000000000000000
000017380000001a00000001
0000173c0000001a00000008
000017400000001b00001740
000017440000001b00001748
00001748000000010000174c
0000175400000019000000ae
000017580000000000000000
0000175c0000001c00000000
000017600000000000000000
000017640000000b8f9ed000
00001768000000030000001b
0000176c0000000a00000020
000017700000001800000001
000017740000000000000000
000017780000000000000000
000000c80000000e00000001
000000cc0000000300000000
000000d0000000070000157c
000000d40000001c00000003
000000d80000001a00000001
000000dc0000001a00000008
000000e00000001b000000e0
000000e40000001b000000e8
000000e80000000000000000
000000f400000019000000b1
000000f80000000000000000
000000fc0000001c00000002
000001000000000000000000
000000d80000001a00000000
000000dc0000001a00000000
000000e00000001b000000e0
000000e40000001b000000e0
000000e80000000000000000
000000ec00000019000000b2
000000f00000000000000000
000000fc0000001c00000001
000001000000000000000000
000000d80000001a00000001
000000dc0000001a00000008
000000e00000001b000000e0
000000e40000001b000000e8
000000e80000000000000000
000000f400000019000000b5
000000f80000000000000000
000000fc0000001c00000000
000001000000000000000000
000001040000000000000000
000001080000001300000000
0000010c00000016fffffb4d
0000011000000007045df110
000001140000000000000000
000001240000001c00000003
000001280000001a00000001
0000012c0000001a00000008
000001300000001b00000130
000001340000001b00000138
000001380000000000000000
0000014400000019000000b8
000001480000000000000000
0000014c0000001c00000002
000001500000000000000000
000001280000001a00000000
0000012c0000001a00000000
000001300000001b00000130
000001340000001b00000130
000001380000000000000000
0000013c00000019000000b9
000001400000000000000000
0000014c0000001c00000001
000001500000000000000000
000001280000001a00000001
0000012c0000001a00000008
000001300000001b00000130
000001340000001b00000138
000001380000000000000000
0000014400000019000000bc
000001480000000000000000
0000014c0000001c00000000
000001500000000000000000
000001540000001d00000005
000001580000000f00002000
0000015c0000000900000000
000001600000000000000000
000001640000001d00000004
000001680000000000000000
000001580000000f00002000
0000015c0000000900000000
000001600000000000000000
000001640000001d00000003
000001680000000000000000
000001580000000f00002000
0000015c0000000900000000
000001600000000000000000
000001640000001d00000002
000001680000000000000000
000001580000000f00002000
0000015c0000000900000000
000001600000000000000000
000001640000001d00000001
000001680000000000000000
000001580000000f00002000
0000015c0000000900000000
000001600000000000000000
000001640000001d00000000
000001680000000000000000
0000016c0000000d00002000
000001700000000000000000
000001840000000500004000
000001880000000000000000
000001900000000900000000
000001940000000f00000000
000001980000000000000000
0000019c0000000200000000
000001a00000000c00000001
000001a4000000028f9ed000
000001a80000001d00000002
000001ac0000001700000000
000001b00000000f00002000
000001b40000001d00000001
000001b80000000000000000
000001ac0000001700000000
000001b00000000f00002000
000001b40000001d00000000
000001b80000000000000000
000001bc0000001700000000
000001c00000000d00000001
000001c40000000b91a461c4
000001c80000000b00000000
000001cc0000000000000000
000001dc00000001000001e0
000001e40000000a000001e0
000001e800000001000001ec
000001f80000000b000001ec
000001fc0000000100000200
0000020c0000000c00000200
000002100000000100000214
000002200000000d00000214
000002240000000100000228
000002340000001500000000
000002380000000000000000
000002280000001700000001
0000022c0000000100000214
000002300000000000000000
0000021400000017000009eb
000002180000000100000200
0000021c0000000000000000
0000020000000002000001e0
0000020400000001000001ec
000002080000000000000000
000001ec00000003dd3db000
000001f000000001000001e0
000001f40000000000000000
000001e00000000000000000
0000023c0000000000000000
0000024c0000000000000000
000002500000000a1acf5000
000002540000001c00000005
000002580000001a00000001
0000025c0000001a00000008
000002600000001b00000260
000002640000001b00000268
000002680000000000000000
0000027400000019000000bf
000002780000000000000000
0000027c0000001c00000004
000002800000000000000000
000002580000001a00000000
0000025c0000001a00000000
000002600000001b00000260
000002640000001b00000260
000002680000000000000000
0000026c00000019000000c0
000002700000000000000000
0000027c0000001c00000003
000002800000000000000000
000002580000001a00000001
0000025c0000001a00000008
000002600000001b00000260
000002640000001b00000268
000002680000000000000000
0000027400000019000000c3
000002780000000000000000
0000027c0000001c00000002
000002800000000000000000
000002580000001a00000000
0000025c0000001a00000000
000002600000001b00000260
000002640000001b00000260
000002680000000000000000
0000026c00000019000000c4
000002700000000000000000
0000027c0000001c00000001
000002800000000000000000
000002580000001a00000001
0000025c0000001a00000008
000002600000001b00000260
000002640000001b00000268
000002680000000000000000
0000027400000019000000c7
000002780000000000000000
0000027c0000001c00000000
000002800000000000000000
00000284000000110000157f
0000028800000013000009e8
0000028c0000001000000000
000002900000000b000017ff
000002940000001d00000002
000002980000000000000000
0000029c0000000000000000
000002a00000001d00000001
000002a40000000000000000
000002980000000000000000
0000029c0000000000000000
000002a00000001d00000000
000002a40000000000000000
000002a80000000200000000
000002ac0000000b00000000
000002b00000000500000000
000002b40000000000000000
000002b80000001500000001
000002bc00000001000002c0
000002c40000000a000002c0
000002c800000001000002cc
000002d80000000700000000
000002dc0000000000000000
000002cc00000008dbe4d000
000002d000000001000002c0
000002d40000000000000000
000002c00000000000000000
000002e00000001d00000004
000002e40000000000000000
000002e80000001d00000003
000002ec0000000000000000
000002e40000000000000000
000002e80000001d00000002
000002ec0000000000000000
000002e40000000000000000
000002e80000001d00000001
000002ec0000000000000000
000002e40000000000000000
000002e80000001d00000000
000002ec0000000000000000
000002f000000004fd3472f0
000002f40000000000000000
000002f80000000bfffffb4d
000002fc0000001700000001
000003000000000600000001
00000304000000070000157f
000003080000000000000000
000003180000000200000000
0000031c0000001d00000002
000003200000000000000000
000003240000001d00000001
000003280000000000000000
000003200000000000000000
000003240000001d00000000
000003280000000000000000
0000032c0000000000000000
000003340000000afffda680
000003380000001000000000
0000033c0000000a00000001
0000034000000001018e0000
000003440000001d00000006
0000034800000005984d7348
0000034c0000000b00000008
000003500000001d00000005
000003540000000000000000
0000034800000005984d7348
0000034c0000000b00000008
000003500000001d00000004
000003540000000000000000
0000034800000005984d7348
0000034c0000000b00000008
000003500000001d00000003
000003540000000000000000
0000034800000005984d7348
0000034c0000000b00000008
000003500000001d00000002
000003540000000000000000
0000034800000005984d7348
0000034c0000000b00000008
000003500000001d00000001
000003540000000000000000
0000034800000005984d7348
0000034c0000000b00000008
000003500000001d00000000
000003540000000000000000
000003580000000600000000
0000035c0000000f00000000
000003600000000000000000
000003640000000c00000000
000003680000001000000001
0000036c0000000f00000001
000003700000001000000000
0000037400000012fa68e5e0
000003780000001500000000
0000037c0000000000000000
0000038400000002ffffffff
00000388000000071acf5000
0000038c00000007000006a8
0000039000000017e7227000
0000039400000011000007ff
00000398000000030000000d
0000039c0000001400000a4c
000003a00000000000000000
000003ac0000000700000000
000003b000000001000003b4
000003b80000000a000003b4
000003bc00000001000003c0
000003cc0000000b000003c0
000003d000000001000003d4
000003e00000000c000003d4
000003e400000001000003e8
000003f40000000d000003e8
000003f800000001000003fc
000004080000000e000003fc
0000040c0000000100000410
0000041c0000000f00000410
000004200000000100000424
000004300000001000000424
000004340000000100000438
000004440000001100000438
00000448000000010000044c
00000458000000120000044c
0000045c0000000100000460
0000046c00000015fffffb4c
000004700000000000000000
000004600000000687897000
00000464000000010000044c
000004680000000000000000
0000044c00000007dbe4c800
000004500000000100000438
000004540000000000000000
000004380000000603400000
0000043c0000000100000424
000004400000000000000000
0000042400000003000003fd
000004280000000100000410
0000042c0000000000000000
000004100000001600000000
0000041400000001000003fc
000004180000000000000000
000003fc000000079ae303fc
0000040000000001000003e8
000004040000000000000000
000003e80000000700000000
000003ec00000001000003d4
000003f00000000000000000
000003d40000000000000000
000003d800000001000003c0
000003dc0000000000000000
000003c00000001400000000
000003c400000001000003b4
000003c80000000000000000
000003b40000000000000000
000004740000000000000000
000004800000001400000000
0000048400000005fffffc03
000004880000000000000000
0000048c0000001c00000005
000004900000001a00000001
000004940000001a00000008
000004980000001b00000498
0000049c0000001b000004a0
000004a00000000000000000
000004ac00000019000000ca
000004b00000000000000000
000004b40000001c00000004
000004b80000000000000000
000004900000001a00000000
000004940000001a00000000
000004980000001b00000498
0000049c0000001b00000498
000004a00000000000000000
000004a400000019000000cb
000004a80000000000000000
000004b40000001c00000003
000004b80000000000000000
000004900000001a00000001
000004940000001a00000008
000004980000001b00000498
0000049c0000001b000004a0
000004a00000000000000000
000004ac00000019000000ce
000004b00000000000000000
000004b40000001c00000002
000004b80000000000000000
000004900000001a00000000
000004940000001a00000000
000004980000001b00000498
0000049c0000001b00000498
000004a00000000000000000
000004a400000019000000cf
000004a80000000000000000
000004b40000001c00000001
000004b80000000000000000
000004900000001a00000001
000004940000001a00000008
000004980000001b00000498
0000049c0000001b000004a0
000004a00000000000000000
000004ac00000019000000d2
000004b00000000000000000
000004b40000001c00000000
000004b80000000000000000
000004bc0000000300000080
000004c000000014003c0000
000004c40000001600000000
000004c80000001c00000003
000004cc0000001a00000001
000004d00000001a00000008
000004d40000001b000004d4
000004d80000001b000004dc
000004dc00000001000004e0
000004e800000019000000d5
000004ec0000000000000000
000004f00000001c00000002
000004f40000000000000000
000004cc0000001a00000000
000004d00000001a00000000
000004d40000001b000004d4
000004d80000001b000004d4
000004dc00000001000004e0
000004e000000019000000d6
000004e40000000000000000
000004f00000001c00000001
000004f40000000000000000
000004cc0000001a00000001
000004d00000001a00000008
000004d40000001b000004d4
000004d80000001b000004dc
000004dc00000001000004e0
000004e800000019000000d9
000004ec0000000000000000
000004f00000001c00000000
000004f40000000000000000
000004f80000000f00000000
000004fc0000000000000000
0000050c0000001d00000005
000005100000000c00000000
000005140000000700000000
000005180000000400000008
0000051c0000000100000001
0000052000000008034007ff
000005240000001d00000004
000005280000000000000000
000005100000000c00000000
000005140000000700000000
000005180000000400000008
0000051c0000000100000001
0000052000000008034007ff
000005240000001d00000003
000005280000000000000000
000005100000000c00000000
000005140000000700000000
000005180000000400000008
0000051c0000000100000001
0000052000000008034007ff
000005240000001d00000002
000005280000000000000000
000005100000000c00000000
000005140000000700000000
000005180000000400000008
0000051c0000000100000001
0000052000000008034007ff
000005240000001d00000001
000005280000000000000000
000005100000000c00000000
000005140000000700000000
000005180000000400000008
0000051c0000000100000001
0000052000000008034007ff
000005240000001d00000000
000005280000000000000000
0000052c0000000100000067
000005300000000d000009e7
0000053400000007000009e8
000005380000001d00000002
0000053c0000000400000000
000005400000000400000000
000005440000000800000000
000005480000001d00000001
0000054c0000000000000000
0000053c0000000400000000
000005400000000400000000
000005440000000800000000
000005480000001d00000000
0000054c0000000000000000
000005500000000f00000080
000005540000000000000000
000005580000000000000000
0000055c0000000000000000
000005600000000400000001
000005640000001300000080
000005680000001d00000004
0000056c0000000200000000
000005700000001711573570
000005740000000e00000000
000005780000000200000000
0000057c0000000000000000
000005800000000400000000
000005840000001d00000003
000005880000000000000000
0000056c0000000200000000
000005700000001711573570
000005740000000e00000000
000005780000000200000000
0000057c0000000000000000
000005800000000400000000
000005840000001d00000002
000005880000000000000000
0000056c0000000200000000
000005700000001711573570
000005740000000e00000000
000005780000000200000000
0000057c0000000000000000
000005800000000400000000
000005840000001d00000001
000005880000000000000000
0000056c0000000200000000
000005700000001711573570
000005740000000e00000000
000005780000000200000000
0000057c0000000000000000
000005800000000400000000
000005840000001d00000000
000005880000000000000000
0000058c0000001d00000004
0000059000000008fcfc0000
00000594000000030009e800
000005980000000d000007ff
0000059c0000001500000000
000005a000000004ffffffff
000005a40000000300000438
000005a80000001d00000003
000005ac0000000000000000
0000059000000008fcfc0000
00000594000000030009e800
000005980000000dfffff800
0000059c0000001500000000
000005a000000004ffffffff
000005a40000000300000438
000005a80000001d00000002
000005ac0000000000000000
0000059000000008fcfc0000
00000594000000030009e800
000005980000000dfffff800
0000059c0000001500000000
000005a000000004ffffffff
000005a40000000300000438
000005a80000001d00000001
000005ac0000000000000000
0000059000000008fcfc0000
00000594000000030009e800
000005980000000dfffff800
0000059c0000001500000000
000005a000000004ffffffff
000005a40000000300000438
000005a80000001d00000000
000005ac0000000000000000
000005b00000001d00000005
000005b40000000cfffff617
000005b80000000e000003a7
000005bc00000001fffffcdc
000005c00000001d00000004
000005c40000000000000000
000005b40000000cfffff617
000005b80000000effffff1c
000005bc00000001fffffcdc
000005c00000001d00000003
000005c40000000000000000
000005b40000000cfffff617
000005b80000000effffff1c
000005bc00000001fffffcdc
000005c00000001d00000002
000005c40000000000000000
000005b40000000cfffff617
000005b80000000effffff1c
000005bc00000001fffffcdc
000005c00000001d00000001
000005c40000000000000000
000005b40000000cfffff617
000005b80000000effffff1c
000005bc00000001fffffcdc
000005c00000001d00000000
000005c40000000000000000
000005c800000001000004dc
000005cc00000007000000c8
000005d00000000000000000
000005dc0000001c00000004
000005e00000001a00000000
000005e40000001a00000000
000005e80000001b000005e8
000005ec0000001b000005e8
000005f00000000000000000
000005f400000019000000da
000005f80000000000000000
000006040000001c00000003
000006080000000000000000
000005e00000001a00000001
000005e40000001a00000008
000005e80000001b000005e8
000005ec0000001b000005f0
000005f00000000000000000
000005fc00000019000000dd
000006000000000000000000
000006040000001c00000002
000006080000000000000000
000005e00000001a00000000
000005e40000001a00000000
000005e80000001b000005e8
000005ec0000001b000005e8
000005f00000000000000000
000005f400000019000000de
000005f80000000000000000
000006040000001c00000001
000006080000000000000000
000005e00000001a00000001
000005e40000001a00000008
000005e80000001b000005e8
000005ec0000001b000005f0
000005f00000000000000000
000005fc00000019000000e1
000006000000000000000000
000006040000001c00000000
000006080000000000000000
0000060c0000001500000001
000006100000001c00000005
000006140000001a00000001
000006180000001a00000008
0000061c0000001b0000061c
000006200000001b00000624
000006240000000000000000
0000063000000019000000e4
000006340000000000000000
000006380000001c00000004
0000063c0000000000000000
000006140000001a00000000
000006180000001a00000000
0000061c0000001b0000061c
000006200000001b0000061c
000006240000000000000000
0000062800000019000000e5
0000062c0000000000000000
000006380000001c00000003
0000063c0000000000000000
000006140000001a00000001
000006180000001a00000008
0000061c0000001b0000061c
000006200000001b00000624
000006240000000000000000
0000063000000019000000e8
000006340000000000000000
000006380000001c00000002
0000063c0000000000000000
000006140000001a00000000
000006180000001a00000000
0000061c0000001b0000061c
000006200000001b0000061c
000006240000000000000000
0000062800000019000000e9
0000062c0000000000000000
000006380000001c00000001
0000063c0000000000000000
000006140000001a00000001
000006180000001a00000008
0000061c0000001b0000061c
000006200000001b00000624
000006240000000000000000
0000063000000019000000ec
000006340000000000000000
000006380000001c00000000
0000063c0000000000000000
000006400000001400000000
000006440000000f00000000
00000648000000010000064c
000006500000000a0000064c
000006540000000100000658
000006640000000b00000658
00000668000000010000066c
000006780000000c0000066c
0000067c0000000100000680
0000068c0000000d00000680
000006900000000100000694
000006a00000000e00000694
000006a400000001000006a8
000006b40000000f000006a8
000006b800000001000006bc
000006c80000000000000000
000006cc0000000000000000
000006bc0000000000000000
000006c000000001000006a8
000006c40000000000000000
000006a80000000300000000
000006ac0000000100000694
000006b00000000000000000
000006940000000300000001
000006980000000100000680
0000069c0000000000000000
000006800000000000000000
00000684000000010000066c
000006880000000000000000
0000066c000000095579c000
000006700000000100000658
000006740000000000000000
000006580000000700000000
0000065c000000010000064c
000006600000000000000000
0000064c0000000000000000
000006d00000000100000001
000006d40000000000000000
000006d80000000500000000
000006dc0000000600000001
000006e00000001200000000
000006e40000000000000000
000006e8000000101f901000
000006ec00000001000006f0
000006f40000000a000006f0
000006f800000001000006fc
000007080000000b000006fc
0000070c0000000100000710
0000071c0000000c00000710
000007200000000100000724
000007300000000d00000724
000007340000000100000738
000007440000000800002208
000007480000000000000000
000007380000000000000000
0000073c0000000100000724
000007400000000000000000
000007240000000200000000
000007280000000100000710
0000072c0000000000000000
000007100000000800000710
0000071400000001000006fc
000007180000000000000000
000006fc00000007fffff800
0000070000000001000006f0
000007040000000000000000
000006f00000000000000000
0000074c0000001700000000
000007500000000500002924
000007540000000000000000
000007580000000000000000
000007680000000900000000
0000076c0000000f00000725
000007700000000d000007b4
000007740000000a00000001
000007780000000d73064000
0000077c0000000100000780
000007840000000a00000780
00000788000000010000078c
000007980000000400000000
0000079c0000000000000000
0000078c0000000000000000
000007900000000100000780
000007940000000000000000
000007800000000000000000
000007a00000000c00000000
000007a40000000c00000000
000007a80000001500000001
000007ac0000000200000008
000007b00000000f00000c17
000007b40000001d00000004
000007b80000001700000000
000007bc0000000a00000001
000007c00000001300000000
000007c400000002fffff821
000007c80000000f00000c17
000007cc0000001400000000
000007d00000001d00000003
000007d40000000000000000
000007b80000001700000000
000007bc0000000a00000001
000007c00000001300000000
000007c400000002fffff821
000007c80000000f00000c17
000007cc0000001400000000
000007d00000001d00000002
000007d40000000000000000
000007b80000001700000000
000007bc0000000a00000001
000007c00000001300000000
000007c400000002fffff821
000007c80000000f00000c17
000007cc0000001400000000
000007d00000001d00000001
000007d40000000000000000
000007b80000001700000000
000007bc0000000a00000001
000007c00000001300000000
000007c400000002fffff821
000007c80000000f00000c17
000007cc0000001400000000
000007d00000001d00000000
000007d40000000000000000
000007d800000017fffff800
000007dc0000001c00000004
000007e00000001a00000000
000007e40000001a00000000
000007e80000001b000007e8
000007ec0000001b000007e8
000007f00000000000000000
000007f400000019000000ed
000007f80000000000000000
000008040000001c00000003
000008080000000000000000
000007e00000001a00000001
000007e40000001a00000008
000007e80000001b000007e8
000007ec0000001b000007f0
000007f00000000000000000
000007fc00000019000000f0
000008000000000000000000
000008040000001c00000002
000008080000000000000000
000007e00000001a00000000
000007e40000001a00000000
000007e80000001b000007e8
000007ec0000001b000007e8
000007f00000000000000000
000007f400000019000000f1
000007f80000000000000000
000008040000001c00000001
000008080000000000000000
000007e00000001a00000001
000007e40000001a00000008
000007e80000001b000007e8
000007ec0000001b000007f0
000007f00000000000000000
000007fc00000019000000f4
000008000000000000000000
000008040000001c00000000
000008080000000000000000
0000080c0000000480ee2000
000008100000000300000001
000008140000001d00000006
000008180000000000000000
0000081c0000001600000001
000008200000000600000001
000008240000000b00000000
000008280000001d00000005
0000082c0000000000000000
000008180000000000000000
0000081c0000001600000001
000008200000000600000001
000008240000000b00000000
000008280000001d00000004
0000082c0000000000000000
000008180000000000000000
0000081c0000001600000001
000008200000000600000001
000008240000000b00000000
000008280000001d00000003
0000082c0000000000000000
000008180000000000000000
0000081c0000001600000001
000008200000000600000001
000008240000000b00000000
000008280000001d00000002
0000082c0000000000000000
000008180000000000000000
0000081c0000001600000001
000008200000000600000001
000008240000000b00000000
000008280000001d00000001
0000082c0000000000000000
000008180000000000000000
0000081c0000001600000001
000008200000000600000001
000008240000000b00000000
000008280000001d00000000
0000082c0000000000000000
000008300000000000000000
000008340000000a56b57000
000008380000001300000000
0000083c00000001fffff96a
000008400000000deaf50000
000008440000000b00000000
000008480000000000000000
0000084c0000000334bbb84c
000008500000001d00000002
000008540000001500000000
000008580000000900000000
0000085c0000000e00000000
000008600000000956b57000
000008640000001d00000001
000008680000000000000000
000008540000001500000000
000008580000000900000000
0000085c0000000e00000000
000008600000000956b57000
000008640000001d00000000
000008680000000000000000
0000086c00000010ffffd94e
000008700000000900000000
000008740000000a00000005
000008780000000400000c9e
0000087c0000000300000000
000008800000001600000004
000008840000000600000000
000008880000000280000000
0000088c0000000b440ad000
000008900000001400000005
000008940000000000000000
000008980000001500000000
0000089c0000001600000000
000008a00000001d00000002
000008a400000004bbf53000
000008a80000000b00000000
000008ac0000001300000000
000008b00000000500000001
000008b40000001d00000001
000008b80000000000000000
000008a40000000400000000
000008a80000000b00000000
000008ac0000001300000000
000008b00000000500000001
000008b40000001d00000000
000008b80000000000000000
000008bc0000000000000000
000008c80000000600000000
000008cc000000155966e8cc
000008d000000005000000f4
000008d40000001600000001
000008d800000004ffffff10
000008dc0000000000000000
000008e00000000a1a23d000
000008e40000000400002000
000008e80000000000000000
000008ec0000000700000001
000008f00000000300000000
000008f40000000300000005
000008f80000000000000000
000008fc0000000a00000001
000009000000001100000000
000009040000000800000000
000009080000000000000000
0000090c0000000e09e59000
000009100000001c00000003
000009140000001a00000001
000009180000001a00000008
0000091c0000001b0000091c
000009200000001b00000924
000009240000000100000928
0000093000000019000000f7
000009340000000000000000
000009380000001c00000002
0000093c0000000000000000
000009140000001a00000000
000009180000001a00000000
0000091c0000001b0000091c
000009200000001b0000091c
000009240000000100000928
0000092800000019000000f8
0000092c0000000000000000
000009380000001c00000001
0000093c0000000000000000
000009140000001a00000001
000009180000001a00000008
0000091c0000001b0000091c
000009200000001b00000924
000009240000000100000928
0000093000000019000000fb
000009340000000000000000
000009380000001c00000000
0000093c0000000000000000
0000094000000006b1ff4000
0000094400000002000007ff
000009480000001c00000004
0000094c0000001a00000000
000009500000001a00000000
000009540000001b00000954
000009580000001b00000954
0000095c0000000000000000
0000096000000019000000fc
000009640000000000000000
000009700000001c00000003
000009740000000000000000
0000094c0000001a00000001
000009500000001a00000008
000009540000001b00000954
000009580000001b0000095c
0000095c0000000000000000
0000096800000019000000ff
0000096c0000000000000000
000009700000001c00000002
000009740000000000000000
0000094c0000001a00000000
000009500000001a00000000
000009540000001b00000954
000009580000001b00000954
0000095c0000000000000000
000009600000001900000100
000009640000000000000000
000009700000001c00000001
000009740000000000000000
0000094c0000001a00000001
000009500000001a00000008
000009540000001b00000954
000009580000001b0000095c
0000095c0000000000000000
000009680000001900000103
0000096c0000000000000000
000009700000001c00000000
000009740000000000000000
000009780000000000000000
0000097c0000001600000000
000009800000000509e5995c
000009840000000b00000000
000009880000000000000000
0000098c0000001600000000
000009900000000800000c12
000009940000001c00000005
000009980000001a00000001
0000099c0000001a00000008
000009a00000001b000009a0
000009a40000001b000009a8
000009a80000000000000000
000009b40000001900000106
000009b80000000000000000
000009bc0000001c00000004
000009c00000000000000000
000009980000001a00000000
0000099c0000001a00000000
000009a00000001b000009a0
000009a40000001b000009a0
000009a80000000000000000
000009ac0000001900000107
000009b00000000000000000
000009bc0000001c00000003
000009c00000000000000000
000009980000001a00000001
0000099c0000001a00000008
000009a00000001b000009a0
000009a40000001b000009a8
000009a80000000000000000
000009b4000000190000010a
000009b80000000000000000
000009bc0000001c00000002
000009c00000000000000000
000009980000001a00000000
0000099c0000001a00000000
000009a00000001b000009a0
000009a40000001b000009a0
000009a80000000000000000
000009ac000000190000010b
000009b00000000000000000
000009bc0000001c00000001
000009c00000000000000000
000009980000001a00000001
0000099c0000001a00000008
000009a00000001b000009a0
000009a40000001b000009a8
000009a80000000000000000
000009b4000000190000010e
000009b80000000000000000
000009bc0000001c00000000
000009c00000000000000000
000009c40000000000000000
000009d80000000700000000
000009dc0000001600000c17
000009e00000000700000001
000009e40000001000000000
000009e8000000090000000a
000009ec0000001300000d46
000009f00000000000000000
00000a0400000003b1ff4000
00000a080000000100000a0c
00000a100000000a00000a0c
00000a140000000100000a18
00000a240000000b00000a18
00000a280000000100000a2c
00000a380000000c00000a2c
00000a3c0000000100000a40
00000a4c0000000d00000a40
00000a500000000100000a54
00000a600000000e00000a54
00000a640000000100000a68
00000a740000000f00000a68
00000a780000000100000a7c
00000a880000001000000a7c
00000a8c0000000100000a90
00000a9c0000001100000a90
00000aa00000000100000aa4
00000ab00000001200000aa4
00000ab40000000100000ab8
00000ac40000000500000000
00000ac80000000000000000
00000ab80000001400000000
00000abc0000000100000aa4
00000ac00000000000000000
00000aa40000000000000000
00000aa80000000100000a90
00000aac0000000000000000
00000a9000000006fffff800
00000a940000000100000a7c
00000a980000000000000000
00000a7c0000000000000000
00000a800000000100000a68
00000a840000000000000000
00000a6800000003c164ca68
00000a6c0000000100000a54
00000a700000000000000000
00000a540000000900000000
00000a580000000100000a40
00000a5c0000000000000000
00000a4000000014fffffb6a
00000a440000000100000a2c
00000a480000000000000000
00000a2c0000001400000000
00000a300000000100000a18
00000a340000000000000000
00000a180000001400000c11
00000a1c0000000100000a0c
00000a200000000000000000
00000a0c0000000000000000
00000acc00000005dd867000
00000ad00000000000000000
00000ad40000000000000000
00000ad80000000600000000
00000adc0000001c00000003
00000ae00000001a00000001
00000ae40000001a00000008
00000ae80000001b00000ae8
00000aec0000001b00000af0
00000af00000000100000af4
00000afc0000001900000111
00000b000000000000000000
00000b040000001c00000002
00000b080000000000000000
00000ae00000001a00000000
00000ae40000001a00000000
00000ae80000001b00000ae8
00000aec0000001b00000ae8
00000af00000000100000af4
00000af40000001900000112
00000af80000000000000000
00000b040000001c00000001
00000b080000000000000000
00000ae00000001a00000001
00000ae40000001a00000008
00000ae80000001b00000ae8
00000aec0000001b00000af0
00000af00000000100000af4
00000afc0000001900000115
00000b000000000000000000
00000b040000001c00000000
00000b080000000000000000
00000b0c0000001100000000
00000b10000000145966e8cc
00000b140000000900000000
00000b180000000100000b1c
00000b200000000a00000b1c
00000b240000000100000b28
00000b340000000b00000b28
00000b380000000100000b3c
00000b480000000c00000b3c
00000b4c0000000100000b50
00000b5c0000000d00000b50
00000b600000000100000b64
00000b700000000e00000b64
00000b740000000100000b78
00000b840000000f00000b78
00000b880000000100000b8c
00000b980000000000000000
00000b9c0000000000000000
00000b8c0000000300000000
00000b900000000100000b78
00000b940000000000000000
00000b780000000400000000
00000b7c0000000100000b64
00000b800000000000000000
00000b6400000003ffffffff
00000b680000000100000b50
00000b6c0000000000000000
00000b500000001700000000
00000b540000000100000b3c
00000b580000000000000000
00000b3c0000000000000000
00000b400000000100000b28
00000b440000000000000000
00000b280000000500000000
00000b2c0000000100000b1c
00000b300000000000000000
00000b1c0000000000000000
00000ba00000000000000000
00000bb00000000500000001
00000bb40000000d00000000
00000bb80000000e00000af1
00000bbc0000000000000000
00000bc00000000900000000
00000bc400000011a1f89000
00000bc80000000000000000
00000bcc0000001d00000004
00000bd00000000a00000000
00000bd40000001d00000003
00000bd80000000000000000
00000bd00000000a00000000
00000bd40000001d00000002
00000bd80000000000000000
00000bd00000000a00000000
00000bd40000001d00000001
00000bd80000000000000000
00000bd00000000a00000000
00000bd40000001d00000000
00000bd80000000000000000
00000bdc0000001200000000
00000be00000000b00000af0
00000be40000001400000000
00000be80000000000000000
00000bfc0000000700000c1f
00000c000000000300000001
00000c040000000300000000
00000c080000001d00000005
00000c0c0000000000000000
00000c100000001700000b02
00000c140000001100b02000
00000c180000000800000000
00000c1c0000000c00000000
00000c200000000e00000000
00000c240000001d00000004
00000c280000000000000000
00000c0c0000000000000000
00000c100000001700000b02
00000c140000001100b02000
00000c180000000800000001
00000c1c0000000c00000000
00000c200000000e00000000
00000c240000001d00000003
00000c280000000000000000
00000c0c0000000000000000
00000c100000001700000b02
00000c140000001100b02000
00000c180000000800000001
00000c1c0000000c00000000
00000c200000000e00000000
00000c240000001d00000002
00000c280000000000000000
00000c0c0000000000000000
00000c100000001700000b02
00000c140000001100b02000
00000c180000000800000001
00000c1c0000000c00000000
00000c200000000e00000000
00000c240000001d00000001
00000c280000000000000000
00000c0c0000000000000000
00000c100000001700000b02
00000c140000001100b02000
00000c180000000800000001
00000c1c0000000c00000000
00000c200000000e00000000
00000c240000001d00000000
00000c280000000000000000
00000c2c0000000600000000
00000c300000000000000000
00000c3400000005b1360000
00000c38000000087ce73000
00000c3c0000000500000001
00000c400000000500002000
00000c440000000000000000
00000c480000000300002af0
00000c4c00000012000007ff
00000c500000000000000000
00000c54000000168318dc1f
00000c5800000008ffffffff
00000c5c0000000d00000b02
00000c600000000000000000
00000c680000001c00000005
00000c6c0000001a00000001
00000c700000001a00000008
00000c740000001b00000c74
00000c780000001b00000c7c
00000c7c0000000000000000
00000c880000001900000118
00000c8c0000000000000000
00000c900000001c00000004
00000c940000000000000000
00000c6c0000001a00000000
00000c700000001a00000000
00000c740000001b00000c74
00000c780000001b00000c74
00000c7c0000000000000000
00000c800000001900000119
00000c840000000000000000
00000c900000001c00000003
00000c940000000000000000
00000c6c0000001a00000001
00000c700000001a00000008
00000c740000001b00000c74
00000c780000001b00000c7c
00000c7c0000000000000000
00000c88000000190000011c
00000c8c0000000000000000
00000c900000001c00000002
00000c940000000000000000
00000c6c0000001a00000000
00000c700000001a00000000
00000c740000001b00000c74
00000c780000001b00000c74
00000c7c0000000000000000
00000c80000000190000011d
00000c840000000000000000
00000c900000001c00000001
00000c940000000000000000
00000c6c0000001a00000001
00000c700000001a00000008
00000c740000001b00000c74
00000c780000001b00000c7c
00000c7c0000000000000000
00000c880000001900000120
00000c8c0000000000000000
00000c900000001c00000000
00000c940000000000000000
00000c980000001300000000
00000c9c0000000000000000
00000ca00000000000000000
00000ca40000000700000000
00000ca80000001250420000
00000cac00000011000027ff
00000cb00000000000000000
00000cb40000001400000000
00000cb800000003015e0000
00000cbc0000001000000000
00000cc00000001400000000
00000cc40000000b00000b78
00000cc80000000600000000
00000ccc0000000a00000c15
00000cd00000000100000cd4
00000cd800000003000006ad
00000cdc0000000000000000
00000cd40000000000000000
00000ce00000000000000000
00000cf00000000000000000
00000d040000000000000000
00000d100000000100000d14
00000d180000000a00000d14
00000d1c0000000100000d20
00000d2c0000000b00000d20
00000d300000000100000d34
00000d400000000c00000d34
00000d440000000100000d48
00000d540000000d00000d48
00000d580000000100000d5c
00000d680000001600000000
00000d6c0000000000000000
00000d5c00000007ffffdec0
00000d600000000100000d48
00000d640000000000000000
00000d4800000014ffffffff
00000d4c0000000100000d34
00000d500000000000000000
00000d340000000600000000
00000d380000000100000d20
00000d3c0000000000000000
00000d200000001400000000
00000d240000000100000d14
00000d280000000000000000
00000d140000000000000000
00000d700000000000000000
00000d780000000f00000000
00000d7c0000000100000000
00000d800000000000000000
00000d840000000100000d88
00000d8c0000000a00000d88
00000d900000000100000d94
00000da00000000b00000d94
00000da40000000100000da8
00000db40000000c00000da8
00000db80000000100000dbc
00000dc80000000d00000dbc
00000dcc0000000100000dd0
00000ddc0000000e00000dd0
00000de00000000100000de4
00000df00000000f00000de4
00000df40000000100000df8
00000e040000001700000000
00000e080000000000000000
00000df80000000000000000
00000dfc0000000100000de4
00000e000000000000000000
00000de400000016ffffd940
00000de80000000100000dd0
00000dec0000000000000000
00000dd00000001500000001
00000dd40000000100000dbc
00000dd80000000000000000
00000dbc00000007000007ff
00000dc00000000100000da8
00000dc40000000000000000
00000da80000000631aa3da8
00000dac0000000100000d94
00000db00000000000000000
00000d9400000004000027ff
00000d980000000100000d88
00000d9c0000000000000000
00000d880000000000000000
00000e0c00000006000007ff
00000e100000000200002e7c
00000e140000000100000e18
00000e1c0000000a00000e18
00000e200000000100000e24
00000e300000000b00000e24
00000e340000000100000e38
00000e440000000c00000e38
00000e480000000100000e4c
00000e580000000d00000e4c
00000e5c0000000100000e60
00000e6c0000000e00000e60
00000e700000000100000e74
00000e800000000f00000e74
00000e840000000100000e88
00000e940000001000000e88
00000e980000000100000e9c
00000ea80000001100000e9c
00000eac0000000100000eb0
00000ebc0000001200000eb0
00000ec00000000100000ec4
00000ed00000001300000ec4
00000ed40000000100000ed8
00000ee40000000000000000
00000ee80000000000000000
00000ed80000000300000e7c
00000edc0000000100000ec4
00000ee00000000000000000
00000ec400000004fffffb4b
00000ec80000000100000eb0
00000ecc0000000000000000
00000eb00000000200000000
00000eb40000000100000e9c
00000eb80000000000000000
00000e9c0000000200000ec3
00000ea00000000100000e88
00000ea40000000000000000
00000e880000001600000001
00000e8c0000000100000e74
00000e900000000000000000
00000e740000001600000000
00000e780000000100000e60
00000e7c0000000000000000
00000e600000001700000000
00000e640000000100000e4c
00000e680000000000000000
00000e4c0000001600000000
00000e500000000100000e38
00000e540000000000000000
00000e38000000060000069c
00000e3c0000000100000e24
00000e400000000000000000
00000e2400000014fffff800
00000e280000000100000e18
00000e2c0000000000000000
00000e180000000000000000
00000eec0000000100000ef0
00000ef40000000a00000ef0
00000ef80000000100000efc
00000f080000000b00000efc
00000f0c0000000100000f10
00000f1c0000000c00000f10
00000f200000000100000f24
00000f300000000d00000f24
00000f340000000100000f38
00000f440000000e00000f38
00000f480000000100000f4c
00000f580000000f00000f4c
00000f5c0000000100000f60
00000f6c0000001000000f60
00000f700000000100000f74
00000f800000001100000f74
00000f840000000100000f88
00000f940000001200000f88
00000f980000000100000f9c
00000fa80000000400000000
00000fac0000000000000000
00000f9c0000001700000000
00000fa00000000100000f88
00000fa40000000000000000
00000f880000001400000000
00000f8c0000000100000f74
00000f900000000000000000
00000f740000001400000000
00000f780000000100000f60
00000f7c0000000000000000
00000f600000000400000000
00000f640000000100000f4c
00000f680000000000000000
00000f4c00000004000007ff
00000f500000000100000f38
00000f540000000000000000
00000f380000000000000000
00000f3c0000000100000f24
00000f400000000000000000
00000f240000000500000000
00000f280000000100000f10
00000f2c0000000000000000
00000f100000001700000000
00000f140000000100000efc
00000f180000000000000000
00000efc00000004800a2000
00000f000000000100000ef0
00000f040000000000000000
00000ef00000000000000000
00000fb00000001d00000002
00000fb40000000ec61f9fb4
00000fb80000001300000128
00000fbc000000020000069c
00000fc00000000199f6b000
00000fc40000000000000000
00000fc80000001d00000001
00000fcc0000000000000000
00000fb40000000ec61f9fb4
00000fb80000001300000128
00000fbc000000020000069c
00000fc00000000199f6b000
00000fc40000000000000000
00000fc80000001d00000000
00000fcc0000000000000000
00000fd0000000080000000e
00000fd40000000f00000f10
00000fd800000011ffffffff
00000fdc0000001500000001
00000fe00000000bfffff80e
00000fe400000009fffff114
00000fe80000001c00000004
00000fec0000001a00000000
00000ff00000001a00000000
00000ff40000001b00000ff4
00000ff80000001b00000ff4
00000ffc0000000000000000
000010000000001900000121
000010040000000000000000
000010100000001c00000003
000010140000000000000000
00000fec0000001a00000001
00000ff00000001a00000008
00000ff40000001b00000ff4
00000ff80000001b00000ffc
00000ffc0000000000000000
000010080000001900000124
0000100c0000000000000000
000010100000001c00000002
000010140000000000000000
00000fec0000001a00000000
00000ff00000001a00000000
00000ff40000001b00000ff4
00000ff80000001b00000ff4
00000ffc0000000000000000
000010000000001900000125
000010040000000000000000
000010100000001c00000001
000010140000000000000000
00000fec0000001a00000001
00000ff00000001a00000008
00000ff40000001b00000ff4
00000ff80000001b00000ffc
00000ffc0000000000000000
000010080000001900000128
0000100c0000000000000000
000010100000001c00000000
000010140000000000000000
000010180000001d00000006
0000101c0000000900000000
000010200000001d00000005
000010240000000000000000
0000101c0000000900000000
000010200000001d00000004
000010240000000000000000
0000101c0000000900000000
000010200000001d00000003
000010240000000000000000
0000101c0000000900000000
000010200000001d00000002
000010240000000000000000
0000101c0000000900000000
000010200000001d00000001
000010240000000000000000
0000101c0000000900000000
000010200000001d00000000
000010240000000000000000
0000102800000016000027ff
0000102c0000001600000000
000010300000000dac000000
000010340000000900000000
000010380000000000000000
0000103c00000012000027ff
000010400000001600000f4f
000010440000000b000027ff
000010480000001600000000
0000104c000000030000000e
000010500000001d00000005
000010540000001000000000
000010580000001000000000
0000105c0000000900000000
000010600000000500000000
000010640000001d00000004
000010680000000000000000
000010540000001000000000
000010580000001000000000
0000105c0000000900000000
000010600000000500000000
000010640000001d00000003
000010680000000000000000
000010540000001000000000
000010580000001000000000
0000105c0000000900000000
000010600000000500000000
000010640000001d00000002
000010680000000000000000
000010540000001000000000
000010580000001000000000
0000105c0000000900000000
000010600000000500000000
000010640000001d00000001
000010680000000000000000
000010540000001000000000
000010580000001000000000
0000105c0000000900000000
000010600000000500000000
000010640000001d00000000
000010680000000000000000
0000106c00000009694d4000
000010700000001d00000004
000010740000000000000000
0000107800000008f0000000
0000107c0000000c700a2000
000010800000001400000001
000010840000001d00000003
000010880000000000000000
000010740000000000000000
0000107800000008f0000000
0000107c0000000c700a2000
000010800000001400000001
000010840000001d00000002
000010880000000000000000
000010740000000000000000
0000107800000008f0000000
0000107c0000000c700a2000
000010800000001400000001
000010840000001d00000001
000010880000000000000000
000010740000000000000000
0000107800000008f0000000
0000107c0000000c700a2000
000010800000001400000001
000010840000001d00000000
000010880000000000000000
0000108c0000000000000000
000010900000000000000000
0000109400000013ffffffff
00001098000000010000109c
000010a00000000a0000109c
000010a400000001000010a8
000010b40000000b000010a8
000010b800000001000010bc
000010c80000000c000010bc
000010cc00000001000010d0
000010dc0000000d000010d0
000010e000000001000010e4
000010f000000007000016fc
000010f40000000000000000
000010e40000001400000001
000010e800000001000010d0
000010ec0000000000000000
000010d00000000400000001
000010d400000001000010bc
000010d80000000000000000
000010bc0000000000000000
000010c000000001000010a8
000010c40000000000000000
000010a80000000500000000
000010ac000000010000109c
000010b00000000000000000
0000109c0000000000000000
000010f80000000000000000
000010fc00000016000007ff
000011000000001c00000005
000011040000001a00000001
000011080000001a00000008
0000110c0000001b0000110c
000011100000001b00001114
000011140000000100001118
00001120000000190000012b
000011240000000000000000
000011280000001c00000004
0000112c0000000000000000
000011040000001a00000000
000011080000001a00000000
0000110c0000001b0000110c
000011100000001b0000110c
000011140000000100001118
00001118000000190000012c
0000111c0000000000000000
000011280000001c00000003
0000112c0000000000000000
000011040000001a00000001
000011080000001a00000008
0000110c0000001b0000110c
000011100000001b00001114
000011140000000100001118
00001120000000190000012f
000011240000000000000000
000011280000001c00000002
0000112c0000000000000000
000011040000001a00000000
000011080000001a00000000
0000110c0000001b0000110c
000011100000001b0000110c
000011140000000100001118
000011180000001900000130
0000111c0000000000000000
000011280000001c00000001
0000112c0000000000000000
000011040000001a00000001
000011080000001a00000008
0000110c0000001b0000110c
000011100000001b00001114
000011140000000100001118
000011200000001900000133
000011240000000000000000
000011280000001c00000000
0000112c0000000000000000
000011300000001300000000
000011340000000f00000001
0000113800000005000027ff
0000113c0000001d00000004
000011400000000100000000
000011440000001d00000003
000011480000000000000000
000011400000000100000000
000011440000001d00000002
000011480000000000000000
000011400000000100000000
000011440000001d00000001
000011480000000000000000
000011400000000100000000
000011440000001d00000000
000011480000000000000000
0000114c0000001500000000
000011500000001d00000002
00001154000000079db16154
000011580000001d00000001
0000115c0000000000000000
00001154000000079db16154
000011580000001d00000000
0000115c0000000000000000
000011600000000000000000
000011640000001700000000
000011680000000500007c00
0000116c0000000800000000
000011700000001700000001
000011740000000000000000
000011780000000000000000
0000117c0000000afffffe00
0000118000000012000007ff
000011840000000000000000
0000118800000006fffff800
0000118c0000000c00000166
000011900000001c00000005
000011940000001a00000001
000011980000001a00000008
0000119c0000001b0000119c
000011a00000001b000011a4
000011a400000001000011a8
000011b00000001900000136
000011b40000000000000000
000011b80000001c00000004
000011bc0000000000000000
000011940000001a00000000
000011980000001a00000000
0000119c0000001b0000119c
000011a00000001b0000119c
000011a400000001000011a8
000011a80000001900000137
000011ac0000000000000000
000011b80000001c00000003
000011bc0000000000000000
000011940000001a00000001
000011980000001a00000008
0000119c0000001b0000119c
000011a00000001b000011a4
000011a400000001000011a8
000011b0000000190000013a
000011b40000000000000000
000011b80000001c00000002
000011bc0000000000000000
000011940000001a00000000
000011980000001a00000000
0000119c0000001b0000119c
000011a00000001b0000119c
000011a400000001000011a8
000011a8000000190000013b
000011ac0000000000000000
000011b80000001c00000001
000011bc0000000000000000
000011940000001a00000001
000011980000001a00000008
0000119c0000001b0000119c
000011a00000001b000011a4
000011a400000001000011a8
000011b0000000190000013e
000011b40000000000000000
000011b80000001c00000000
000011bc0000000000000000
000011c00000000b00000000
000011c40000000000000000
000011c80000000280000000
000011cc0000001100000001
000011d00000000d000027f0
000011d4000000110000102e
000011d80000000b00000000
000011dc0000000900000000
000011e00000001c00000005
000011e40000001a00000001
000011e80000001a00000008
000011ec0000001b000011ec
000011f00000001b000011f4
000011f40000000000000000
000012000000001900000141
000012040000000000000000
000012080000001c00000004
0000120c0000000000000000
000011e40000001a00000000
000011e80000001a00000000
000011ec0000001b000011ec
000011f00000001b000011ec
000011f40000000000000000
000011f80000001900000142
000011fc0000000000000000
000012080000001c00000003
0000120c0000000000000000
000011e40000001a00000001
000011e80000001a00000008
000011ec0000001b000011ec
000011f00000001b000011f4
000011f40000000000000000
000012000000001900000145
000012040000000000000000
000012080000001c00000002
0000120c0000000000000000
000011e40000001a00000000
000011e80000001a00000000
000011ec0000001b000011ec
000011f00000001b000011ec
000011f40000000000000000
000011f80000001900000146
000011fc0000000000000000
000012080000001c00000001
0000120c0000000000000000
000011e40000001a00000001
000011e80000001a00000008
000011ec0000001b000011ec
000011f00000001b000011f4
000011f40000000000000000
000012000000001900000149
000012040000000000000000
000012080000001c00000000
0000120c0000000000000000
000012100000000000000000
000012180000000900000000
0000121c0000000100001220
000012240000000a00001220
00001228000000010000122c
000012380000000b0000122c
0000123c0000000100001240
0000124c0000000c00001240
000012500000000100001254
000012600000001600000000
000012640000000000000000
000012540000001700002000
000012580000000100001240
0000125c0000000000000000
000012400000001500000000
00001244000000010000122c
000012480000000000000000
0000122c0000000410000000
000012300000000100001220
000012340000000000000000
000012200000000000000000
000012680000000000000000
000012780000001700000000
0000127c0000000d00000001
000012800000000000000000
000012840000000000000000
00001288000000010000128c
000012900000000a0000128c
000012940000000100001298
000012a40000000b00001298
000012a800000001000012ac
000012b80000000c000012ac
000012bc00000001000012c0
000012cc0000000d000012c0
000012d000000001000012d4
000012e00000000e000012d4
000012e400000001000012e8
000012f40000000f000012e8
000012f800000001000012fc
0000130800000010000012fc
0000130c0000000100001310
0000131c0000000700000001
000013200000000000000000
000013100000000300000000
0000131400000001000012fc
000013180000000000000000
000012fc0000001400000001
0000130000000001000012e8
000013040000000000000000
000012e80000001700000000
000012ec00000001000012d4
000012f00000000000000000
000012d40000000400000000
000012d800000001000012c0
000012dc0000000000000000
000012c00000000200002000
000012c400000001000012ac
000012c80000000000000000
000012ac0000001650cf8000
000012b00000000100001298
000012b40000000000000000
0000129800000004fffff800
0000129c000000010000128c
000012a00000000000000000
0000128c0000000000000000
000013240000000000000000
000013280000000000000000
0000132c0000001d00000005
000013300000001100000000
000013340000000a50cf8000
0000133800000007eaa0c000
0000133c0000001d00000004
000013400000000000000000
000013300000001100000000
000013340000000a50cf8000
0000133800000007eaa0c000
0000133c0000001d00000003
000013400000000000000000
000013300000001100000000
000013340000000a50cf8000
0000133800000007eaa0c000
0000133c0000001d00000002
000013400000000000000000
000013300000001100000000
000013340000000a50cf8000
0000133800000007eaa0c000
0000133c0000001d00000001
000013400000000000000000
000013300000001100000000
000013340000000a50cf8000
0000133800000007eaa0c000
0000133c0000001d00000000
000013400000000000000000
000013440000000000000000
0000134800000007000007ff
0000134c0000000200000000
000013500000001000000000
000013540000000600000000
00001358000000010000135c
000013600000000a0000135c
000013640000000100001368
000013740000000b00001368
00001378000000010000137c
000013880000000c0000137c
0000138c0000000100001390
0000139c0000000d00001390
000013a000000001000013a4
000013b00000000e000013a4
000013b400000001000013b8
000013c40000000f000013b8
000013c800000001000013cc
000013d800000010000013cc
000013dc00000001000013e0
000013ec00000011000013e0
000013f000000001000013f4
0000140000000012000013f4
000014040000000100001408
000014140000000700000000
000014180000000000000000
000014080000000700000001
0000140c00000001000013f4
000014100000000000000000
000013f40000000922247000
000013f800000001000013e0
000013fc0000000000000000
000013e0000000032dea6000
000013e400000001000013cc
000013e80000000000000000
000013cc0000000500000000
000013d000000001000013b8
000013d40000000000000000
000013b80000000300279800
000013bc00000001000013a4
000013c00000000000000000
000013a40000001600000000
000013a80000000100001390
000013ac0000000000000000
000013900000000600000000
00001394000000010000137c
000013980000000000000000
0000137c0000000600000001
000013800000000100001368
000013840000000000000000
000013680000000900000000
0000136c000000010000135c
000013700000000000000000
0000135c0000000000000000
0000141c00000004000013a4
000014200000000000000000
000014240000000000000000
0000142c00000005000017ff
000014300000001500000000
000014340000000000000000
000014380000000f000013f4
0000143c0000000000000000
00001440000000060000001c
0000144400000016000010fb
000014480000001000279800
0000144c000000020000000c
000014500000000800000000
000014540000001700000000
000014580000000305ce2000
0000145c0000001200000000
000014600000001600000000
000014640000000f00000000
000014680000000000000000
000014700000000100001474
000014780000000a00001474
0000147c0000000100001480
0000148c0000000b00001480
000014900000000100001494
000014a00000000c00001494
000014a400000001000014a8
000014b40000000d000014a8
000014b800000001000014bc
000014c80000000e000014bc
000014cc00000001000014d0
000014dc0000000f000014d0
000014e000000001000014e4
000014f000000010000014e4
000014f400000001000014f8
000015040000000700000000
000015080000000000000000
000014f80000000900000001
000014fc00000001000014e4
000015000000000000000000
000014e40000000400000000
000014e800000001000014d0
000014ec0000000000000000
000014d00000001600000000
000014d400000001000014bc
000014d80000000000000000
000014bc0000000800000000
000014c000000001000014a8
000014c40000000000000000
000014a80000001700295000
000014ac0000000100001494
000014b00000000000000000
000014940000000800295000
000014980000000100001480
0000149c0000000000000000
0000148000000003619ac480
000014840000000100001474
000014880000000000000000
000014740000000000000000
0000150c0000001000000000
000015100000000300000000
000015140000000000000000
000015180000000000000000
0000151c00000008000017ff
000015200000000b00000000
000015240000000400000000
00001528000000106b914000
0000152c00000007000014d0
000015300000000000000000
000015400000001500000000
000015440000000100001548
0000154c0000000a00001548
000015500000000100001554
000015600000000b00001554
000015640000000100001568
000015740000000c00001568
00001578000000010000157c
000015880000000d0000157c
0000158c0000000100001590
0000159c0000000e00001590
000015a000000001000015a4
000015b00000000900000000
000015b40000000000000000
000015a400000006ffffea83
000015a80000000100001590
000015ac0000000000000000
000015900000001700000000
00001594000000010000157c
000015980000000000000000
0000157c000000050000032f
000015800000000100001568
000015840000000000000000
000015680000000500001160
0000156c0000000100001554
000015700000000000000000
000015540000001600000000
000015580000000100001548
0000155c0000000000000000
000015480000000000000000
000015b8000000020000000c
000015bc0000000e0000000c
000015c0000000138f9ed000
000015c40000000000000000
000015c80000000600000001
000015cc00000005000013e8
000015d00000000400000000
000015d40000001100000001
000015d80000000000000000
000015dc000000050000001d
000015e00000000e0000115e
000015e40000000300000001
000015e80000000000000000
000015ec00000001000015f0
000015f40000000a000015f0
000015f800000001000015fc
000016080000000b000015fc
0000160c0000000100001610
0000161c0000000c00001610
000016200000000100001624
000016300000000d00001624
000016340000000100001638
000016440000000e00001638
00001648000000010000164c
000016580000001700000000
0000165c0000000000000000
0000164c000000030000000d
000016500000000100001638
000016540000000000000000
0000163800000016ffffe9c7
0000163c0000000100001624
000016400000000000000000
000016240000001500000000
000016280000000100001610
0000162c0000000000000000
000016100000000000000000
0000161400000001000015fc
000016180000000000000000
000015fc0000001600002000
0000160000000001000015f0
000016040000000000000000
000015f00000000000000000
000016600000001500000001
000016640000001d00000005
00001668000000020a8d6000
0000166c0000000000000000
000016700000001000000020
000016740000001100000000
000016780000000000000000
0000167c00000016000015f1
000016800000001d00000004
000016840000000000000000
00001668000000020a8d6000
0000166c0000000000000000
000016700000001000000020
000016740000001100000000
000016780000000000000000
0000167c00000016000015f1
000016800000001d00000003
000016840000000000000000
00001668000000020a8d6000
0000166c0000000000000000
000016700000001000000020
000016740000001100000000
000016780000000000000000
0000167c00000016000015f1
000016800000001d00000002
000016840000000000000000
00001668000000020a8d6000
0000166c0000000000000000
000016700000001000000020
000016740000001100000000
000016780000000000000000
0000167c00000016000015f1
000016800000001d00000001
000016840000000000000000
00001668000000020a8d6000
0000166c0000000000000000
000016700000001000000020
000016740000001100000000
000016780000000000000000
0000167c00000016000015f1
000016800000001d00000000
000016840000000000000000
000016880000000c00002200
0000168c0000000a0a8d6000
000016900000001c00000005
000016940000001a00000001
000016980000001a00000008
0000169c0000001b0000169c
000016a00000001b000016a4
000016a400000001000016a8
000016b0000000190000014c
000016b40000000000000000
000016b80000001c00000004
000016bc0000000000000000
000016940000001a00000000
000016980000001a00000000
0000169c0000001b0000169c
000016a00000001b0000169c
000016a400000001000016a8
000016a8000000190000014d
000016ac0000000000000000
000016b80000001c00000003
000016bc0000000000000000
000016940000001a00000001
000016980000001a00000008
0000169c0000001b0000169c
000016a00000001b000016a4
000016a400000001000016a8
000016b00000001900000150
000016b40000000000000000
000016b80000001c00000002
000016bc0000000000000000
000016940000001a00000000
000016980000001a00000000
0000169c0000001b0000169c
000016a00000001b0000169c
000016a400000001000016a8
000016a80000001900000151
000016ac0000000000000000
000016b80000001c00000001
000016bc0000000000000000
000016940000001a00000001
000016980000001a00000008
0000169c0000001b0000169c
000016a00000001b000016a4
000016a400000001000016a8
000016b00000001900000154
000016b40000000000000000
000016b80000001c00000000
000016bc0000000000000000
000016c00000000c8f9ed00d
000016c40000000300000000
000016c80000001500000000
000016cc00000001000016d0
000016d40000000a000016d0
000016d800000001000016dc
000016e80000000200000000
000016ec0000000000000000
000016dc0000000200000000
000016e000000001000016d0
000016e40000000000000000
000016d00000000000000000
000016f00000000d0000157c
000016f400000001000016f8
000016fc0000000a000016f8
000017000000000100001704
0000171000000007000015f1
000017140000000000000000
000017040000000000000000
0000170800000001000016f8
0000170c0000000000000000
000016f80000000000000000
000017180000000700000000
0000171c0000000000000000
0000172000000003fffff800
000017240000000000000000
00001728000000110000034d
0000172c0000001700000000
000017300000000000000000
000017340000001c00000004
000017380000001a00000000
0000173c0000001a00000000
000017400000001b00001740
000017440000001b00001740
00001748000000010000174c
0000174c0000001900000155
000017500000000000000000
0000175c0000001c00000003
000017600000000000000000
000017380000001a00000001
0000173c0000001a00000008
000017400000001b00001740
000017440000001b00001748
00001748000000010000174c
000017540000001900000158
000017580000000000000000
0000175c0000001c00000002
000017600000000000000000
000017380000001a00000000
0000173c0000001a00000000
000017400000001b00001740
000017440000001b00001740
00001748000000010000174c
0000174c0000001900000159
000017500000000000000000
0000175c0000001c00000001
000017600000000000000000
000017380000001a00000001
0000173c0000001a00000008
000017400000001b00001740
000017440000001b00001748
00001748000000010000174c
00001754000000190000015c
000017580000000000000000
0000175c0000001c00000000
000017600000000000000000
000017640000000b8f9ed000
00001768000000030000001b
0000176c0000000a00000020
000017700000001800000000
000017740000000000000000
0000177c0000000000000000
